Timing Analyzer report for sistolicArray
Sat Jun 14 22:05:37 2025
Quartus Prime Version 22.1std.2 Build 922 07/20/2023 SC Lite Edition


---------------------
; Table of Contents ;
---------------------
  1. Legal Notice
  2. Timing Analyzer Summary
  3. Parallel Compilation
  4. SDC File List
  5. Clocks
  6. Slow 1100mV 85C Model Fmax Summary
  7. Timing Closure Recommendations
  8. Slow 1100mV 85C Model Setup Summary
  9. Slow 1100mV 85C Model Hold Summary
 10. Slow 1100mV 85C Model Recovery Summary
 11. Slow 1100mV 85C Model Removal Summary
 12. Slow 1100mV 85C Model Minimum Pulse Width Summary
 13. Slow 1100mV 85C Model Metastability Summary
 14. Slow 1100mV 0C Model Fmax Summary
 15. Slow 1100mV 0C Model Setup Summary
 16. Slow 1100mV 0C Model Hold Summary
 17. Slow 1100mV 0C Model Recovery Summary
 18. Slow 1100mV 0C Model Removal Summary
 19. Slow 1100mV 0C Model Minimum Pulse Width Summary
 20. Slow 1100mV 0C Model Metastability Summary
 21. Fast 1100mV 85C Model Setup Summary
 22. Fast 1100mV 85C Model Hold Summary
 23. Fast 1100mV 85C Model Recovery Summary
 24. Fast 1100mV 85C Model Removal Summary
 25. Fast 1100mV 85C Model Minimum Pulse Width Summary
 26. Fast 1100mV 85C Model Metastability Summary
 27. Fast 1100mV 0C Model Setup Summary
 28. Fast 1100mV 0C Model Hold Summary
 29. Fast 1100mV 0C Model Recovery Summary
 30. Fast 1100mV 0C Model Removal Summary
 31. Fast 1100mV 0C Model Minimum Pulse Width Summary
 32. Fast 1100mV 0C Model Metastability Summary
 33. Multicorner Timing Analysis Summary
 34. Board Trace Model Assignments
 35. Input Transition Times
 36. Signal Integrity Metrics (Slow 1100mv 0c Model)
 37. Signal Integrity Metrics (Slow 1100mv 85c Model)
 38. Signal Integrity Metrics (Fast 1100mv 0c Model)
 39. Signal Integrity Metrics (Fast 1100mv 85c Model)
 40. Setup Transfers
 41. Hold Transfers
 42. Recovery Transfers
 43. Removal Transfers
 44. Report TCCS
 45. Report RSKM
 46. Unconstrained Paths Summary
 47. Clock Status Summary
 48. Unconstrained Input Ports
 49. Unconstrained Output Ports
 50. Unconstrained Input Ports
 51. Unconstrained Output Ports
 52. Timing Analyzer Messages



----------------
; Legal Notice ;
----------------
Copyright (C) 2023  Intel Corporation. All rights reserved.
Your use of Intel Corporation's design tools, logic functions 
and other software and tools, and any partner logic 
functions, and any output files from any of the foregoing 
(including device programming or simulation files), and any 
associated documentation or information are expressly subject 
to the terms and conditions of the Intel Program License 
Subscription Agreement, the Intel Quartus Prime License Agreement,
the Intel FPGA IP License Agreement, or other applicable license
agreement, including, without limitation, that your use is for
the sole purpose of programming logic devices manufactured by
Intel and sold by Intel or its authorized distributors.  Please
refer to the applicable agreement for further details, at
https://fpgasoftware.intel.com/eula.



+--------------------------------------------------------------------------------+
; Timing Analyzer Summary                                                        ;
+-----------------------+--------------------------------------------------------+
; Quartus Prime Version ; Version 22.1std.2 Build 922 07/20/2023 SC Lite Edition ;
; Timing Analyzer       ; Legacy Timing Analyzer                                 ;
; Revision Name         ; sistolicArray                                          ;
; Device Family         ; Cyclone V                                              ;
; Device Name           ; 5CSEMA5F31C6                                           ;
; Timing Models         ; Final                                                  ;
; Delay Model           ; Combined                                               ;
; Rise/Fall Delays      ; Enabled                                                ;
+-----------------------+--------------------------------------------------------+


+------------------------------------------+
; Parallel Compilation                     ;
+----------------------------+-------------+
; Processors                 ; Number      ;
+----------------------------+-------------+
; Number detected on machine ; 12          ;
; Maximum allowed            ; 12          ;
;                            ;             ;
; Average used               ; 1.25        ;
; Maximum used               ; 12          ;
;                            ;             ;
; Usage by Processor         ; % Time Used ;
;     Processor 1            ; 100.0%      ;
;     Processor 2            ;   2.4%      ;
;     Processor 3            ;   2.3%      ;
;     Processor 4            ;   2.3%      ;
;     Processor 5            ;   2.2%      ;
;     Processor 6            ;   2.2%      ;
;     Processor 7            ;   2.2%      ;
;     Processor 8            ;   2.2%      ;
;     Processor 9            ;   2.2%      ;
;     Processor 10           ;   2.2%      ;
;     Processor 11           ;   2.2%      ;
;     Processor 12           ;   2.2%      ;
+----------------------------+-------------+


+--------------------------------------------------------------------------------------------+
; SDC File List                                                                              ;
+--------------------------------------------------------+--------+--------------------------+
; SDC File Path                                          ; Status ; Read at                  ;
+--------------------------------------------------------+--------+--------------------------+
; sdram/synthesis/submodules/altera_reset_controller.sdc ; OK     ; Sat Jun 14 22:05:31 2025 ;
+--------------------------------------------------------+--------+--------------------------+


+----------------------------------------------------------------------------------------------------------------------------------------------------------------------------------------------------------+
; Clocks                                                                                                                                                                                                   ;
+---------------------+------+--------+-----------+-------+--------+------------+-----------+-------------+-------+--------+-----------+------------+----------+--------+--------+-------------------------+
; Clock Name          ; Type ; Period ; Frequency ; Rise  ; Fall   ; Duty Cycle ; Divide by ; Multiply by ; Phase ; Offset ; Edge List ; Edge Shift ; Inverted ; Master ; Source ; Targets                 ;
+---------------------+------+--------+-----------+-------+--------+------------+-----------+-------------+-------+--------+-----------+------------+----------+--------+--------+-------------------------+
; altera_reserved_tck ; Base ; 33.333 ; 30.0 MHz  ; 0.000 ; 16.666 ;            ;           ;             ;       ;        ;           ;            ;          ;        ;        ; { altera_reserved_tck } ;
+---------------------+------+--------+-----------+-------+--------+------------+-----------+-------------+-------+--------+-----------+------------+----------+--------+--------+-------------------------+


+-----------------------------------------------------------+
; Slow 1100mV 85C Model Fmax Summary                        ;
+------------+-----------------+---------------------+------+
; Fmax       ; Restricted Fmax ; Clock Name          ; Note ;
+------------+-----------------+---------------------+------+
; 115.94 MHz ; 115.94 MHz      ; altera_reserved_tck ;      ;
+------------+-----------------+---------------------+------+
This panel reports FMAX for every clock in the design, regardless of the user-specified clock periods.  FMAX is only computed for paths where the source and destination registers or ports are driven by the same clock.  Paths of different clocks, including generated clocks, are ignored.  For paths between a clock and its inversion, FMAX is computed as if the rising and falling edges are scaled along with FMAX, such that the duty cycle (in terms of a percentage) is maintained. Altera recommends that you always use clock constraints and other slack reports for sign-off analysis.


----------------------------------
; Timing Closure Recommendations ;
----------------------------------
HTML report is unavailable in plain text report export.


+----------------------------------------------+
; Slow 1100mV 85C Model Setup Summary          ;
+---------------------+--------+---------------+
; Clock               ; Slack  ; End Point TNS ;
+---------------------+--------+---------------+
; altera_reserved_tck ; 12.354 ; 0.000         ;
+---------------------+--------+---------------+


+---------------------------------------------+
; Slow 1100mV 85C Model Hold Summary          ;
+---------------------+-------+---------------+
; Clock               ; Slack ; End Point TNS ;
+---------------------+-------+---------------+
; altera_reserved_tck ; 0.720 ; 0.000         ;
+---------------------+-------+---------------+


+----------------------------------------------+
; Slow 1100mV 85C Model Recovery Summary       ;
+---------------------+--------+---------------+
; Clock               ; Slack  ; End Point TNS ;
+---------------------+--------+---------------+
; altera_reserved_tck ; 31.044 ; 0.000         ;
+---------------------+--------+---------------+


+---------------------------------------------+
; Slow 1100mV 85C Model Removal Summary       ;
+---------------------+-------+---------------+
; Clock               ; Slack ; End Point TNS ;
+---------------------+-------+---------------+
; altera_reserved_tck ; 0.766 ; 0.000         ;
+---------------------+-------+---------------+


+---------------------------------------------------+
; Slow 1100mV 85C Model Minimum Pulse Width Summary ;
+---------------------+--------+--------------------+
; Clock               ; Slack  ; End Point TNS      ;
+---------------------+--------+--------------------+
; altera_reserved_tck ; 15.863 ; 0.000              ;
+---------------------+--------+--------------------+


-----------------------------------------------
; Slow 1100mV 85C Model Metastability Summary ;
-----------------------------------------------
The design MTBF is not calculated because there are no specified synchronizers in the design.
Number of Synchronizer Chains Found: 1
Shortest Synchronizer Chain: 9 Registers
Fraction of Chains for which MTBFs Could Not be Calculated: 1.000
Worst Case Available Settling Time: 280.104 ns




+-----------------------------------------------------------+
; Slow 1100mV 0C Model Fmax Summary                         ;
+------------+-----------------+---------------------+------+
; Fmax       ; Restricted Fmax ; Clock Name          ; Note ;
+------------+-----------------+---------------------+------+
; 118.13 MHz ; 118.13 MHz      ; altera_reserved_tck ;      ;
+------------+-----------------+---------------------+------+
This panel reports FMAX for every clock in the design, regardless of the user-specified clock periods.  FMAX is only computed for paths where the source and destination registers or ports are driven by the same clock.  Paths of different clocks, including generated clocks, are ignored.  For paths between a clock and its inversion, FMAX is computed as if the rising and falling edges are scaled along with FMAX, such that the duty cycle (in terms of a percentage) is maintained. Altera recommends that you always use clock constraints and other slack reports for sign-off analysis.


+----------------------------------------------+
; Slow 1100mV 0C Model Setup Summary           ;
+---------------------+--------+---------------+
; Clock               ; Slack  ; End Point TNS ;
+---------------------+--------+---------------+
; altera_reserved_tck ; 12.434 ; 0.000         ;
+---------------------+--------+---------------+


+---------------------------------------------+
; Slow 1100mV 0C Model Hold Summary           ;
+---------------------+-------+---------------+
; Clock               ; Slack ; End Point TNS ;
+---------------------+-------+---------------+
; altera_reserved_tck ; 0.681 ; 0.000         ;
+---------------------+-------+---------------+


+----------------------------------------------+
; Slow 1100mV 0C Model Recovery Summary        ;
+---------------------+--------+---------------+
; Clock               ; Slack  ; End Point TNS ;
+---------------------+--------+---------------+
; altera_reserved_tck ; 31.142 ; 0.000         ;
+---------------------+--------+---------------+


+---------------------------------------------+
; Slow 1100mV 0C Model Removal Summary        ;
+---------------------+-------+---------------+
; Clock               ; Slack ; End Point TNS ;
+---------------------+-------+---------------+
; altera_reserved_tck ; 0.714 ; 0.000         ;
+---------------------+-------+---------------+


+--------------------------------------------------+
; Slow 1100mV 0C Model Minimum Pulse Width Summary ;
+---------------------+--------+-------------------+
; Clock               ; Slack  ; End Point TNS     ;
+---------------------+--------+-------------------+
; altera_reserved_tck ; 15.877 ; 0.000             ;
+---------------------+--------+-------------------+


----------------------------------------------
; Slow 1100mV 0C Model Metastability Summary ;
----------------------------------------------
The design MTBF is not calculated because there are no specified synchronizers in the design.
Number of Synchronizer Chains Found: 1
Shortest Synchronizer Chain: 9 Registers
Fraction of Chains for which MTBFs Could Not be Calculated: 1.000
Worst Case Available Settling Time: 280.470 ns




+----------------------------------------------+
; Fast 1100mV 85C Model Setup Summary          ;
+---------------------+--------+---------------+
; Clock               ; Slack  ; End Point TNS ;
+---------------------+--------+---------------+
; altera_reserved_tck ; 14.227 ; 0.000         ;
+---------------------+--------+---------------+


+---------------------------------------------+
; Fast 1100mV 85C Model Hold Summary          ;
+---------------------+-------+---------------+
; Clock               ; Slack ; End Point TNS ;
+---------------------+-------+---------------+
; altera_reserved_tck ; 0.328 ; 0.000         ;
+---------------------+-------+---------------+


+----------------------------------------------+
; Fast 1100mV 85C Model Recovery Summary       ;
+---------------------+--------+---------------+
; Clock               ; Slack  ; End Point TNS ;
+---------------------+--------+---------------+
; altera_reserved_tck ; 31.761 ; 0.000         ;
+---------------------+--------+---------------+


+---------------------------------------------+
; Fast 1100mV 85C Model Removal Summary       ;
+---------------------+-------+---------------+
; Clock               ; Slack ; End Point TNS ;
+---------------------+-------+---------------+
; altera_reserved_tck ; 0.394 ; 0.000         ;
+---------------------+-------+---------------+


+---------------------------------------------------+
; Fast 1100mV 85C Model Minimum Pulse Width Summary ;
+---------------------+--------+--------------------+
; Clock               ; Slack  ; End Point TNS      ;
+---------------------+--------+--------------------+
; altera_reserved_tck ; 15.839 ; 0.000              ;
+---------------------+--------+--------------------+


-----------------------------------------------
; Fast 1100mV 85C Model Metastability Summary ;
-----------------------------------------------
The design MTBF is not calculated because there are no specified synchronizers in the design.
Number of Synchronizer Chains Found: 1
Shortest Synchronizer Chain: 9 Registers
Fraction of Chains for which MTBFs Could Not be Calculated: 1.000
Worst Case Available Settling Time: 286.226 ns




+----------------------------------------------+
; Fast 1100mV 0C Model Setup Summary           ;
+---------------------+--------+---------------+
; Clock               ; Slack  ; End Point TNS ;
+---------------------+--------+---------------+
; altera_reserved_tck ; 14.489 ; 0.000         ;
+---------------------+--------+---------------+


+---------------------------------------------+
; Fast 1100mV 0C Model Hold Summary           ;
+---------------------+-------+---------------+
; Clock               ; Slack ; End Point TNS ;
+---------------------+-------+---------------+
; altera_reserved_tck ; 0.297 ; 0.000         ;
+---------------------+-------+---------------+


+----------------------------------------------+
; Fast 1100mV 0C Model Recovery Summary        ;
+---------------------+--------+---------------+
; Clock               ; Slack  ; End Point TNS ;
+---------------------+--------+---------------+
; altera_reserved_tck ; 31.896 ; 0.000         ;
+---------------------+--------+---------------+


+---------------------------------------------+
; Fast 1100mV 0C Model Removal Summary        ;
+---------------------+-------+---------------+
; Clock               ; Slack ; End Point TNS ;
+---------------------+-------+---------------+
; altera_reserved_tck ; 0.340 ; 0.000         ;
+---------------------+-------+---------------+


+--------------------------------------------------+
; Fast 1100mV 0C Model Minimum Pulse Width Summary ;
+---------------------+--------+-------------------+
; Clock               ; Slack  ; End Point TNS     ;
+---------------------+--------+-------------------+
; altera_reserved_tck ; 15.849 ; 0.000             ;
+---------------------+--------+-------------------+


----------------------------------------------
; Fast 1100mV 0C Model Metastability Summary ;
----------------------------------------------
The design MTBF is not calculated because there are no specified synchronizers in the design.
Number of Synchronizer Chains Found: 1
Shortest Synchronizer Chain: 9 Registers
Fraction of Chains for which MTBFs Could Not be Calculated: 1.000
Worst Case Available Settling Time: 287.200 ns




+----------------------------------------------------------------------------------+
; Multicorner Timing Analysis Summary                                              ;
+----------------------+--------+-------+----------+---------+---------------------+
; Clock                ; Setup  ; Hold  ; Recovery ; Removal ; Minimum Pulse Width ;
+----------------------+--------+-------+----------+---------+---------------------+
; Worst-case Slack     ; 12.354 ; 0.297 ; 31.044   ; 0.340   ; 15.839              ;
;  altera_reserved_tck ; 12.354 ; 0.297 ; 31.044   ; 0.340   ; 15.839              ;
; Design-wide TNS      ; 0.0    ; 0.0   ; 0.0      ; 0.0     ; 0.0                 ;
;  altera_reserved_tck ; 0.000  ; 0.000 ; 0.000    ; 0.000   ; 0.000               ;
+----------------------+--------+-------+----------+---------+---------------------+


+------------------------------------------------------------------------------------------------------------------------------------------------------------------------------------------------------------------------------------------------------------------------------------------------------------------------------------------------------------------------------------------------------------------------+
; Board Trace Model Assignments                                                                                                                                                                                                                                                                                                                                                                                          ;
+---------------------+--------------+-------------------+-------------------------+-------------------------+---------------+---------------------+----------------+------------------+--------+------------------+------------------------+------------------------+--------------+---------------+-----------------+-------+---------------------+--------------------+---------------+-----------------+-------------+
; Pin                 ; I/O Standard ; Near Tline Length ; Near Tline L per Length ; Near Tline C per Length ; Near Series R ; Near Differential R ; Near Pull-up R ; Near Pull-down R ; Near C ; Far Tline Length ; Far Tline L per Length ; Far Tline C per Length ; Far Series R ; Far Pull-up R ; Far Pull-down R ; Far C ; Termination Voltage ; Far Differential R ; EBD File Name ; EBD Signal Name ; EBD Far-end ;
+---------------------+--------------+-------------------+-------------------------+-------------------------+---------------+---------------------+----------------+------------------+--------+------------------+------------------------+------------------------+--------------+---------------+-----------------+-------+---------------------+--------------------+---------------+-----------------+-------------+
; LEDG[0]             ; 2.5 V        ; 0 in              ; 0 H/in                  ; 0 F/in                  ; short         ; -                   ; open           ; open             ; open   ; 0 in             ; 0 H/in                 ; 0 F/in                 ; short        ; open          ; open            ; open  ; 0 V                 ; -                  ; n/a           ; n/a             ; n/a         ;
; LEDG[1]             ; 2.5 V        ; 0 in              ; 0 H/in                  ; 0 F/in                  ; short         ; -                   ; open           ; open             ; open   ; 0 in             ; 0 H/in                 ; 0 F/in                 ; short        ; open          ; open            ; open  ; 0 V                 ; -                  ; n/a           ; n/a             ; n/a         ;
; LEDG[2]             ; 2.5 V        ; 0 in              ; 0 H/in                  ; 0 F/in                  ; short         ; -                   ; open           ; open             ; open   ; 0 in             ; 0 H/in                 ; 0 F/in                 ; short        ; open          ; open            ; open  ; 0 V                 ; -                  ; n/a           ; n/a             ; n/a         ;
; LEDG[3]             ; 2.5 V        ; 0 in              ; 0 H/in                  ; 0 F/in                  ; short         ; -                   ; open           ; open             ; open   ; 0 in             ; 0 H/in                 ; 0 F/in                 ; short        ; open          ; open            ; open  ; 0 V                 ; -                  ; n/a           ; n/a             ; n/a         ;
; LEDG[4]             ; 2.5 V        ; 0 in              ; 0 H/in                  ; 0 F/in                  ; short         ; -                   ; open           ; open             ; open   ; 0 in             ; 0 H/in                 ; 0 F/in                 ; short        ; open          ; open            ; open  ; 0 V                 ; -                  ; n/a           ; n/a             ; n/a         ;
; LEDG[5]             ; 2.5 V        ; 0 in              ; 0 H/in                  ; 0 F/in                  ; short         ; -                   ; open           ; open             ; open   ; 0 in             ; 0 H/in                 ; 0 F/in                 ; short        ; open          ; open            ; open  ; 0 V                 ; -                  ; n/a           ; n/a             ; n/a         ;
; LEDG[6]             ; 2.5 V        ; 0 in              ; 0 H/in                  ; 0 F/in                  ; short         ; -                   ; open           ; open             ; open   ; 0 in             ; 0 H/in                 ; 0 F/in                 ; short        ; open          ; open            ; open  ; 0 V                 ; -                  ; n/a           ; n/a             ; n/a         ;
; LEDG[7]             ; 2.5 V        ; 0 in              ; 0 H/in                  ; 0 F/in                  ; short         ; -                   ; open           ; open             ; open   ; 0 in             ; 0 H/in                 ; 0 F/in                 ; short        ; open          ; open            ; open  ; 0 V                 ; -                  ; n/a           ; n/a             ; n/a         ;
; LEDR[0]             ; 2.5 V        ; 0 in              ; 0 H/in                  ; 0 F/in                  ; short         ; -                   ; open           ; open             ; open   ; 0 in             ; 0 H/in                 ; 0 F/in                 ; short        ; open          ; open            ; open  ; 0 V                 ; -                  ; n/a           ; n/a             ; n/a         ;
; LEDR[1]             ; 2.5 V        ; 0 in              ; 0 H/in                  ; 0 F/in                  ; short         ; -                   ; open           ; open             ; open   ; 0 in             ; 0 H/in                 ; 0 F/in                 ; short        ; open          ; open            ; open  ; 0 V                 ; -                  ; n/a           ; n/a             ; n/a         ;
; LEDR[2]             ; 2.5 V        ; 0 in              ; 0 H/in                  ; 0 F/in                  ; short         ; -                   ; open           ; open             ; open   ; 0 in             ; 0 H/in                 ; 0 F/in                 ; short        ; open          ; open            ; open  ; 0 V                 ; -                  ; n/a           ; n/a             ; n/a         ;
; LEDR[3]             ; 2.5 V        ; 0 in              ; 0 H/in                  ; 0 F/in                  ; short         ; -                   ; open           ; open             ; open   ; 0 in             ; 0 H/in                 ; 0 F/in                 ; short        ; open          ; open            ; open  ; 0 V                 ; -                  ; n/a           ; n/a             ; n/a         ;
; LEDR[4]             ; 2.5 V        ; 0 in              ; 0 H/in                  ; 0 F/in                  ; short         ; -                   ; open           ; open             ; open   ; 0 in             ; 0 H/in                 ; 0 F/in                 ; short        ; open          ; open            ; open  ; 0 V                 ; -                  ; n/a           ; n/a             ; n/a         ;
; LEDR[5]             ; 2.5 V        ; 0 in              ; 0 H/in                  ; 0 F/in                  ; short         ; -                   ; open           ; open             ; open   ; 0 in             ; 0 H/in                 ; 0 F/in                 ; short        ; open          ; open            ; open  ; 0 V                 ; -                  ; n/a           ; n/a             ; n/a         ;
; LEDR[6]             ; 2.5 V        ; 0 in              ; 0 H/in                  ; 0 F/in                  ; short         ; -                   ; open           ; open             ; open   ; 0 in             ; 0 H/in                 ; 0 F/in                 ; short        ; open          ; open            ; open  ; 0 V                 ; -                  ; n/a           ; n/a             ; n/a         ;
; LEDR[7]             ; 2.5 V        ; 0 in              ; 0 H/in                  ; 0 F/in                  ; short         ; -                   ; open           ; open             ; open   ; 0 in             ; 0 H/in                 ; 0 F/in                 ; short        ; open          ; open            ; open  ; 0 V                 ; -                  ; n/a           ; n/a             ; n/a         ;
; LEDR[8]             ; 2.5 V        ; 0 in              ; 0 H/in                  ; 0 F/in                  ; short         ; -                   ; open           ; open             ; open   ; 0 in             ; 0 H/in                 ; 0 F/in                 ; short        ; open          ; open            ; open  ; 0 V                 ; -                  ; n/a           ; n/a             ; n/a         ;
; LEDR[9]             ; 2.5 V        ; 0 in              ; 0 H/in                  ; 0 F/in                  ; short         ; -                   ; open           ; open             ; open   ; 0 in             ; 0 H/in                 ; 0 F/in                 ; short        ; open          ; open            ; open  ; 0 V                 ; -                  ; n/a           ; n/a             ; n/a         ;
; HEX0[0]             ; 2.5 V        ; 0 in              ; 0 H/in                  ; 0 F/in                  ; short         ; -                   ; open           ; open             ; open   ; 0 in             ; 0 H/in                 ; 0 F/in                 ; short        ; open          ; open            ; open  ; 0 V                 ; -                  ; n/a           ; n/a             ; n/a         ;
; HEX0[1]             ; 2.5 V        ; 0 in              ; 0 H/in                  ; 0 F/in                  ; short         ; -                   ; open           ; open             ; open   ; 0 in             ; 0 H/in                 ; 0 F/in                 ; short        ; open          ; open            ; open  ; 0 V                 ; -                  ; n/a           ; n/a             ; n/a         ;
; HEX0[2]             ; 2.5 V        ; 0 in              ; 0 H/in                  ; 0 F/in                  ; short         ; -                   ; open           ; open             ; open   ; 0 in             ; 0 H/in                 ; 0 F/in                 ; short        ; open          ; open            ; open  ; 0 V                 ; -                  ; n/a           ; n/a             ; n/a         ;
; HEX0[3]             ; 2.5 V        ; 0 in              ; 0 H/in                  ; 0 F/in                  ; short         ; -                   ; open           ; open             ; open   ; 0 in             ; 0 H/in                 ; 0 F/in                 ; short        ; open          ; open            ; open  ; 0 V                 ; -                  ; n/a           ; n/a             ; n/a         ;
; HEX0[4]             ; 2.5 V        ; 0 in              ; 0 H/in                  ; 0 F/in                  ; short         ; -                   ; open           ; open             ; open   ; 0 in             ; 0 H/in                 ; 0 F/in                 ; short        ; open          ; open            ; open  ; 0 V                 ; -                  ; n/a           ; n/a             ; n/a         ;
; HEX0[5]             ; 2.5 V        ; 0 in              ; 0 H/in                  ; 0 F/in                  ; short         ; -                   ; open           ; open             ; open   ; 0 in             ; 0 H/in                 ; 0 F/in                 ; short        ; open          ; open            ; open  ; 0 V                 ; -                  ; n/a           ; n/a             ; n/a         ;
; HEX0[6]             ; 2.5 V        ; 0 in              ; 0 H/in                  ; 0 F/in                  ; short         ; -                   ; open           ; open             ; open   ; 0 in             ; 0 H/in                 ; 0 F/in                 ; short        ; open          ; open            ; open  ; 0 V                 ; -                  ; n/a           ; n/a             ; n/a         ;
; HEX1[0]             ; 2.5 V        ; 0 in              ; 0 H/in                  ; 0 F/in                  ; short         ; -                   ; open           ; open             ; open   ; 0 in             ; 0 H/in                 ; 0 F/in                 ; short        ; open          ; open            ; open  ; 0 V                 ; -                  ; n/a           ; n/a             ; n/a         ;
; HEX1[1]             ; 2.5 V        ; 0 in              ; 0 H/in                  ; 0 F/in                  ; short         ; -                   ; open           ; open             ; open   ; 0 in             ; 0 H/in                 ; 0 F/in                 ; short        ; open          ; open            ; open  ; 0 V                 ; -                  ; n/a           ; n/a             ; n/a         ;
; HEX1[2]             ; 2.5 V        ; 0 in              ; 0 H/in                  ; 0 F/in                  ; short         ; -                   ; open           ; open             ; open   ; 0 in             ; 0 H/in                 ; 0 F/in                 ; short        ; open          ; open            ; open  ; 0 V                 ; -                  ; n/a           ; n/a             ; n/a         ;
; HEX1[3]             ; 2.5 V        ; 0 in              ; 0 H/in                  ; 0 F/in                  ; short         ; -                   ; open           ; open             ; open   ; 0 in             ; 0 H/in                 ; 0 F/in                 ; short        ; open          ; open            ; open  ; 0 V                 ; -                  ; n/a           ; n/a             ; n/a         ;
; HEX1[4]             ; 2.5 V        ; 0 in              ; 0 H/in                  ; 0 F/in                  ; short         ; -                   ; open           ; open             ; open   ; 0 in             ; 0 H/in                 ; 0 F/in                 ; short        ; open          ; open            ; open  ; 0 V                 ; -                  ; n/a           ; n/a             ; n/a         ;
; HEX1[5]             ; 2.5 V        ; 0 in              ; 0 H/in                  ; 0 F/in                  ; short         ; -                   ; open           ; open             ; open   ; 0 in             ; 0 H/in                 ; 0 F/in                 ; short        ; open          ; open            ; open  ; 0 V                 ; -                  ; n/a           ; n/a             ; n/a         ;
; HEX1[6]             ; 2.5 V        ; 0 in              ; 0 H/in                  ; 0 F/in                  ; short         ; -                   ; open           ; open             ; open   ; 0 in             ; 0 H/in                 ; 0 F/in                 ; short        ; open          ; open            ; open  ; 0 V                 ; -                  ; n/a           ; n/a             ; n/a         ;
; HEX2[0]             ; 2.5 V        ; 0 in              ; 0 H/in                  ; 0 F/in                  ; short         ; -                   ; open           ; open             ; open   ; 0 in             ; 0 H/in                 ; 0 F/in                 ; short        ; open          ; open            ; open  ; 0 V                 ; -                  ; n/a           ; n/a             ; n/a         ;
; HEX2[1]             ; 2.5 V        ; 0 in              ; 0 H/in                  ; 0 F/in                  ; short         ; -                   ; open           ; open             ; open   ; 0 in             ; 0 H/in                 ; 0 F/in                 ; short        ; open          ; open            ; open  ; 0 V                 ; -                  ; n/a           ; n/a             ; n/a         ;
; HEX2[2]             ; 2.5 V        ; 0 in              ; 0 H/in                  ; 0 F/in                  ; short         ; -                   ; open           ; open             ; open   ; 0 in             ; 0 H/in                 ; 0 F/in                 ; short        ; open          ; open            ; open  ; 0 V                 ; -                  ; n/a           ; n/a             ; n/a         ;
; HEX2[3]             ; 2.5 V        ; 0 in              ; 0 H/in                  ; 0 F/in                  ; short         ; -                   ; open           ; open             ; open   ; 0 in             ; 0 H/in                 ; 0 F/in                 ; short        ; open          ; open            ; open  ; 0 V                 ; -                  ; n/a           ; n/a             ; n/a         ;
; HEX2[4]             ; 2.5 V        ; 0 in              ; 0 H/in                  ; 0 F/in                  ; short         ; -                   ; open           ; open             ; open   ; 0 in             ; 0 H/in                 ; 0 F/in                 ; short        ; open          ; open            ; open  ; 0 V                 ; -                  ; n/a           ; n/a             ; n/a         ;
; HEX2[5]             ; 2.5 V        ; 0 in              ; 0 H/in                  ; 0 F/in                  ; short         ; -                   ; open           ; open             ; open   ; 0 in             ; 0 H/in                 ; 0 F/in                 ; short        ; open          ; open            ; open  ; 0 V                 ; -                  ; n/a           ; n/a             ; n/a         ;
; HEX2[6]             ; 2.5 V        ; 0 in              ; 0 H/in                  ; 0 F/in                  ; short         ; -                   ; open           ; open             ; open   ; 0 in             ; 0 H/in                 ; 0 F/in                 ; short        ; open          ; open            ; open  ; 0 V                 ; -                  ; n/a           ; n/a             ; n/a         ;
; HEX3[0]             ; 2.5 V        ; 0 in              ; 0 H/in                  ; 0 F/in                  ; short         ; -                   ; open           ; open             ; open   ; 0 in             ; 0 H/in                 ; 0 F/in                 ; short        ; open          ; open            ; open  ; 0 V                 ; -                  ; n/a           ; n/a             ; n/a         ;
; HEX3[1]             ; 2.5 V        ; 0 in              ; 0 H/in                  ; 0 F/in                  ; short         ; -                   ; open           ; open             ; open   ; 0 in             ; 0 H/in                 ; 0 F/in                 ; short        ; open          ; open            ; open  ; 0 V                 ; -                  ; n/a           ; n/a             ; n/a         ;
; HEX3[2]             ; 2.5 V        ; 0 in              ; 0 H/in                  ; 0 F/in                  ; short         ; -                   ; open           ; open             ; open   ; 0 in             ; 0 H/in                 ; 0 F/in                 ; short        ; open          ; open            ; open  ; 0 V                 ; -                  ; n/a           ; n/a             ; n/a         ;
; HEX3[3]             ; 2.5 V        ; 0 in              ; 0 H/in                  ; 0 F/in                  ; short         ; -                   ; open           ; open             ; open   ; 0 in             ; 0 H/in                 ; 0 F/in                 ; short        ; open          ; open            ; open  ; 0 V                 ; -                  ; n/a           ; n/a             ; n/a         ;
; HEX3[4]             ; 2.5 V        ; 0 in              ; 0 H/in                  ; 0 F/in                  ; short         ; -                   ; open           ; open             ; open   ; 0 in             ; 0 H/in                 ; 0 F/in                 ; short        ; open          ; open            ; open  ; 0 V                 ; -                  ; n/a           ; n/a             ; n/a         ;
; HEX3[5]             ; 2.5 V        ; 0 in              ; 0 H/in                  ; 0 F/in                  ; short         ; -                   ; open           ; open             ; open   ; 0 in             ; 0 H/in                 ; 0 F/in                 ; short        ; open          ; open            ; open  ; 0 V                 ; -                  ; n/a           ; n/a             ; n/a         ;
; HEX3[6]             ; 2.5 V        ; 0 in              ; 0 H/in                  ; 0 F/in                  ; short         ; -                   ; open           ; open             ; open   ; 0 in             ; 0 H/in                 ; 0 F/in                 ; short        ; open          ; open            ; open  ; 0 V                 ; -                  ; n/a           ; n/a             ; n/a         ;
; UART_TX             ; 2.5 V        ; 0 in              ; 0 H/in                  ; 0 F/in                  ; short         ; -                   ; open           ; open             ; open   ; 0 in             ; 0 H/in                 ; 0 F/in                 ; short        ; open          ; open            ; open  ; 0 V                 ; -                  ; n/a           ; n/a             ; n/a         ;
; SRAM_A[0]           ; 2.5 V        ; 0 in              ; 0 H/in                  ; 0 F/in                  ; short         ; -                   ; open           ; open             ; open   ; 0 in             ; 0 H/in                 ; 0 F/in                 ; short        ; open          ; open            ; open  ; 0 V                 ; -                  ; n/a           ; n/a             ; n/a         ;
; SRAM_A[1]           ; 2.5 V        ; 0 in              ; 0 H/in                  ; 0 F/in                  ; short         ; -                   ; open           ; open             ; open   ; 0 in             ; 0 H/in                 ; 0 F/in                 ; short        ; open          ; open            ; open  ; 0 V                 ; -                  ; n/a           ; n/a             ; n/a         ;
; SRAM_A[2]           ; 2.5 V        ; 0 in              ; 0 H/in                  ; 0 F/in                  ; short         ; -                   ; open           ; open             ; open   ; 0 in             ; 0 H/in                 ; 0 F/in                 ; short        ; open          ; open            ; open  ; 0 V                 ; -                  ; n/a           ; n/a             ; n/a         ;
; SRAM_A[3]           ; 2.5 V        ; 0 in              ; 0 H/in                  ; 0 F/in                  ; short         ; -                   ; open           ; open             ; open   ; 0 in             ; 0 H/in                 ; 0 F/in                 ; short        ; open          ; open            ; open  ; 0 V                 ; -                  ; n/a           ; n/a             ; n/a         ;
; SRAM_A[4]           ; 2.5 V        ; 0 in              ; 0 H/in                  ; 0 F/in                  ; short         ; -                   ; open           ; open             ; open   ; 0 in             ; 0 H/in                 ; 0 F/in                 ; short        ; open          ; open            ; open  ; 0 V                 ; -                  ; n/a           ; n/a             ; n/a         ;
; SRAM_A[5]           ; 2.5 V        ; 0 in              ; 0 H/in                  ; 0 F/in                  ; short         ; -                   ; open           ; open             ; open   ; 0 in             ; 0 H/in                 ; 0 F/in                 ; short        ; open          ; open            ; open  ; 0 V                 ; -                  ; n/a           ; n/a             ; n/a         ;
; SRAM_A[6]           ; 2.5 V        ; 0 in              ; 0 H/in                  ; 0 F/in                  ; short         ; -                   ; open           ; open             ; open   ; 0 in             ; 0 H/in                 ; 0 F/in                 ; short        ; open          ; open            ; open  ; 0 V                 ; -                  ; n/a           ; n/a             ; n/a         ;
; SRAM_A[7]           ; 2.5 V        ; 0 in              ; 0 H/in                  ; 0 F/in                  ; short         ; -                   ; open           ; open             ; open   ; 0 in             ; 0 H/in                 ; 0 F/in                 ; short        ; open          ; open            ; open  ; 0 V                 ; -                  ; n/a           ; n/a             ; n/a         ;
; SRAM_A[8]           ; 2.5 V        ; 0 in              ; 0 H/in                  ; 0 F/in                  ; short         ; -                   ; open           ; open             ; open   ; 0 in             ; 0 H/in                 ; 0 F/in                 ; short        ; open          ; open            ; open  ; 0 V                 ; -                  ; n/a           ; n/a             ; n/a         ;
; SRAM_A[9]           ; 2.5 V        ; 0 in              ; 0 H/in                  ; 0 F/in                  ; short         ; -                   ; open           ; open             ; open   ; 0 in             ; 0 H/in                 ; 0 F/in                 ; short        ; open          ; open            ; open  ; 0 V                 ; -                  ; n/a           ; n/a             ; n/a         ;
; SRAM_A[10]          ; 2.5 V        ; 0 in              ; 0 H/in                  ; 0 F/in                  ; short         ; -                   ; open           ; open             ; open   ; 0 in             ; 0 H/in                 ; 0 F/in                 ; short        ; open          ; open            ; open  ; 0 V                 ; -                  ; n/a           ; n/a             ; n/a         ;
; SRAM_A[11]          ; 2.5 V        ; 0 in              ; 0 H/in                  ; 0 F/in                  ; short         ; -                   ; open           ; open             ; open   ; 0 in             ; 0 H/in                 ; 0 F/in                 ; short        ; open          ; open            ; open  ; 0 V                 ; -                  ; n/a           ; n/a             ; n/a         ;
; SRAM_A[12]          ; 2.5 V        ; 0 in              ; 0 H/in                  ; 0 F/in                  ; short         ; -                   ; open           ; open             ; open   ; 0 in             ; 0 H/in                 ; 0 F/in                 ; short        ; open          ; open            ; open  ; 0 V                 ; -                  ; n/a           ; n/a             ; n/a         ;
; SRAM_A[13]          ; 2.5 V        ; 0 in              ; 0 H/in                  ; 0 F/in                  ; short         ; -                   ; open           ; open             ; open   ; 0 in             ; 0 H/in                 ; 0 F/in                 ; short        ; open          ; open            ; open  ; 0 V                 ; -                  ; n/a           ; n/a             ; n/a         ;
; SRAM_A[14]          ; 2.5 V        ; 0 in              ; 0 H/in                  ; 0 F/in                  ; short         ; -                   ; open           ; open             ; open   ; 0 in             ; 0 H/in                 ; 0 F/in                 ; short        ; open          ; open            ; open  ; 0 V                 ; -                  ; n/a           ; n/a             ; n/a         ;
; SRAM_A[15]          ; 2.5 V        ; 0 in              ; 0 H/in                  ; 0 F/in                  ; short         ; -                   ; open           ; open             ; open   ; 0 in             ; 0 H/in                 ; 0 F/in                 ; short        ; open          ; open            ; open  ; 0 V                 ; -                  ; n/a           ; n/a             ; n/a         ;
; SRAM_A[16]          ; 2.5 V        ; 0 in              ; 0 H/in                  ; 0 F/in                  ; short         ; -                   ; open           ; open             ; open   ; 0 in             ; 0 H/in                 ; 0 F/in                 ; short        ; open          ; open            ; open  ; 0 V                 ; -                  ; n/a           ; n/a             ; n/a         ;
; SRAM_A[17]          ; 2.5 V        ; 0 in              ; 0 H/in                  ; 0 F/in                  ; short         ; -                   ; open           ; open             ; open   ; 0 in             ; 0 H/in                 ; 0 F/in                 ; short        ; open          ; open            ; open  ; 0 V                 ; -                  ; n/a           ; n/a             ; n/a         ;
; SRAM_CE_n           ; 2.5 V        ; 0 in              ; 0 H/in                  ; 0 F/in                  ; short         ; -                   ; open           ; open             ; open   ; 0 in             ; 0 H/in                 ; 0 F/in                 ; short        ; open          ; open            ; open  ; 0 V                 ; -                  ; n/a           ; n/a             ; n/a         ;
; SRAM_LB_n           ; 2.5 V        ; 0 in              ; 0 H/in                  ; 0 F/in                  ; short         ; -                   ; open           ; open             ; open   ; 0 in             ; 0 H/in                 ; 0 F/in                 ; short        ; open          ; open            ; open  ; 0 V                 ; -                  ; n/a           ; n/a             ; n/a         ;
; SRAM_OE_n           ; 2.5 V        ; 0 in              ; 0 H/in                  ; 0 F/in                  ; short         ; -                   ; open           ; open             ; open   ; 0 in             ; 0 H/in                 ; 0 F/in                 ; short        ; open          ; open            ; open  ; 0 V                 ; -                  ; n/a           ; n/a             ; n/a         ;
; SRAM_UB_n           ; 2.5 V        ; 0 in              ; 0 H/in                  ; 0 F/in                  ; short         ; -                   ; open           ; open             ; open   ; 0 in             ; 0 H/in                 ; 0 F/in                 ; short        ; open          ; open            ; open  ; 0 V                 ; -                  ; n/a           ; n/a             ; n/a         ;
; SRAM_WE_n           ; 2.5 V        ; 0 in              ; 0 H/in                  ; 0 F/in                  ; short         ; -                   ; open           ; open             ; open   ; 0 in             ; 0 H/in                 ; 0 F/in                 ; short        ; open          ; open            ; open  ; 0 V                 ; -                  ; n/a           ; n/a             ; n/a         ;
; SRAM_D[0]           ; 2.5 V        ; 0 in              ; 0 H/in                  ; 0 F/in                  ; short         ; -                   ; open           ; open             ; open   ; 0 in             ; 0 H/in                 ; 0 F/in                 ; short        ; open          ; open            ; open  ; 0 V                 ; -                  ; n/a           ; n/a             ; n/a         ;
; SRAM_D[1]           ; 2.5 V        ; 0 in              ; 0 H/in                  ; 0 F/in                  ; short         ; -                   ; open           ; open             ; open   ; 0 in             ; 0 H/in                 ; 0 F/in                 ; short        ; open          ; open            ; open  ; 0 V                 ; -                  ; n/a           ; n/a             ; n/a         ;
; SRAM_D[2]           ; 2.5 V        ; 0 in              ; 0 H/in                  ; 0 F/in                  ; short         ; -                   ; open           ; open             ; open   ; 0 in             ; 0 H/in                 ; 0 F/in                 ; short        ; open          ; open            ; open  ; 0 V                 ; -                  ; n/a           ; n/a             ; n/a         ;
; SRAM_D[3]           ; 2.5 V        ; 0 in              ; 0 H/in                  ; 0 F/in                  ; short         ; -                   ; open           ; open             ; open   ; 0 in             ; 0 H/in                 ; 0 F/in                 ; short        ; open          ; open            ; open  ; 0 V                 ; -                  ; n/a           ; n/a             ; n/a         ;
; SRAM_D[4]           ; 2.5 V        ; 0 in              ; 0 H/in                  ; 0 F/in                  ; short         ; -                   ; open           ; open             ; open   ; 0 in             ; 0 H/in                 ; 0 F/in                 ; short        ; open          ; open            ; open  ; 0 V                 ; -                  ; n/a           ; n/a             ; n/a         ;
; SRAM_D[5]           ; 2.5 V        ; 0 in              ; 0 H/in                  ; 0 F/in                  ; short         ; -                   ; open           ; open             ; open   ; 0 in             ; 0 H/in                 ; 0 F/in                 ; short        ; open          ; open            ; open  ; 0 V                 ; -                  ; n/a           ; n/a             ; n/a         ;
; SRAM_D[6]           ; 2.5 V        ; 0 in              ; 0 H/in                  ; 0 F/in                  ; short         ; -                   ; open           ; open             ; open   ; 0 in             ; 0 H/in                 ; 0 F/in                 ; short        ; open          ; open            ; open  ; 0 V                 ; -                  ; n/a           ; n/a             ; n/a         ;
; SRAM_D[7]           ; 2.5 V        ; 0 in              ; 0 H/in                  ; 0 F/in                  ; short         ; -                   ; open           ; open             ; open   ; 0 in             ; 0 H/in                 ; 0 F/in                 ; short        ; open          ; open            ; open  ; 0 V                 ; -                  ; n/a           ; n/a             ; n/a         ;
; SRAM_D[8]           ; 2.5 V        ; 0 in              ; 0 H/in                  ; 0 F/in                  ; short         ; -                   ; open           ; open             ; open   ; 0 in             ; 0 H/in                 ; 0 F/in                 ; short        ; open          ; open            ; open  ; 0 V                 ; -                  ; n/a           ; n/a             ; n/a         ;
; SRAM_D[9]           ; 2.5 V        ; 0 in              ; 0 H/in                  ; 0 F/in                  ; short         ; -                   ; open           ; open             ; open   ; 0 in             ; 0 H/in                 ; 0 F/in                 ; short        ; open          ; open            ; open  ; 0 V                 ; -                  ; n/a           ; n/a             ; n/a         ;
; SRAM_D[10]          ; 2.5 V        ; 0 in              ; 0 H/in                  ; 0 F/in                  ; short         ; -                   ; open           ; open             ; open   ; 0 in             ; 0 H/in                 ; 0 F/in                 ; short        ; open          ; open            ; open  ; 0 V                 ; -                  ; n/a           ; n/a             ; n/a         ;
; SRAM_D[11]          ; 2.5 V        ; 0 in              ; 0 H/in                  ; 0 F/in                  ; short         ; -                   ; open           ; open             ; open   ; 0 in             ; 0 H/in                 ; 0 F/in                 ; short        ; open          ; open            ; open  ; 0 V                 ; -                  ; n/a           ; n/a             ; n/a         ;
; SRAM_D[12]          ; 2.5 V        ; 0 in              ; 0 H/in                  ; 0 F/in                  ; short         ; -                   ; open           ; open             ; open   ; 0 in             ; 0 H/in                 ; 0 F/in                 ; short        ; open          ; open            ; open  ; 0 V                 ; -                  ; n/a           ; n/a             ; n/a         ;
; SRAM_D[13]          ; 2.5 V        ; 0 in              ; 0 H/in                  ; 0 F/in                  ; short         ; -                   ; open           ; open             ; open   ; 0 in             ; 0 H/in                 ; 0 F/in                 ; short        ; open          ; open            ; open  ; 0 V                 ; -                  ; n/a           ; n/a             ; n/a         ;
; SRAM_D[14]          ; 2.5 V        ; 0 in              ; 0 H/in                  ; 0 F/in                  ; short         ; -                   ; open           ; open             ; open   ; 0 in             ; 0 H/in                 ; 0 F/in                 ; short        ; open          ; open            ; open  ; 0 V                 ; -                  ; n/a           ; n/a             ; n/a         ;
; SRAM_D[15]          ; 2.5 V        ; 0 in              ; 0 H/in                  ; 0 F/in                  ; short         ; -                   ; open           ; open             ; open   ; 0 in             ; 0 H/in                 ; 0 F/in                 ; short        ; open          ; open            ; open  ; 0 V                 ; -                  ; n/a           ; n/a             ; n/a         ;
; altera_reserved_tdo ; 2.5 V        ; 0 in              ; 0 H/in                  ; 0 F/in                  ; short         ; -                   ; open           ; open             ; open   ; 0 in             ; 0 H/in                 ; 0 F/in                 ; short        ; open          ; open            ; open  ; 0 V                 ; -                  ; n/a           ; n/a             ; n/a         ;
+---------------------+--------------+-------------------+-------------------------+-------------------------+---------------+---------------------+----------------+------------------+--------+------------------+------------------------+------------------------+--------------+---------------+-----------------+-------+---------------------+--------------------+---------------+-----------------+-------------+


+------------------------------------------------------------------------+
; Input Transition Times                                                 ;
+---------------------+--------------+-----------------+-----------------+
; Pin                 ; I/O Standard ; 10-90 Rise Time ; 90-10 Fall Time ;
+---------------------+--------------+-----------------+-----------------+
; CLOCK_125_p         ; 2.5 V        ; 2000 ps         ; 2000 ps         ;
; CLOCK_50_B6A        ; 2.5 V        ; 2000 ps         ; 2000 ps         ;
; CLOCK_50_B7A        ; 2.5 V        ; 2000 ps         ; 2000 ps         ;
; CLOCK_50_B8A        ; 2.5 V        ; 2000 ps         ; 2000 ps         ;
; KEY[3]              ; 2.5 V        ; 2000 ps         ; 2000 ps         ;
; SW[0]               ; 2.5 V        ; 2000 ps         ; 2000 ps         ;
; SW[1]               ; 2.5 V        ; 2000 ps         ; 2000 ps         ;
; SW[2]               ; 2.5 V        ; 2000 ps         ; 2000 ps         ;
; SW[3]               ; 2.5 V        ; 2000 ps         ; 2000 ps         ;
; SW[4]               ; 2.5 V        ; 2000 ps         ; 2000 ps         ;
; SW[5]               ; 2.5 V        ; 2000 ps         ; 2000 ps         ;
; SW[6]               ; 2.5 V        ; 2000 ps         ; 2000 ps         ;
; SW[7]               ; 2.5 V        ; 2000 ps         ; 2000 ps         ;
; SW[8]               ; 2.5 V        ; 2000 ps         ; 2000 ps         ;
; SW[9]               ; 2.5 V        ; 2000 ps         ; 2000 ps         ;
; UART_RX             ; 2.5 V        ; 2000 ps         ; 2000 ps         ;
; SRAM_D[0]           ; 2.5 V        ; 2000 ps         ; 2000 ps         ;
; SRAM_D[1]           ; 2.5 V        ; 2000 ps         ; 2000 ps         ;
; SRAM_D[2]           ; 2.5 V        ; 2000 ps         ; 2000 ps         ;
; SRAM_D[3]           ; 2.5 V        ; 2000 ps         ; 2000 ps         ;
; SRAM_D[4]           ; 2.5 V        ; 2000 ps         ; 2000 ps         ;
; SRAM_D[5]           ; 2.5 V        ; 2000 ps         ; 2000 ps         ;
; SRAM_D[6]           ; 2.5 V        ; 2000 ps         ; 2000 ps         ;
; SRAM_D[7]           ; 2.5 V        ; 2000 ps         ; 2000 ps         ;
; SRAM_D[8]           ; 2.5 V        ; 2000 ps         ; 2000 ps         ;
; SRAM_D[9]           ; 2.5 V        ; 2000 ps         ; 2000 ps         ;
; SRAM_D[10]          ; 2.5 V        ; 2000 ps         ; 2000 ps         ;
; SRAM_D[11]          ; 2.5 V        ; 2000 ps         ; 2000 ps         ;
; SRAM_D[12]          ; 2.5 V        ; 2000 ps         ; 2000 ps         ;
; SRAM_D[13]          ; 2.5 V        ; 2000 ps         ; 2000 ps         ;
; SRAM_D[14]          ; 2.5 V        ; 2000 ps         ; 2000 ps         ;
; SRAM_D[15]          ; 2.5 V        ; 2000 ps         ; 2000 ps         ;
; CPU_RESET_n         ; 2.5 V        ; 2000 ps         ; 2000 ps         ;
; CLOCK_50_B5B        ; 2.5 V        ; 2000 ps         ; 2000 ps         ;
; KEY[0]              ; 2.5 V        ; 2000 ps         ; 2000 ps         ;
; KEY[1]              ; 2.5 V        ; 2000 ps         ; 2000 ps         ;
; KEY[2]              ; 2.5 V        ; 2000 ps         ; 2000 ps         ;
; altera_reserved_tms ; 2.5 V        ; 2000 ps         ; 2000 ps         ;
; altera_reserved_tck ; 2.5 V        ; 2000 ps         ; 2000 ps         ;
; altera_reserved_tdi ; 2.5 V        ; 2000 ps         ; 2000 ps         ;
+---------------------+--------------+-----------------+-----------------+


+--------------------------------------------------------------------------------------------------------------------------------------------------------------------------------------------------------------------------------------------------------------------------------------------------------------------------------------------------------------------------------------------------------------------------------------------------------------------------------------------------------------------------------------------------------------------------------------------------------------------------------------------------------------------------------------------------+
; Signal Integrity Metrics (Slow 1100mv 0c Model)                                                                                                                                                                                                                                                                                                                                                                                                                                                                                                                                                                                                                                                  ;
+---------------------+--------------+---------------------+---------------------+------------------------------+------------------------------+---------------------+---------------------+--------------------------------------+--------------------------------------+-----------------------------+-----------------------------+----------------------------+----------------------------+-----------------------------+-----------------------------+--------------------+--------------------+-------------------------------------+-------------------------------------+----------------------------+----------------------------+---------------------------+---------------------------+
; Pin                 ; I/O Standard ; Board Delay on Rise ; Board Delay on Fall ; Steady State Voh at FPGA Pin ; Steady State Vol at FPGA Pin ; Voh Max at FPGA Pin ; Vol Min at FPGA Pin ; Ringback Voltage on Rise at FPGA Pin ; Ringback Voltage on Fall at FPGA Pin ; 10-90 Rise Time at FPGA Pin ; 90-10 Fall Time at FPGA Pin ; Monotonic Rise at FPGA Pin ; Monotonic Fall at FPGA Pin ; Steady State Voh at Far-end ; Steady State Vol at Far-end ; Voh Max at Far-end ; Vol Min at Far-end ; Ringback Voltage on Rise at Far-end ; Ringback Voltage on Fall at Far-end ; 10-90 Rise Time at Far-end ; 90-10 Fall Time at Far-end ; Monotonic Rise at Far-end ; Monotonic Fall at Far-end ;
+---------------------+--------------+---------------------+---------------------+------------------------------+------------------------------+---------------------+---------------------+--------------------------------------+--------------------------------------+-----------------------------+-----------------------------+----------------------------+----------------------------+-----------------------------+-----------------------------+--------------------+--------------------+-------------------------------------+-------------------------------------+----------------------------+----------------------------+---------------------------+---------------------------+
; LEDG[0]             ; 2.5 V        ; 0 s                 ; 0 s                 ; 2.32 V                       ; 3.52e-07 V                   ; 2.42 V              ; -0.0568 V           ; 0.173 V                              ; 0.113 V                              ; 4.5e-10 s                   ; 4.35e-10 s                  ; No                         ; No                         ; 2.32 V                      ; 3.52e-07 V                  ; 2.42 V             ; -0.0568 V          ; 0.173 V                             ; 0.113 V                             ; 4.5e-10 s                  ; 4.35e-10 s                 ; No                        ; No                        ;
; LEDG[1]             ; 2.5 V        ; 0 s                 ; 0 s                 ; 2.32 V                       ; 3.52e-07 V                   ; 2.42 V              ; -0.0568 V           ; 0.173 V                              ; 0.113 V                              ; 4.5e-10 s                   ; 4.35e-10 s                  ; No                         ; No                         ; 2.32 V                      ; 3.52e-07 V                  ; 2.42 V             ; -0.0568 V          ; 0.173 V                             ; 0.113 V                             ; 4.5e-10 s                  ; 4.35e-10 s                 ; No                        ; No                        ;
; LEDG[2]             ; 2.5 V        ; 0 s                 ; 0 s                 ; 2.32 V                       ; 3.07e-07 V                   ; 2.36 V              ; -0.0231 V           ; 0.14 V                               ; 0.089 V                              ; 4.52e-10 s                  ; 4.35e-10 s                  ; No                         ; Yes                        ; 2.32 V                      ; 3.07e-07 V                  ; 2.36 V             ; -0.0231 V          ; 0.14 V                              ; 0.089 V                             ; 4.52e-10 s                 ; 4.35e-10 s                 ; No                        ; Yes                       ;
; LEDG[3]             ; 2.5 V        ; 0 s                 ; 0 s                 ; 2.32 V                       ; 3.52e-07 V                   ; 2.42 V              ; -0.0568 V           ; 0.173 V                              ; 0.113 V                              ; 4.5e-10 s                   ; 4.35e-10 s                  ; No                         ; No                         ; 2.32 V                      ; 3.52e-07 V                  ; 2.42 V             ; -0.0568 V          ; 0.173 V                             ; 0.113 V                             ; 4.5e-10 s                  ; 4.35e-10 s                 ; No                        ; No                        ;
; LEDG[4]             ; 2.5 V        ; 0 s                 ; 0 s                 ; 2.32 V                       ; 3.07e-07 V                   ; 2.36 V              ; -0.0231 V           ; 0.14 V                               ; 0.089 V                              ; 4.52e-10 s                  ; 4.35e-10 s                  ; No                         ; Yes                        ; 2.32 V                      ; 3.07e-07 V                  ; 2.36 V             ; -0.0231 V          ; 0.14 V                              ; 0.089 V                             ; 4.52e-10 s                 ; 4.35e-10 s                 ; No                        ; Yes                       ;
; LEDG[5]             ; 2.5 V        ; 0 s                 ; 0 s                 ; 2.32 V                       ; 3.52e-07 V                   ; 2.42 V              ; -0.0557 V           ; 0.175 V                              ; 0.114 V                              ; 4.5e-10 s                   ; 4.35e-10 s                  ; No                         ; No                         ; 2.32 V                      ; 3.52e-07 V                  ; 2.42 V             ; -0.0557 V          ; 0.175 V                             ; 0.114 V                             ; 4.5e-10 s                  ; 4.35e-10 s                 ; No                        ; No                        ;
; LEDG[6]             ; 2.5 V        ; 0 s                 ; 0 s                 ; 2.32 V                       ; 3.52e-07 V                   ; 2.42 V              ; -0.0557 V           ; 0.175 V                              ; 0.114 V                              ; 4.5e-10 s                   ; 4.35e-10 s                  ; No                         ; No                         ; 2.32 V                      ; 3.52e-07 V                  ; 2.42 V             ; -0.0557 V          ; 0.175 V                             ; 0.114 V                             ; 4.5e-10 s                  ; 4.35e-10 s                 ; No                        ; No                        ;
; LEDG[7]             ; 2.5 V        ; 0 s                 ; 0 s                 ; 2.32 V                       ; 3.52e-07 V                   ; 2.42 V              ; -0.0557 V           ; 0.175 V                              ; 0.114 V                              ; 4.5e-10 s                   ; 4.35e-10 s                  ; No                         ; No                         ; 2.32 V                      ; 3.52e-07 V                  ; 2.42 V             ; -0.0557 V          ; 0.175 V                             ; 0.114 V                             ; 4.5e-10 s                  ; 4.35e-10 s                 ; No                        ; No                        ;
; LEDR[0]             ; 2.5 V        ; 0 s                 ; 0 s                 ; 2.32 V                       ; 3.07e-07 V                   ; 2.36 V              ; -0.0231 V           ; 0.14 V                               ; 0.089 V                              ; 4.52e-10 s                  ; 4.35e-10 s                  ; No                         ; Yes                        ; 2.32 V                      ; 3.07e-07 V                  ; 2.36 V             ; -0.0231 V          ; 0.14 V                              ; 0.089 V                             ; 4.52e-10 s                 ; 4.35e-10 s                 ; No                        ; Yes                       ;
; LEDR[1]             ; 2.5 V        ; 0 s                 ; 0 s                 ; 2.32 V                       ; 3.07e-07 V                   ; 2.36 V              ; -0.0231 V           ; 0.14 V                               ; 0.089 V                              ; 4.52e-10 s                  ; 4.35e-10 s                  ; No                         ; Yes                        ; 2.32 V                      ; 3.07e-07 V                  ; 2.36 V             ; -0.0231 V          ; 0.14 V                              ; 0.089 V                             ; 4.52e-10 s                 ; 4.35e-10 s                 ; No                        ; Yes                       ;
; LEDR[2]             ; 2.5 V        ; 0 s                 ; 0 s                 ; 2.32 V                       ; 3.52e-07 V                   ; 2.42 V              ; -0.0568 V           ; 0.173 V                              ; 0.113 V                              ; 4.5e-10 s                   ; 4.35e-10 s                  ; No                         ; No                         ; 2.32 V                      ; 3.52e-07 V                  ; 2.42 V             ; -0.0568 V          ; 0.173 V                             ; 0.113 V                             ; 4.5e-10 s                  ; 4.35e-10 s                 ; No                        ; No                        ;
; LEDR[3]             ; 2.5 V        ; 0 s                 ; 0 s                 ; 2.32 V                       ; 3.6e-07 V                    ; 2.41 V              ; -0.0463 V           ; 0.201 V                              ; 0.131 V                              ; 4.61e-10 s                  ; 4.53e-10 s                  ; No                         ; Yes                        ; 2.32 V                      ; 3.6e-07 V                   ; 2.41 V             ; -0.0463 V          ; 0.201 V                             ; 0.131 V                             ; 4.61e-10 s                 ; 4.53e-10 s                 ; No                        ; Yes                       ;
; LEDR[4]             ; 2.5 V        ; 0 s                 ; 0 s                 ; 2.32 V                       ; 3.52e-07 V                   ; 2.42 V              ; -0.0557 V           ; 0.175 V                              ; 0.114 V                              ; 4.5e-10 s                   ; 4.35e-10 s                  ; No                         ; No                         ; 2.32 V                      ; 3.52e-07 V                  ; 2.42 V             ; -0.0557 V          ; 0.175 V                             ; 0.114 V                             ; 4.5e-10 s                  ; 4.35e-10 s                 ; No                        ; No                        ;
; LEDR[5]             ; 2.5 V        ; 0 s                 ; 0 s                 ; 2.32 V                       ; 3.52e-07 V                   ; 2.42 V              ; -0.0568 V           ; 0.173 V                              ; 0.113 V                              ; 4.5e-10 s                   ; 4.35e-10 s                  ; No                         ; No                         ; 2.32 V                      ; 3.52e-07 V                  ; 2.42 V             ; -0.0568 V          ; 0.173 V                             ; 0.113 V                             ; 4.5e-10 s                  ; 4.35e-10 s                 ; No                        ; No                        ;
; LEDR[6]             ; 2.5 V        ; 0 s                 ; 0 s                 ; 2.32 V                       ; 3.6e-07 V                    ; 2.41 V              ; -0.0463 V           ; 0.201 V                              ; 0.131 V                              ; 4.61e-10 s                  ; 4.53e-10 s                  ; No                         ; Yes                        ; 2.32 V                      ; 3.6e-07 V                   ; 2.41 V             ; -0.0463 V          ; 0.201 V                             ; 0.131 V                             ; 4.61e-10 s                 ; 4.53e-10 s                 ; No                        ; Yes                       ;
; LEDR[7]             ; 2.5 V        ; 0 s                 ; 0 s                 ; 2.32 V                       ; 3.52e-07 V                   ; 2.42 V              ; -0.0568 V           ; 0.173 V                              ; 0.113 V                              ; 4.5e-10 s                   ; 4.35e-10 s                  ; No                         ; No                         ; 2.32 V                      ; 3.52e-07 V                  ; 2.42 V             ; -0.0568 V          ; 0.173 V                             ; 0.113 V                             ; 4.5e-10 s                  ; 4.35e-10 s                 ; No                        ; No                        ;
; LEDR[8]             ; 2.5 V        ; 0 s                 ; 0 s                 ; 2.32 V                       ; 3.6e-07 V                    ; 2.41 V              ; -0.0463 V           ; 0.201 V                              ; 0.131 V                              ; 4.61e-10 s                  ; 4.53e-10 s                  ; No                         ; Yes                        ; 2.32 V                      ; 3.6e-07 V                   ; 2.41 V             ; -0.0463 V          ; 0.201 V                             ; 0.131 V                             ; 4.61e-10 s                 ; 4.53e-10 s                 ; No                        ; Yes                       ;
; LEDR[9]             ; 2.5 V        ; 0 s                 ; 0 s                 ; 2.32 V                       ; 3.6e-07 V                    ; 2.41 V              ; -0.0463 V           ; 0.201 V                              ; 0.131 V                              ; 4.61e-10 s                  ; 4.53e-10 s                  ; No                         ; Yes                        ; 2.32 V                      ; 3.6e-07 V                   ; 2.41 V             ; -0.0463 V          ; 0.201 V                             ; 0.131 V                             ; 4.61e-10 s                 ; 4.53e-10 s                 ; No                        ; Yes                       ;
; HEX0[0]             ; 2.5 V        ; 0 s                 ; 0 s                 ; 2.32 V                       ; 3.07e-07 V                   ; 2.36 V              ; -0.0231 V           ; 0.14 V                               ; 0.089 V                              ; 4.52e-10 s                  ; 4.35e-10 s                  ; No                         ; Yes                        ; 2.32 V                      ; 3.07e-07 V                  ; 2.36 V             ; -0.0231 V          ; 0.14 V                              ; 0.089 V                             ; 4.52e-10 s                 ; 4.35e-10 s                 ; No                        ; Yes                       ;
; HEX0[1]             ; 2.5 V        ; 0 s                 ; 0 s                 ; 2.32 V                       ; 3.52e-07 V                   ; 2.42 V              ; -0.0557 V           ; 0.175 V                              ; 0.114 V                              ; 4.5e-10 s                   ; 4.35e-10 s                  ; No                         ; No                         ; 2.32 V                      ; 3.52e-07 V                  ; 2.42 V             ; -0.0557 V          ; 0.175 V                             ; 0.114 V                             ; 4.5e-10 s                  ; 4.35e-10 s                 ; No                        ; No                        ;
; HEX0[2]             ; 2.5 V        ; 0 s                 ; 0 s                 ; 2.32 V                       ; 3.07e-07 V                   ; 2.36 V              ; -0.0231 V           ; 0.14 V                               ; 0.089 V                              ; 4.52e-10 s                  ; 4.35e-10 s                  ; No                         ; Yes                        ; 2.32 V                      ; 3.07e-07 V                  ; 2.36 V             ; -0.0231 V          ; 0.14 V                              ; 0.089 V                             ; 4.52e-10 s                 ; 4.35e-10 s                 ; No                        ; Yes                       ;
; HEX0[3]             ; 2.5 V        ; 0 s                 ; 0 s                 ; 2.32 V                       ; 3.52e-07 V                   ; 2.42 V              ; -0.0557 V           ; 0.175 V                              ; 0.114 V                              ; 4.5e-10 s                   ; 4.35e-10 s                  ; No                         ; No                         ; 2.32 V                      ; 3.52e-07 V                  ; 2.42 V             ; -0.0557 V          ; 0.175 V                             ; 0.114 V                             ; 4.5e-10 s                  ; 4.35e-10 s                 ; No                        ; No                        ;
; HEX0[4]             ; 2.5 V        ; 0 s                 ; 0 s                 ; 2.32 V                       ; 3.6e-07 V                    ; 2.41 V              ; -0.0463 V           ; 0.201 V                              ; 0.131 V                              ; 4.61e-10 s                  ; 4.53e-10 s                  ; No                         ; Yes                        ; 2.32 V                      ; 3.6e-07 V                   ; 2.41 V             ; -0.0463 V          ; 0.201 V                             ; 0.131 V                             ; 4.61e-10 s                 ; 4.53e-10 s                 ; No                        ; Yes                       ;
; HEX0[5]             ; 2.5 V        ; 0 s                 ; 0 s                 ; 2.32 V                       ; 3.52e-07 V                   ; 2.42 V              ; -0.0568 V           ; 0.173 V                              ; 0.113 V                              ; 4.5e-10 s                   ; 4.35e-10 s                  ; No                         ; No                         ; 2.32 V                      ; 3.52e-07 V                  ; 2.42 V             ; -0.0568 V          ; 0.173 V                             ; 0.113 V                             ; 4.5e-10 s                  ; 4.35e-10 s                 ; No                        ; No                        ;
; HEX0[6]             ; 2.5 V        ; 0 s                 ; 0 s                 ; 2.32 V                       ; 3.07e-07 V                   ; 2.36 V              ; -0.0231 V           ; 0.14 V                               ; 0.089 V                              ; 4.52e-10 s                  ; 4.35e-10 s                  ; No                         ; Yes                        ; 2.32 V                      ; 3.07e-07 V                  ; 2.36 V             ; -0.0231 V          ; 0.14 V                              ; 0.089 V                             ; 4.52e-10 s                 ; 4.35e-10 s                 ; No                        ; Yes                       ;
; HEX1[0]             ; 2.5 V        ; 0 s                 ; 0 s                 ; 2.32 V                       ; 3.52e-07 V                   ; 2.42 V              ; -0.0568 V           ; 0.173 V                              ; 0.113 V                              ; 4.5e-10 s                   ; 4.35e-10 s                  ; No                         ; No                         ; 2.32 V                      ; 3.52e-07 V                  ; 2.42 V             ; -0.0568 V          ; 0.173 V                             ; 0.113 V                             ; 4.5e-10 s                  ; 4.35e-10 s                 ; No                        ; No                        ;
; HEX1[1]             ; 2.5 V        ; 0 s                 ; 0 s                 ; 2.32 V                       ; 3.52e-07 V                   ; 2.42 V              ; -0.0557 V           ; 0.175 V                              ; 0.114 V                              ; 4.5e-10 s                   ; 4.35e-10 s                  ; No                         ; No                         ; 2.32 V                      ; 3.52e-07 V                  ; 2.42 V             ; -0.0557 V          ; 0.175 V                             ; 0.114 V                             ; 4.5e-10 s                  ; 4.35e-10 s                 ; No                        ; No                        ;
; HEX1[2]             ; 2.5 V        ; 0 s                 ; 0 s                 ; 2.32 V                       ; 3.6e-07 V                    ; 2.41 V              ; -0.0463 V           ; 0.201 V                              ; 0.131 V                              ; 4.61e-10 s                  ; 4.53e-10 s                  ; No                         ; Yes                        ; 2.32 V                      ; 3.6e-07 V                   ; 2.41 V             ; -0.0463 V          ; 0.201 V                             ; 0.131 V                             ; 4.61e-10 s                 ; 4.53e-10 s                 ; No                        ; Yes                       ;
; HEX1[3]             ; 2.5 V        ; 0 s                 ; 0 s                 ; 2.32 V                       ; 3.52e-07 V                   ; 2.42 V              ; -0.0557 V           ; 0.175 V                              ; 0.114 V                              ; 4.5e-10 s                   ; 4.35e-10 s                  ; No                         ; No                         ; 2.32 V                      ; 3.52e-07 V                  ; 2.42 V             ; -0.0557 V          ; 0.175 V                             ; 0.114 V                             ; 4.5e-10 s                  ; 4.35e-10 s                 ; No                        ; No                        ;
; HEX1[4]             ; 2.5 V        ; 0 s                 ; 0 s                 ; 2.32 V                       ; 3.6e-07 V                    ; 2.41 V              ; -0.0463 V           ; 0.201 V                              ; 0.131 V                              ; 4.61e-10 s                  ; 4.53e-10 s                  ; No                         ; Yes                        ; 2.32 V                      ; 3.6e-07 V                   ; 2.41 V             ; -0.0463 V          ; 0.201 V                             ; 0.131 V                             ; 4.61e-10 s                 ; 4.53e-10 s                 ; No                        ; Yes                       ;
; HEX1[5]             ; 2.5 V        ; 0 s                 ; 0 s                 ; 2.32 V                       ; 3.52e-07 V                   ; 2.42 V              ; -0.0568 V           ; 0.173 V                              ; 0.113 V                              ; 4.5e-10 s                   ; 4.35e-10 s                  ; No                         ; No                         ; 2.32 V                      ; 3.52e-07 V                  ; 2.42 V             ; -0.0568 V          ; 0.173 V                             ; 0.113 V                             ; 4.5e-10 s                  ; 4.35e-10 s                 ; No                        ; No                        ;
; HEX1[6]             ; 2.5 V        ; 0 s                 ; 0 s                 ; 2.32 V                       ; 3.52e-07 V                   ; 2.42 V              ; -0.0557 V           ; 0.175 V                              ; 0.114 V                              ; 4.5e-10 s                   ; 4.35e-10 s                  ; No                         ; No                         ; 2.32 V                      ; 3.52e-07 V                  ; 2.42 V             ; -0.0557 V          ; 0.175 V                             ; 0.114 V                             ; 4.5e-10 s                  ; 4.35e-10 s                 ; No                        ; No                        ;
; HEX2[0]             ; 2.5 V        ; 0 s                 ; 0 s                 ; 2.32 V                       ; 3.6e-07 V                    ; 2.41 V              ; -0.0463 V           ; 0.201 V                              ; 0.131 V                              ; 4.61e-10 s                  ; 4.53e-10 s                  ; No                         ; Yes                        ; 2.32 V                      ; 3.6e-07 V                   ; 2.41 V             ; -0.0463 V          ; 0.201 V                             ; 0.131 V                             ; 4.61e-10 s                 ; 4.53e-10 s                 ; No                        ; Yes                       ;
; HEX2[1]             ; 2.5 V        ; 0 s                 ; 0 s                 ; 2.32 V                       ; 3.07e-07 V                   ; 2.36 V              ; -0.0231 V           ; 0.14 V                               ; 0.089 V                              ; 4.52e-10 s                  ; 4.35e-10 s                  ; No                         ; Yes                        ; 2.32 V                      ; 3.07e-07 V                  ; 2.36 V             ; -0.0231 V          ; 0.14 V                              ; 0.089 V                             ; 4.52e-10 s                 ; 4.35e-10 s                 ; No                        ; Yes                       ;
; HEX2[2]             ; 2.5 V        ; 0 s                 ; 0 s                 ; 2.32 V                       ; 3.07e-07 V                   ; 2.36 V              ; -0.0231 V           ; 0.14 V                               ; 0.089 V                              ; 4.52e-10 s                  ; 4.35e-10 s                  ; No                         ; Yes                        ; 2.32 V                      ; 3.07e-07 V                  ; 2.36 V             ; -0.0231 V          ; 0.14 V                              ; 0.089 V                             ; 4.52e-10 s                 ; 4.35e-10 s                 ; No                        ; Yes                       ;
; HEX2[3]             ; 2.5 V        ; 0 s                 ; 0 s                 ; 2.32 V                       ; 3.52e-07 V                   ; 2.42 V              ; -0.0568 V           ; 0.173 V                              ; 0.113 V                              ; 4.5e-10 s                   ; 4.35e-10 s                  ; No                         ; No                         ; 2.32 V                      ; 3.52e-07 V                  ; 2.42 V             ; -0.0568 V          ; 0.173 V                             ; 0.113 V                             ; 4.5e-10 s                  ; 4.35e-10 s                 ; No                        ; No                        ;
; HEX2[4]             ; 2.5 V        ; 0 s                 ; 0 s                 ; 2.32 V                       ; 3.6e-07 V                    ; 2.41 V              ; -0.0463 V           ; 0.201 V                              ; 0.131 V                              ; 4.61e-10 s                  ; 4.53e-10 s                  ; No                         ; Yes                        ; 2.32 V                      ; 3.6e-07 V                   ; 2.41 V             ; -0.0463 V          ; 0.201 V                             ; 0.131 V                             ; 4.61e-10 s                 ; 4.53e-10 s                 ; No                        ; Yes                       ;
; HEX2[5]             ; 2.5 V        ; 0 s                 ; 0 s                 ; 2.32 V                       ; 3.6e-07 V                    ; 2.41 V              ; -0.0463 V           ; 0.201 V                              ; 0.131 V                              ; 4.61e-10 s                  ; 4.53e-10 s                  ; No                         ; Yes                        ; 2.32 V                      ; 3.6e-07 V                   ; 2.41 V             ; -0.0463 V          ; 0.201 V                             ; 0.131 V                             ; 4.61e-10 s                 ; 4.53e-10 s                 ; No                        ; Yes                       ;
; HEX2[6]             ; 2.5 V        ; 0 s                 ; 0 s                 ; 2.32 V                       ; 3.52e-07 V                   ; 2.42 V              ; -0.0568 V           ; 0.173 V                              ; 0.113 V                              ; 4.5e-10 s                   ; 4.35e-10 s                  ; No                         ; No                         ; 2.32 V                      ; 3.52e-07 V                  ; 2.42 V             ; -0.0568 V          ; 0.173 V                             ; 0.113 V                             ; 4.5e-10 s                  ; 4.35e-10 s                 ; No                        ; No                        ;
; HEX3[0]             ; 2.5 V        ; 0 s                 ; 0 s                 ; 2.32 V                       ; 3.52e-07 V                   ; 2.42 V              ; -0.0557 V           ; 0.175 V                              ; 0.114 V                              ; 4.5e-10 s                   ; 4.35e-10 s                  ; No                         ; No                         ; 2.32 V                      ; 3.52e-07 V                  ; 2.42 V             ; -0.0557 V          ; 0.175 V                             ; 0.114 V                             ; 4.5e-10 s                  ; 4.35e-10 s                 ; No                        ; No                        ;
; HEX3[1]             ; 2.5 V        ; 0 s                 ; 0 s                 ; 2.32 V                       ; 3.6e-07 V                    ; 2.41 V              ; -0.0463 V           ; 0.201 V                              ; 0.131 V                              ; 4.61e-10 s                  ; 4.53e-10 s                  ; No                         ; Yes                        ; 2.32 V                      ; 3.6e-07 V                   ; 2.41 V             ; -0.0463 V          ; 0.201 V                             ; 0.131 V                             ; 4.61e-10 s                 ; 4.53e-10 s                 ; No                        ; Yes                       ;
; HEX3[2]             ; 2.5 V        ; 0 s                 ; 0 s                 ; 2.32 V                       ; 3.6e-07 V                    ; 2.41 V              ; -0.0463 V           ; 0.201 V                              ; 0.131 V                              ; 4.61e-10 s                  ; 4.53e-10 s                  ; No                         ; Yes                        ; 2.32 V                      ; 3.6e-07 V                   ; 2.41 V             ; -0.0463 V          ; 0.201 V                             ; 0.131 V                             ; 4.61e-10 s                 ; 4.53e-10 s                 ; No                        ; Yes                       ;
; HEX3[3]             ; 2.5 V        ; 0 s                 ; 0 s                 ; 2.32 V                       ; 3.07e-07 V                   ; 2.36 V              ; -0.0231 V           ; 0.14 V                               ; 0.089 V                              ; 4.52e-10 s                  ; 4.35e-10 s                  ; No                         ; Yes                        ; 2.32 V                      ; 3.07e-07 V                  ; 2.36 V             ; -0.0231 V          ; 0.14 V                              ; 0.089 V                             ; 4.52e-10 s                 ; 4.35e-10 s                 ; No                        ; Yes                       ;
; HEX3[4]             ; 2.5 V        ; 0 s                 ; 0 s                 ; 2.32 V                       ; 3.52e-07 V                   ; 2.42 V              ; -0.0568 V           ; 0.173 V                              ; 0.113 V                              ; 4.5e-10 s                   ; 4.35e-10 s                  ; No                         ; No                         ; 2.32 V                      ; 3.52e-07 V                  ; 2.42 V             ; -0.0568 V          ; 0.173 V                             ; 0.113 V                             ; 4.5e-10 s                  ; 4.35e-10 s                 ; No                        ; No                        ;
; HEX3[5]             ; 2.5 V        ; 0 s                 ; 0 s                 ; 2.32 V                       ; 3.52e-07 V                   ; 2.42 V              ; -0.0557 V           ; 0.175 V                              ; 0.114 V                              ; 4.5e-10 s                   ; 4.35e-10 s                  ; No                         ; No                         ; 2.32 V                      ; 3.52e-07 V                  ; 2.42 V             ; -0.0557 V          ; 0.175 V                             ; 0.114 V                             ; 4.5e-10 s                  ; 4.35e-10 s                 ; No                        ; No                        ;
; HEX3[6]             ; 2.5 V        ; 0 s                 ; 0 s                 ; 2.32 V                       ; 3.52e-07 V                   ; 2.42 V              ; -0.0557 V           ; 0.175 V                              ; 0.114 V                              ; 4.5e-10 s                   ; 4.35e-10 s                  ; No                         ; No                         ; 2.32 V                      ; 3.52e-07 V                  ; 2.42 V             ; -0.0557 V          ; 0.175 V                             ; 0.114 V                             ; 4.5e-10 s                  ; 4.35e-10 s                 ; No                        ; No                        ;
; UART_TX             ; 2.5 V        ; 0 s                 ; 0 s                 ; 2.32 V                       ; 3.52e-07 V                   ; 2.42 V              ; -0.0568 V           ; 0.173 V                              ; 0.113 V                              ; 4.5e-10 s                   ; 4.35e-10 s                  ; No                         ; No                         ; 2.32 V                      ; 3.52e-07 V                  ; 2.42 V             ; -0.0568 V          ; 0.173 V                             ; 0.113 V                             ; 4.5e-10 s                  ; 4.35e-10 s                 ; No                        ; No                        ;
; SRAM_A[0]           ; 2.5 V        ; 0 s                 ; 0 s                 ; 2.32 V                       ; 3.52e-07 V                   ; 2.42 V              ; -0.0568 V           ; 0.173 V                              ; 0.113 V                              ; 4.5e-10 s                   ; 4.35e-10 s                  ; No                         ; No                         ; 2.32 V                      ; 3.52e-07 V                  ; 2.42 V             ; -0.0568 V          ; 0.173 V                             ; 0.113 V                             ; 4.5e-10 s                  ; 4.35e-10 s                 ; No                        ; No                        ;
; SRAM_A[1]           ; 2.5 V        ; 0 s                 ; 0 s                 ; 2.32 V                       ; 3.52e-07 V                   ; 2.42 V              ; -0.0568 V           ; 0.173 V                              ; 0.113 V                              ; 4.5e-10 s                   ; 4.35e-10 s                  ; No                         ; No                         ; 2.32 V                      ; 3.52e-07 V                  ; 2.42 V             ; -0.0568 V          ; 0.173 V                             ; 0.113 V                             ; 4.5e-10 s                  ; 4.35e-10 s                 ; No                        ; No                        ;
; SRAM_A[2]           ; 2.5 V        ; 0 s                 ; 0 s                 ; 2.32 V                       ; 3.07e-07 V                   ; 2.36 V              ; -0.0231 V           ; 0.14 V                               ; 0.089 V                              ; 4.52e-10 s                  ; 4.35e-10 s                  ; No                         ; Yes                        ; 2.32 V                      ; 3.07e-07 V                  ; 2.36 V             ; -0.0231 V          ; 0.14 V                              ; 0.089 V                             ; 4.52e-10 s                 ; 4.35e-10 s                 ; No                        ; Yes                       ;
; SRAM_A[3]           ; 2.5 V        ; 0 s                 ; 0 s                 ; 2.32 V                       ; 3.52e-07 V                   ; 2.42 V              ; -0.0557 V           ; 0.175 V                              ; 0.114 V                              ; 4.5e-10 s                   ; 4.35e-10 s                  ; No                         ; No                         ; 2.32 V                      ; 3.52e-07 V                  ; 2.42 V             ; -0.0557 V          ; 0.175 V                             ; 0.114 V                             ; 4.5e-10 s                  ; 4.35e-10 s                 ; No                        ; No                        ;
; SRAM_A[4]           ; 2.5 V        ; 0 s                 ; 0 s                 ; 2.32 V                       ; 3.07e-07 V                   ; 2.36 V              ; -0.0231 V           ; 0.14 V                               ; 0.089 V                              ; 4.52e-10 s                  ; 4.35e-10 s                  ; No                         ; Yes                        ; 2.32 V                      ; 3.07e-07 V                  ; 2.36 V             ; -0.0231 V          ; 0.14 V                              ; 0.089 V                             ; 4.52e-10 s                 ; 4.35e-10 s                 ; No                        ; Yes                       ;
; SRAM_A[5]           ; 2.5 V        ; 0 s                 ; 0 s                 ; 2.32 V                       ; 3.6e-07 V                    ; 2.41 V              ; -0.0463 V           ; 0.201 V                              ; 0.131 V                              ; 4.61e-10 s                  ; 4.53e-10 s                  ; No                         ; Yes                        ; 2.32 V                      ; 3.6e-07 V                   ; 2.41 V             ; -0.0463 V          ; 0.201 V                             ; 0.131 V                             ; 4.61e-10 s                 ; 4.53e-10 s                 ; No                        ; Yes                       ;
; SRAM_A[6]           ; 2.5 V        ; 0 s                 ; 0 s                 ; 2.32 V                       ; 3.52e-07 V                   ; 2.42 V              ; -0.0568 V           ; 0.173 V                              ; 0.113 V                              ; 4.5e-10 s                   ; 4.35e-10 s                  ; No                         ; No                         ; 2.32 V                      ; 3.52e-07 V                  ; 2.42 V             ; -0.0568 V          ; 0.173 V                             ; 0.113 V                             ; 4.5e-10 s                  ; 4.35e-10 s                 ; No                        ; No                        ;
; SRAM_A[7]           ; 2.5 V        ; 0 s                 ; 0 s                 ; 2.32 V                       ; 3.52e-07 V                   ; 2.42 V              ; -0.0568 V           ; 0.173 V                              ; 0.113 V                              ; 4.5e-10 s                   ; 4.35e-10 s                  ; No                         ; No                         ; 2.32 V                      ; 3.52e-07 V                  ; 2.42 V             ; -0.0568 V          ; 0.173 V                             ; 0.113 V                             ; 4.5e-10 s                  ; 4.35e-10 s                 ; No                        ; No                        ;
; SRAM_A[8]           ; 2.5 V        ; 0 s                 ; 0 s                 ; 2.32 V                       ; 3.07e-07 V                   ; 2.36 V              ; -0.0231 V           ; 0.14 V                               ; 0.089 V                              ; 4.52e-10 s                  ; 4.35e-10 s                  ; No                         ; Yes                        ; 2.32 V                      ; 3.07e-07 V                  ; 2.36 V             ; -0.0231 V          ; 0.14 V                              ; 0.089 V                             ; 4.52e-10 s                 ; 4.35e-10 s                 ; No                        ; Yes                       ;
; SRAM_A[9]           ; 2.5 V        ; 0 s                 ; 0 s                 ; 2.32 V                       ; 3.6e-07 V                    ; 2.41 V              ; -0.0463 V           ; 0.201 V                              ; 0.131 V                              ; 4.61e-10 s                  ; 4.53e-10 s                  ; No                         ; Yes                        ; 2.32 V                      ; 3.6e-07 V                   ; 2.41 V             ; -0.0463 V          ; 0.201 V                             ; 0.131 V                             ; 4.61e-10 s                 ; 4.53e-10 s                 ; No                        ; Yes                       ;
; SRAM_A[10]          ; 2.5 V        ; 0 s                 ; 0 s                 ; 2.32 V                       ; 3.52e-07 V                   ; 2.42 V              ; -0.0557 V           ; 0.175 V                              ; 0.114 V                              ; 4.5e-10 s                   ; 4.35e-10 s                  ; No                         ; No                         ; 2.32 V                      ; 3.52e-07 V                  ; 2.42 V             ; -0.0557 V          ; 0.175 V                             ; 0.114 V                             ; 4.5e-10 s                  ; 4.35e-10 s                 ; No                        ; No                        ;
; SRAM_A[11]          ; 2.5 V        ; 0 s                 ; 0 s                 ; 2.32 V                       ; 3.6e-07 V                    ; 2.41 V              ; -0.0463 V           ; 0.201 V                              ; 0.131 V                              ; 4.61e-10 s                  ; 4.53e-10 s                  ; No                         ; Yes                        ; 2.32 V                      ; 3.6e-07 V                   ; 2.41 V             ; -0.0463 V          ; 0.201 V                             ; 0.131 V                             ; 4.61e-10 s                 ; 4.53e-10 s                 ; No                        ; Yes                       ;
; SRAM_A[12]          ; 2.5 V        ; 0 s                 ; 0 s                 ; 2.32 V                       ; 3.52e-07 V                   ; 2.42 V              ; -0.0568 V           ; 0.173 V                              ; 0.113 V                              ; 4.5e-10 s                   ; 4.35e-10 s                  ; No                         ; No                         ; 2.32 V                      ; 3.52e-07 V                  ; 2.42 V             ; -0.0568 V          ; 0.173 V                             ; 0.113 V                             ; 4.5e-10 s                  ; 4.35e-10 s                 ; No                        ; No                        ;
; SRAM_A[13]          ; 2.5 V        ; 0 s                 ; 0 s                 ; 2.32 V                       ; 3.52e-07 V                   ; 2.42 V              ; -0.0557 V           ; 0.175 V                              ; 0.114 V                              ; 4.5e-10 s                   ; 4.35e-10 s                  ; No                         ; No                         ; 2.32 V                      ; 3.52e-07 V                  ; 2.42 V             ; -0.0557 V          ; 0.175 V                             ; 0.114 V                             ; 4.5e-10 s                  ; 4.35e-10 s                 ; No                        ; No                        ;
; SRAM_A[14]          ; 2.5 V        ; 0 s                 ; 0 s                 ; 2.32 V                       ; 3.07e-07 V                   ; 2.36 V              ; -0.0231 V           ; 0.14 V                               ; 0.089 V                              ; 4.52e-10 s                  ; 4.35e-10 s                  ; No                         ; Yes                        ; 2.32 V                      ; 3.07e-07 V                  ; 2.36 V             ; -0.0231 V          ; 0.14 V                              ; 0.089 V                             ; 4.52e-10 s                 ; 4.35e-10 s                 ; No                        ; Yes                       ;
; SRAM_A[15]          ; 2.5 V        ; 0 s                 ; 0 s                 ; 2.32 V                       ; 3.07e-07 V                   ; 2.36 V              ; -0.0231 V           ; 0.14 V                               ; 0.089 V                              ; 4.52e-10 s                  ; 4.35e-10 s                  ; No                         ; Yes                        ; 2.32 V                      ; 3.07e-07 V                  ; 2.36 V             ; -0.0231 V          ; 0.14 V                              ; 0.089 V                             ; 4.52e-10 s                 ; 4.35e-10 s                 ; No                        ; Yes                       ;
; SRAM_A[16]          ; 2.5 V        ; 0 s                 ; 0 s                 ; 2.32 V                       ; 3.6e-07 V                    ; 2.41 V              ; -0.0463 V           ; 0.201 V                              ; 0.131 V                              ; 4.61e-10 s                  ; 4.53e-10 s                  ; No                         ; Yes                        ; 2.32 V                      ; 3.6e-07 V                   ; 2.41 V             ; -0.0463 V          ; 0.201 V                             ; 0.131 V                             ; 4.61e-10 s                 ; 4.53e-10 s                 ; No                        ; Yes                       ;
; SRAM_A[17]          ; 2.5 V        ; 0 s                 ; 0 s                 ; 2.32 V                       ; 3.52e-07 V                   ; 2.42 V              ; -0.0557 V           ; 0.175 V                              ; 0.114 V                              ; 4.5e-10 s                   ; 4.35e-10 s                  ; No                         ; No                         ; 2.32 V                      ; 3.52e-07 V                  ; 2.42 V             ; -0.0557 V          ; 0.175 V                             ; 0.114 V                             ; 4.5e-10 s                  ; 4.35e-10 s                 ; No                        ; No                        ;
; SRAM_CE_n           ; 2.5 V        ; 0 s                 ; 0 s                 ; 2.32 V                       ; 3.07e-07 V                   ; 2.36 V              ; -0.0231 V           ; 0.14 V                               ; 0.089 V                              ; 4.52e-10 s                  ; 4.35e-10 s                  ; No                         ; Yes                        ; 2.32 V                      ; 3.07e-07 V                  ; 2.36 V             ; -0.0231 V          ; 0.14 V                              ; 0.089 V                             ; 4.52e-10 s                 ; 4.35e-10 s                 ; No                        ; Yes                       ;
; SRAM_LB_n           ; 2.5 V        ; 0 s                 ; 0 s                 ; 2.32 V                       ; 3.6e-07 V                    ; 2.41 V              ; -0.0463 V           ; 0.201 V                              ; 0.131 V                              ; 4.61e-10 s                  ; 4.53e-10 s                  ; No                         ; Yes                        ; 2.32 V                      ; 3.6e-07 V                   ; 2.41 V             ; -0.0463 V          ; 0.201 V                             ; 0.131 V                             ; 4.61e-10 s                 ; 4.53e-10 s                 ; No                        ; Yes                       ;
; SRAM_OE_n           ; 2.5 V        ; 0 s                 ; 0 s                 ; 2.32 V                       ; 3.52e-07 V                   ; 2.42 V              ; -0.0568 V           ; 0.173 V                              ; 0.113 V                              ; 4.5e-10 s                   ; 4.35e-10 s                  ; No                         ; No                         ; 2.32 V                      ; 3.52e-07 V                  ; 2.42 V             ; -0.0568 V          ; 0.173 V                             ; 0.113 V                             ; 4.5e-10 s                  ; 4.35e-10 s                 ; No                        ; No                        ;
; SRAM_UB_n           ; 2.5 V        ; 0 s                 ; 0 s                 ; 2.32 V                       ; 3.52e-07 V                   ; 2.42 V              ; -0.0557 V           ; 0.175 V                              ; 0.114 V                              ; 4.5e-10 s                   ; 4.35e-10 s                  ; No                         ; No                         ; 2.32 V                      ; 3.52e-07 V                  ; 2.42 V             ; -0.0557 V          ; 0.175 V                             ; 0.114 V                             ; 4.5e-10 s                  ; 4.35e-10 s                 ; No                        ; No                        ;
; SRAM_WE_n           ; 2.5 V        ; 0 s                 ; 0 s                 ; 2.32 V                       ; 3.07e-07 V                   ; 2.36 V              ; -0.0231 V           ; 0.14 V                               ; 0.089 V                              ; 4.52e-10 s                  ; 4.35e-10 s                  ; No                         ; Yes                        ; 2.32 V                      ; 3.07e-07 V                  ; 2.36 V             ; -0.0231 V          ; 0.14 V                              ; 0.089 V                             ; 4.52e-10 s                 ; 4.35e-10 s                 ; No                        ; Yes                       ;
; SRAM_D[0]           ; 2.5 V        ; 0 s                 ; 0 s                 ; 2.32 V                       ; 3.07e-07 V                   ; 2.36 V              ; -0.0231 V           ; 0.14 V                               ; 0.089 V                              ; 4.52e-10 s                  ; 4.35e-10 s                  ; No                         ; Yes                        ; 2.32 V                      ; 3.07e-07 V                  ; 2.36 V             ; -0.0231 V          ; 0.14 V                              ; 0.089 V                             ; 4.52e-10 s                 ; 4.35e-10 s                 ; No                        ; Yes                       ;
; SRAM_D[1]           ; 2.5 V        ; 0 s                 ; 0 s                 ; 2.32 V                       ; 3.52e-07 V                   ; 2.42 V              ; -0.0557 V           ; 0.175 V                              ; 0.114 V                              ; 4.5e-10 s                   ; 4.35e-10 s                  ; No                         ; No                         ; 2.32 V                      ; 3.52e-07 V                  ; 2.42 V             ; -0.0557 V          ; 0.175 V                             ; 0.114 V                             ; 4.5e-10 s                  ; 4.35e-10 s                 ; No                        ; No                        ;
; SRAM_D[2]           ; 2.5 V        ; 0 s                 ; 0 s                 ; 2.32 V                       ; 3.6e-07 V                    ; 2.41 V              ; -0.0463 V           ; 0.201 V                              ; 0.131 V                              ; 4.61e-10 s                  ; 4.53e-10 s                  ; No                         ; Yes                        ; 2.32 V                      ; 3.6e-07 V                   ; 2.41 V             ; -0.0463 V          ; 0.201 V                             ; 0.131 V                             ; 4.61e-10 s                 ; 4.53e-10 s                 ; No                        ; Yes                       ;
; SRAM_D[3]           ; 2.5 V        ; 0 s                 ; 0 s                 ; 2.32 V                       ; 3.52e-07 V                   ; 2.42 V              ; -0.0557 V           ; 0.175 V                              ; 0.114 V                              ; 4.5e-10 s                   ; 4.35e-10 s                  ; No                         ; No                         ; 2.32 V                      ; 3.52e-07 V                  ; 2.42 V             ; -0.0557 V          ; 0.175 V                             ; 0.114 V                             ; 4.5e-10 s                  ; 4.35e-10 s                 ; No                        ; No                        ;
; SRAM_D[4]           ; 2.5 V        ; 0 s                 ; 0 s                 ; 2.32 V                       ; 3.52e-07 V                   ; 2.42 V              ; -0.0568 V           ; 0.173 V                              ; 0.113 V                              ; 4.5e-10 s                   ; 4.35e-10 s                  ; No                         ; No                         ; 2.32 V                      ; 3.52e-07 V                  ; 2.42 V             ; -0.0568 V          ; 0.173 V                             ; 0.113 V                             ; 4.5e-10 s                  ; 4.35e-10 s                 ; No                        ; No                        ;
; SRAM_D[5]           ; 2.5 V        ; 0 s                 ; 0 s                 ; 2.32 V                       ; 3.52e-07 V                   ; 2.42 V              ; -0.0568 V           ; 0.173 V                              ; 0.113 V                              ; 4.5e-10 s                   ; 4.35e-10 s                  ; No                         ; No                         ; 2.32 V                      ; 3.52e-07 V                  ; 2.42 V             ; -0.0568 V          ; 0.173 V                             ; 0.113 V                             ; 4.5e-10 s                  ; 4.35e-10 s                 ; No                        ; No                        ;
; SRAM_D[6]           ; 2.5 V        ; 0 s                 ; 0 s                 ; 2.32 V                       ; 3.07e-07 V                   ; 2.36 V              ; -0.0231 V           ; 0.14 V                               ; 0.089 V                              ; 4.52e-10 s                  ; 4.35e-10 s                  ; No                         ; Yes                        ; 2.32 V                      ; 3.07e-07 V                  ; 2.36 V             ; -0.0231 V          ; 0.14 V                              ; 0.089 V                             ; 4.52e-10 s                 ; 4.35e-10 s                 ; No                        ; Yes                       ;
; SRAM_D[7]           ; 2.5 V        ; 0 s                 ; 0 s                 ; 2.32 V                       ; 3.07e-07 V                   ; 2.36 V              ; -0.0231 V           ; 0.14 V                               ; 0.089 V                              ; 4.52e-10 s                  ; 4.35e-10 s                  ; No                         ; Yes                        ; 2.32 V                      ; 3.07e-07 V                  ; 2.36 V             ; -0.0231 V          ; 0.14 V                              ; 0.089 V                             ; 4.52e-10 s                 ; 4.35e-10 s                 ; No                        ; Yes                       ;
; SRAM_D[8]           ; 2.5 V        ; 0 s                 ; 0 s                 ; 2.32 V                       ; 3.07e-07 V                   ; 2.36 V              ; -0.0231 V           ; 0.14 V                               ; 0.089 V                              ; 4.52e-10 s                  ; 4.35e-10 s                  ; No                         ; Yes                        ; 2.32 V                      ; 3.07e-07 V                  ; 2.36 V             ; -0.0231 V          ; 0.14 V                              ; 0.089 V                             ; 4.52e-10 s                 ; 4.35e-10 s                 ; No                        ; Yes                       ;
; SRAM_D[9]           ; 2.5 V        ; 0 s                 ; 0 s                 ; 2.32 V                       ; 3.52e-07 V                   ; 2.42 V              ; -0.0557 V           ; 0.175 V                              ; 0.114 V                              ; 4.5e-10 s                   ; 4.35e-10 s                  ; No                         ; No                         ; 2.32 V                      ; 3.52e-07 V                  ; 2.42 V             ; -0.0557 V          ; 0.175 V                             ; 0.114 V                             ; 4.5e-10 s                  ; 4.35e-10 s                 ; No                        ; No                        ;
; SRAM_D[10]          ; 2.5 V        ; 0 s                 ; 0 s                 ; 2.32 V                       ; 3.52e-07 V                   ; 2.42 V              ; -0.0557 V           ; 0.175 V                              ; 0.114 V                              ; 4.5e-10 s                   ; 4.35e-10 s                  ; No                         ; No                         ; 2.32 V                      ; 3.52e-07 V                  ; 2.42 V             ; -0.0557 V          ; 0.175 V                             ; 0.114 V                             ; 4.5e-10 s                  ; 4.35e-10 s                 ; No                        ; No                        ;
; SRAM_D[11]          ; 2.5 V        ; 0 s                 ; 0 s                 ; 2.32 V                       ; 3.07e-07 V                   ; 2.36 V              ; -0.0231 V           ; 0.14 V                               ; 0.089 V                              ; 4.52e-10 s                  ; 4.35e-10 s                  ; No                         ; Yes                        ; 2.32 V                      ; 3.07e-07 V                  ; 2.36 V             ; -0.0231 V          ; 0.14 V                              ; 0.089 V                             ; 4.52e-10 s                 ; 4.35e-10 s                 ; No                        ; Yes                       ;
; SRAM_D[12]          ; 2.5 V        ; 0 s                 ; 0 s                 ; 2.32 V                       ; 3.52e-07 V                   ; 2.42 V              ; -0.0568 V           ; 0.173 V                              ; 0.113 V                              ; 4.5e-10 s                   ; 4.35e-10 s                  ; No                         ; No                         ; 2.32 V                      ; 3.52e-07 V                  ; 2.42 V             ; -0.0568 V          ; 0.173 V                             ; 0.113 V                             ; 4.5e-10 s                  ; 4.35e-10 s                 ; No                        ; No                        ;
; SRAM_D[13]          ; 2.5 V        ; 0 s                 ; 0 s                 ; 2.32 V                       ; 3.6e-07 V                    ; 2.41 V              ; -0.0463 V           ; 0.201 V                              ; 0.131 V                              ; 4.61e-10 s                  ; 4.53e-10 s                  ; No                         ; Yes                        ; 2.32 V                      ; 3.6e-07 V                   ; 2.41 V             ; -0.0463 V          ; 0.201 V                             ; 0.131 V                             ; 4.61e-10 s                 ; 4.53e-10 s                 ; No                        ; Yes                       ;
; SRAM_D[14]          ; 2.5 V        ; 0 s                 ; 0 s                 ; 2.32 V                       ; 3.52e-07 V                   ; 2.42 V              ; -0.0557 V           ; 0.175 V                              ; 0.114 V                              ; 4.5e-10 s                   ; 4.35e-10 s                  ; No                         ; No                         ; 2.32 V                      ; 3.52e-07 V                  ; 2.42 V             ; -0.0557 V          ; 0.175 V                             ; 0.114 V                             ; 4.5e-10 s                  ; 4.35e-10 s                 ; No                        ; No                        ;
; SRAM_D[15]          ; 2.5 V        ; 0 s                 ; 0 s                 ; 2.32 V                       ; 3.52e-07 V                   ; 2.42 V              ; -0.0557 V           ; 0.175 V                              ; 0.114 V                              ; 4.5e-10 s                   ; 4.35e-10 s                  ; No                         ; No                         ; 2.32 V                      ; 3.52e-07 V                  ; 2.42 V             ; -0.0557 V          ; 0.175 V                             ; 0.114 V                             ; 4.5e-10 s                  ; 4.35e-10 s                 ; No                        ; No                        ;
; altera_reserved_tdo ; 2.5 V        ; 0 s                 ; 0 s                 ; 2.32 V                       ; 3.2e-07 V                    ; 2.41 V              ; -0.0651 V           ; 0.154 V                              ; 0.111 V                              ; 4.52e-10 s                  ; 4.28e-10 s                  ; No                         ; No                         ; 2.32 V                      ; 3.2e-07 V                   ; 2.41 V             ; -0.0651 V          ; 0.154 V                             ; 0.111 V                             ; 4.52e-10 s                 ; 4.28e-10 s                 ; No                        ; No                        ;
+---------------------+--------------+---------------------+---------------------+------------------------------+------------------------------+---------------------+---------------------+--------------------------------------+--------------------------------------+-----------------------------+-----------------------------+----------------------------+----------------------------+-----------------------------+-----------------------------+--------------------+--------------------+-------------------------------------+-------------------------------------+----------------------------+----------------------------+---------------------------+---------------------------+


+--------------------------------------------------------------------------------------------------------------------------------------------------------------------------------------------------------------------------------------------------------------------------------------------------------------------------------------------------------------------------------------------------------------------------------------------------------------------------------------------------------------------------------------------------------------------------------------------------------------------------------------------------------------------------------------------------+
; Signal Integrity Metrics (Slow 1100mv 85c Model)                                                                                                                                                                                                                                                                                                                                                                                                                                                                                                                                                                                                                                                 ;
+---------------------+--------------+---------------------+---------------------+------------------------------+------------------------------+---------------------+---------------------+--------------------------------------+--------------------------------------+-----------------------------+-----------------------------+----------------------------+----------------------------+-----------------------------+-----------------------------+--------------------+--------------------+-------------------------------------+-------------------------------------+----------------------------+----------------------------+---------------------------+---------------------------+
; Pin                 ; I/O Standard ; Board Delay on Rise ; Board Delay on Fall ; Steady State Voh at FPGA Pin ; Steady State Vol at FPGA Pin ; Voh Max at FPGA Pin ; Vol Min at FPGA Pin ; Ringback Voltage on Rise at FPGA Pin ; Ringback Voltage on Fall at FPGA Pin ; 10-90 Rise Time at FPGA Pin ; 90-10 Fall Time at FPGA Pin ; Monotonic Rise at FPGA Pin ; Monotonic Fall at FPGA Pin ; Steady State Voh at Far-end ; Steady State Vol at Far-end ; Voh Max at Far-end ; Vol Min at Far-end ; Ringback Voltage on Rise at Far-end ; Ringback Voltage on Fall at Far-end ; 10-90 Rise Time at Far-end ; 90-10 Fall Time at Far-end ; Monotonic Rise at Far-end ; Monotonic Fall at Far-end ;
+---------------------+--------------+---------------------+---------------------+------------------------------+------------------------------+---------------------+---------------------+--------------------------------------+--------------------------------------+-----------------------------+-----------------------------+----------------------------+----------------------------+-----------------------------+-----------------------------+--------------------+--------------------+-------------------------------------+-------------------------------------+----------------------------+----------------------------+---------------------------+---------------------------+
; LEDG[0]             ; 2.5 V        ; 0 s                 ; 0 s                 ; 2.32 V                       ; 3.88e-05 V                   ; 2.39 V              ; -0.0374 V           ; 0.189 V                              ; 0.158 V                              ; 4.66e-10 s                  ; 4.67e-10 s                  ; No                         ; Yes                        ; 2.32 V                      ; 3.88e-05 V                  ; 2.39 V             ; -0.0374 V          ; 0.189 V                             ; 0.158 V                             ; 4.66e-10 s                 ; 4.67e-10 s                 ; No                        ; Yes                       ;
; LEDG[1]             ; 2.5 V        ; 0 s                 ; 0 s                 ; 2.32 V                       ; 3.88e-05 V                   ; 2.39 V              ; -0.0374 V           ; 0.189 V                              ; 0.158 V                              ; 4.66e-10 s                  ; 4.67e-10 s                  ; No                         ; Yes                        ; 2.32 V                      ; 3.88e-05 V                  ; 2.39 V             ; -0.0374 V          ; 0.189 V                             ; 0.158 V                             ; 4.66e-10 s                 ; 4.67e-10 s                 ; No                        ; Yes                       ;
; LEDG[2]             ; 2.5 V        ; 0 s                 ; 0 s                 ; 2.32 V                       ; 3.49e-05 V                   ; 2.34 V              ; -0.0118 V           ; 0.182 V                              ; 0.051 V                              ; 4.81e-10 s                  ; 4.83e-10 s                  ; Yes                        ; Yes                        ; 2.32 V                      ; 3.49e-05 V                  ; 2.34 V             ; -0.0118 V          ; 0.182 V                             ; 0.051 V                             ; 4.81e-10 s                 ; 4.83e-10 s                 ; Yes                       ; Yes                       ;
; LEDG[3]             ; 2.5 V        ; 0 s                 ; 0 s                 ; 2.32 V                       ; 3.88e-05 V                   ; 2.39 V              ; -0.0374 V           ; 0.189 V                              ; 0.158 V                              ; 4.66e-10 s                  ; 4.67e-10 s                  ; No                         ; Yes                        ; 2.32 V                      ; 3.88e-05 V                  ; 2.39 V             ; -0.0374 V          ; 0.189 V                             ; 0.158 V                             ; 4.66e-10 s                 ; 4.67e-10 s                 ; No                        ; Yes                       ;
; LEDG[4]             ; 2.5 V        ; 0 s                 ; 0 s                 ; 2.32 V                       ; 3.49e-05 V                   ; 2.34 V              ; -0.0118 V           ; 0.182 V                              ; 0.051 V                              ; 4.81e-10 s                  ; 4.83e-10 s                  ; Yes                        ; Yes                        ; 2.32 V                      ; 3.49e-05 V                  ; 2.34 V             ; -0.0118 V          ; 0.182 V                             ; 0.051 V                             ; 4.81e-10 s                 ; 4.83e-10 s                 ; Yes                       ; Yes                       ;
; LEDG[5]             ; 2.5 V        ; 0 s                 ; 0 s                 ; 2.32 V                       ; 3.88e-05 V                   ; 2.39 V              ; -0.037 V            ; 0.188 V                              ; 0.158 V                              ; 4.67e-10 s                  ; 4.67e-10 s                  ; No                         ; Yes                        ; 2.32 V                      ; 3.88e-05 V                  ; 2.39 V             ; -0.037 V           ; 0.188 V                             ; 0.158 V                             ; 4.67e-10 s                 ; 4.67e-10 s                 ; No                        ; Yes                       ;
; LEDG[6]             ; 2.5 V        ; 0 s                 ; 0 s                 ; 2.32 V                       ; 3.88e-05 V                   ; 2.39 V              ; -0.037 V            ; 0.188 V                              ; 0.158 V                              ; 4.67e-10 s                  ; 4.67e-10 s                  ; No                         ; Yes                        ; 2.32 V                      ; 3.88e-05 V                  ; 2.39 V             ; -0.037 V           ; 0.188 V                             ; 0.158 V                             ; 4.67e-10 s                 ; 4.67e-10 s                 ; No                        ; Yes                       ;
; LEDG[7]             ; 2.5 V        ; 0 s                 ; 0 s                 ; 2.32 V                       ; 3.88e-05 V                   ; 2.39 V              ; -0.037 V            ; 0.188 V                              ; 0.158 V                              ; 4.67e-10 s                  ; 4.67e-10 s                  ; No                         ; Yes                        ; 2.32 V                      ; 3.88e-05 V                  ; 2.39 V             ; -0.037 V           ; 0.188 V                             ; 0.158 V                             ; 4.67e-10 s                 ; 4.67e-10 s                 ; No                        ; Yes                       ;
; LEDR[0]             ; 2.5 V        ; 0 s                 ; 0 s                 ; 2.32 V                       ; 3.49e-05 V                   ; 2.34 V              ; -0.0118 V           ; 0.182 V                              ; 0.051 V                              ; 4.81e-10 s                  ; 4.83e-10 s                  ; Yes                        ; Yes                        ; 2.32 V                      ; 3.49e-05 V                  ; 2.34 V             ; -0.0118 V          ; 0.182 V                             ; 0.051 V                             ; 4.81e-10 s                 ; 4.83e-10 s                 ; Yes                       ; Yes                       ;
; LEDR[1]             ; 2.5 V        ; 0 s                 ; 0 s                 ; 2.32 V                       ; 3.49e-05 V                   ; 2.34 V              ; -0.0118 V           ; 0.182 V                              ; 0.051 V                              ; 4.81e-10 s                  ; 4.83e-10 s                  ; Yes                        ; Yes                        ; 2.32 V                      ; 3.49e-05 V                  ; 2.34 V             ; -0.0118 V          ; 0.182 V                             ; 0.051 V                             ; 4.81e-10 s                 ; 4.83e-10 s                 ; Yes                       ; Yes                       ;
; LEDR[2]             ; 2.5 V        ; 0 s                 ; 0 s                 ; 2.32 V                       ; 3.88e-05 V                   ; 2.39 V              ; -0.0374 V           ; 0.189 V                              ; 0.158 V                              ; 4.66e-10 s                  ; 4.67e-10 s                  ; No                         ; Yes                        ; 2.32 V                      ; 3.88e-05 V                  ; 2.39 V             ; -0.0374 V          ; 0.189 V                             ; 0.158 V                             ; 4.66e-10 s                 ; 4.67e-10 s                 ; No                        ; Yes                       ;
; LEDR[3]             ; 2.5 V        ; 0 s                 ; 0 s                 ; 2.32 V                       ; 3.96e-05 V                   ; 2.38 V              ; -0.0306 V           ; 0.23 V                               ; 0.206 V                              ; 4.83e-10 s                  ; 5.01e-10 s                  ; No                         ; Yes                        ; 2.32 V                      ; 3.96e-05 V                  ; 2.38 V             ; -0.0306 V          ; 0.23 V                              ; 0.206 V                             ; 4.83e-10 s                 ; 5.01e-10 s                 ; No                        ; Yes                       ;
; LEDR[4]             ; 2.5 V        ; 0 s                 ; 0 s                 ; 2.32 V                       ; 3.88e-05 V                   ; 2.39 V              ; -0.037 V            ; 0.188 V                              ; 0.158 V                              ; 4.67e-10 s                  ; 4.67e-10 s                  ; No                         ; Yes                        ; 2.32 V                      ; 3.88e-05 V                  ; 2.39 V             ; -0.037 V           ; 0.188 V                             ; 0.158 V                             ; 4.67e-10 s                 ; 4.67e-10 s                 ; No                        ; Yes                       ;
; LEDR[5]             ; 2.5 V        ; 0 s                 ; 0 s                 ; 2.32 V                       ; 3.88e-05 V                   ; 2.39 V              ; -0.0374 V           ; 0.189 V                              ; 0.158 V                              ; 4.66e-10 s                  ; 4.67e-10 s                  ; No                         ; Yes                        ; 2.32 V                      ; 3.88e-05 V                  ; 2.39 V             ; -0.0374 V          ; 0.189 V                             ; 0.158 V                             ; 4.66e-10 s                 ; 4.67e-10 s                 ; No                        ; Yes                       ;
; LEDR[6]             ; 2.5 V        ; 0 s                 ; 0 s                 ; 2.32 V                       ; 3.96e-05 V                   ; 2.38 V              ; -0.0306 V           ; 0.23 V                               ; 0.206 V                              ; 4.83e-10 s                  ; 5.01e-10 s                  ; No                         ; Yes                        ; 2.32 V                      ; 3.96e-05 V                  ; 2.38 V             ; -0.0306 V          ; 0.23 V                              ; 0.206 V                             ; 4.83e-10 s                 ; 5.01e-10 s                 ; No                        ; Yes                       ;
; LEDR[7]             ; 2.5 V        ; 0 s                 ; 0 s                 ; 2.32 V                       ; 3.88e-05 V                   ; 2.39 V              ; -0.0374 V           ; 0.189 V                              ; 0.158 V                              ; 4.66e-10 s                  ; 4.67e-10 s                  ; No                         ; Yes                        ; 2.32 V                      ; 3.88e-05 V                  ; 2.39 V             ; -0.0374 V          ; 0.189 V                             ; 0.158 V                             ; 4.66e-10 s                 ; 4.67e-10 s                 ; No                        ; Yes                       ;
; LEDR[8]             ; 2.5 V        ; 0 s                 ; 0 s                 ; 2.32 V                       ; 3.96e-05 V                   ; 2.38 V              ; -0.0306 V           ; 0.23 V                               ; 0.206 V                              ; 4.83e-10 s                  ; 5.01e-10 s                  ; No                         ; Yes                        ; 2.32 V                      ; 3.96e-05 V                  ; 2.38 V             ; -0.0306 V          ; 0.23 V                              ; 0.206 V                             ; 4.83e-10 s                 ; 5.01e-10 s                 ; No                        ; Yes                       ;
; LEDR[9]             ; 2.5 V        ; 0 s                 ; 0 s                 ; 2.32 V                       ; 3.96e-05 V                   ; 2.38 V              ; -0.0306 V           ; 0.23 V                               ; 0.206 V                              ; 4.83e-10 s                  ; 5.01e-10 s                  ; No                         ; Yes                        ; 2.32 V                      ; 3.96e-05 V                  ; 2.38 V             ; -0.0306 V          ; 0.23 V                              ; 0.206 V                             ; 4.83e-10 s                 ; 5.01e-10 s                 ; No                        ; Yes                       ;
; HEX0[0]             ; 2.5 V        ; 0 s                 ; 0 s                 ; 2.32 V                       ; 3.49e-05 V                   ; 2.34 V              ; -0.0118 V           ; 0.182 V                              ; 0.051 V                              ; 4.81e-10 s                  ; 4.83e-10 s                  ; Yes                        ; Yes                        ; 2.32 V                      ; 3.49e-05 V                  ; 2.34 V             ; -0.0118 V          ; 0.182 V                             ; 0.051 V                             ; 4.81e-10 s                 ; 4.83e-10 s                 ; Yes                       ; Yes                       ;
; HEX0[1]             ; 2.5 V        ; 0 s                 ; 0 s                 ; 2.32 V                       ; 3.88e-05 V                   ; 2.39 V              ; -0.037 V            ; 0.188 V                              ; 0.158 V                              ; 4.67e-10 s                  ; 4.67e-10 s                  ; No                         ; Yes                        ; 2.32 V                      ; 3.88e-05 V                  ; 2.39 V             ; -0.037 V           ; 0.188 V                             ; 0.158 V                             ; 4.67e-10 s                 ; 4.67e-10 s                 ; No                        ; Yes                       ;
; HEX0[2]             ; 2.5 V        ; 0 s                 ; 0 s                 ; 2.32 V                       ; 3.49e-05 V                   ; 2.34 V              ; -0.0118 V           ; 0.182 V                              ; 0.051 V                              ; 4.81e-10 s                  ; 4.83e-10 s                  ; Yes                        ; Yes                        ; 2.32 V                      ; 3.49e-05 V                  ; 2.34 V             ; -0.0118 V          ; 0.182 V                             ; 0.051 V                             ; 4.81e-10 s                 ; 4.83e-10 s                 ; Yes                       ; Yes                       ;
; HEX0[3]             ; 2.5 V        ; 0 s                 ; 0 s                 ; 2.32 V                       ; 3.88e-05 V                   ; 2.39 V              ; -0.037 V            ; 0.188 V                              ; 0.158 V                              ; 4.67e-10 s                  ; 4.67e-10 s                  ; No                         ; Yes                        ; 2.32 V                      ; 3.88e-05 V                  ; 2.39 V             ; -0.037 V           ; 0.188 V                             ; 0.158 V                             ; 4.67e-10 s                 ; 4.67e-10 s                 ; No                        ; Yes                       ;
; HEX0[4]             ; 2.5 V        ; 0 s                 ; 0 s                 ; 2.32 V                       ; 3.96e-05 V                   ; 2.38 V              ; -0.0306 V           ; 0.23 V                               ; 0.206 V                              ; 4.83e-10 s                  ; 5.01e-10 s                  ; No                         ; Yes                        ; 2.32 V                      ; 3.96e-05 V                  ; 2.38 V             ; -0.0306 V          ; 0.23 V                              ; 0.206 V                             ; 4.83e-10 s                 ; 5.01e-10 s                 ; No                        ; Yes                       ;
; HEX0[5]             ; 2.5 V        ; 0 s                 ; 0 s                 ; 2.32 V                       ; 3.88e-05 V                   ; 2.39 V              ; -0.0374 V           ; 0.189 V                              ; 0.158 V                              ; 4.66e-10 s                  ; 4.67e-10 s                  ; No                         ; Yes                        ; 2.32 V                      ; 3.88e-05 V                  ; 2.39 V             ; -0.0374 V          ; 0.189 V                             ; 0.158 V                             ; 4.66e-10 s                 ; 4.67e-10 s                 ; No                        ; Yes                       ;
; HEX0[6]             ; 2.5 V        ; 0 s                 ; 0 s                 ; 2.32 V                       ; 3.49e-05 V                   ; 2.34 V              ; -0.0118 V           ; 0.182 V                              ; 0.051 V                              ; 4.81e-10 s                  ; 4.83e-10 s                  ; Yes                        ; Yes                        ; 2.32 V                      ; 3.49e-05 V                  ; 2.34 V             ; -0.0118 V          ; 0.182 V                             ; 0.051 V                             ; 4.81e-10 s                 ; 4.83e-10 s                 ; Yes                       ; Yes                       ;
; HEX1[0]             ; 2.5 V        ; 0 s                 ; 0 s                 ; 2.32 V                       ; 3.88e-05 V                   ; 2.39 V              ; -0.0374 V           ; 0.189 V                              ; 0.158 V                              ; 4.66e-10 s                  ; 4.67e-10 s                  ; No                         ; Yes                        ; 2.32 V                      ; 3.88e-05 V                  ; 2.39 V             ; -0.0374 V          ; 0.189 V                             ; 0.158 V                             ; 4.66e-10 s                 ; 4.67e-10 s                 ; No                        ; Yes                       ;
; HEX1[1]             ; 2.5 V        ; 0 s                 ; 0 s                 ; 2.32 V                       ; 3.88e-05 V                   ; 2.39 V              ; -0.037 V            ; 0.188 V                              ; 0.158 V                              ; 4.67e-10 s                  ; 4.67e-10 s                  ; No                         ; Yes                        ; 2.32 V                      ; 3.88e-05 V                  ; 2.39 V             ; -0.037 V           ; 0.188 V                             ; 0.158 V                             ; 4.67e-10 s                 ; 4.67e-10 s                 ; No                        ; Yes                       ;
; HEX1[2]             ; 2.5 V        ; 0 s                 ; 0 s                 ; 2.32 V                       ; 3.96e-05 V                   ; 2.38 V              ; -0.0306 V           ; 0.23 V                               ; 0.206 V                              ; 4.83e-10 s                  ; 5.01e-10 s                  ; No                         ; Yes                        ; 2.32 V                      ; 3.96e-05 V                  ; 2.38 V             ; -0.0306 V          ; 0.23 V                              ; 0.206 V                             ; 4.83e-10 s                 ; 5.01e-10 s                 ; No                        ; Yes                       ;
; HEX1[3]             ; 2.5 V        ; 0 s                 ; 0 s                 ; 2.32 V                       ; 3.88e-05 V                   ; 2.39 V              ; -0.037 V            ; 0.188 V                              ; 0.158 V                              ; 4.67e-10 s                  ; 4.67e-10 s                  ; No                         ; Yes                        ; 2.32 V                      ; 3.88e-05 V                  ; 2.39 V             ; -0.037 V           ; 0.188 V                             ; 0.158 V                             ; 4.67e-10 s                 ; 4.67e-10 s                 ; No                        ; Yes                       ;
; HEX1[4]             ; 2.5 V        ; 0 s                 ; 0 s                 ; 2.32 V                       ; 3.96e-05 V                   ; 2.38 V              ; -0.0306 V           ; 0.23 V                               ; 0.206 V                              ; 4.83e-10 s                  ; 5.01e-10 s                  ; No                         ; Yes                        ; 2.32 V                      ; 3.96e-05 V                  ; 2.38 V             ; -0.0306 V          ; 0.23 V                              ; 0.206 V                             ; 4.83e-10 s                 ; 5.01e-10 s                 ; No                        ; Yes                       ;
; HEX1[5]             ; 2.5 V        ; 0 s                 ; 0 s                 ; 2.32 V                       ; 3.88e-05 V                   ; 2.39 V              ; -0.0374 V           ; 0.189 V                              ; 0.158 V                              ; 4.66e-10 s                  ; 4.67e-10 s                  ; No                         ; Yes                        ; 2.32 V                      ; 3.88e-05 V                  ; 2.39 V             ; -0.0374 V          ; 0.189 V                             ; 0.158 V                             ; 4.66e-10 s                 ; 4.67e-10 s                 ; No                        ; Yes                       ;
; HEX1[6]             ; 2.5 V        ; 0 s                 ; 0 s                 ; 2.32 V                       ; 3.88e-05 V                   ; 2.39 V              ; -0.037 V            ; 0.188 V                              ; 0.158 V                              ; 4.67e-10 s                  ; 4.67e-10 s                  ; No                         ; Yes                        ; 2.32 V                      ; 3.88e-05 V                  ; 2.39 V             ; -0.037 V           ; 0.188 V                             ; 0.158 V                             ; 4.67e-10 s                 ; 4.67e-10 s                 ; No                        ; Yes                       ;
; HEX2[0]             ; 2.5 V        ; 0 s                 ; 0 s                 ; 2.32 V                       ; 3.96e-05 V                   ; 2.38 V              ; -0.0306 V           ; 0.23 V                               ; 0.206 V                              ; 4.83e-10 s                  ; 5.01e-10 s                  ; No                         ; Yes                        ; 2.32 V                      ; 3.96e-05 V                  ; 2.38 V             ; -0.0306 V          ; 0.23 V                              ; 0.206 V                             ; 4.83e-10 s                 ; 5.01e-10 s                 ; No                        ; Yes                       ;
; HEX2[1]             ; 2.5 V        ; 0 s                 ; 0 s                 ; 2.32 V                       ; 3.49e-05 V                   ; 2.34 V              ; -0.0118 V           ; 0.182 V                              ; 0.051 V                              ; 4.81e-10 s                  ; 4.83e-10 s                  ; Yes                        ; Yes                        ; 2.32 V                      ; 3.49e-05 V                  ; 2.34 V             ; -0.0118 V          ; 0.182 V                             ; 0.051 V                             ; 4.81e-10 s                 ; 4.83e-10 s                 ; Yes                       ; Yes                       ;
; HEX2[2]             ; 2.5 V        ; 0 s                 ; 0 s                 ; 2.32 V                       ; 3.49e-05 V                   ; 2.34 V              ; -0.0118 V           ; 0.182 V                              ; 0.051 V                              ; 4.81e-10 s                  ; 4.83e-10 s                  ; Yes                        ; Yes                        ; 2.32 V                      ; 3.49e-05 V                  ; 2.34 V             ; -0.0118 V          ; 0.182 V                             ; 0.051 V                             ; 4.81e-10 s                 ; 4.83e-10 s                 ; Yes                       ; Yes                       ;
; HEX2[3]             ; 2.5 V        ; 0 s                 ; 0 s                 ; 2.32 V                       ; 3.88e-05 V                   ; 2.39 V              ; -0.0374 V           ; 0.189 V                              ; 0.158 V                              ; 4.66e-10 s                  ; 4.67e-10 s                  ; No                         ; Yes                        ; 2.32 V                      ; 3.88e-05 V                  ; 2.39 V             ; -0.0374 V          ; 0.189 V                             ; 0.158 V                             ; 4.66e-10 s                 ; 4.67e-10 s                 ; No                        ; Yes                       ;
; HEX2[4]             ; 2.5 V        ; 0 s                 ; 0 s                 ; 2.32 V                       ; 3.96e-05 V                   ; 2.38 V              ; -0.0306 V           ; 0.23 V                               ; 0.206 V                              ; 4.83e-10 s                  ; 5.01e-10 s                  ; No                         ; Yes                        ; 2.32 V                      ; 3.96e-05 V                  ; 2.38 V             ; -0.0306 V          ; 0.23 V                              ; 0.206 V                             ; 4.83e-10 s                 ; 5.01e-10 s                 ; No                        ; Yes                       ;
; HEX2[5]             ; 2.5 V        ; 0 s                 ; 0 s                 ; 2.32 V                       ; 3.96e-05 V                   ; 2.38 V              ; -0.0306 V           ; 0.23 V                               ; 0.206 V                              ; 4.83e-10 s                  ; 5.01e-10 s                  ; No                         ; Yes                        ; 2.32 V                      ; 3.96e-05 V                  ; 2.38 V             ; -0.0306 V          ; 0.23 V                              ; 0.206 V                             ; 4.83e-10 s                 ; 5.01e-10 s                 ; No                        ; Yes                       ;
; HEX2[6]             ; 2.5 V        ; 0 s                 ; 0 s                 ; 2.32 V                       ; 3.88e-05 V                   ; 2.39 V              ; -0.0374 V           ; 0.189 V                              ; 0.158 V                              ; 4.66e-10 s                  ; 4.67e-10 s                  ; No                         ; Yes                        ; 2.32 V                      ; 3.88e-05 V                  ; 2.39 V             ; -0.0374 V          ; 0.189 V                             ; 0.158 V                             ; 4.66e-10 s                 ; 4.67e-10 s                 ; No                        ; Yes                       ;
; HEX3[0]             ; 2.5 V        ; 0 s                 ; 0 s                 ; 2.32 V                       ; 3.88e-05 V                   ; 2.39 V              ; -0.037 V            ; 0.188 V                              ; 0.158 V                              ; 4.67e-10 s                  ; 4.67e-10 s                  ; No                         ; Yes                        ; 2.32 V                      ; 3.88e-05 V                  ; 2.39 V             ; -0.037 V           ; 0.188 V                             ; 0.158 V                             ; 4.67e-10 s                 ; 4.67e-10 s                 ; No                        ; Yes                       ;
; HEX3[1]             ; 2.5 V        ; 0 s                 ; 0 s                 ; 2.32 V                       ; 3.96e-05 V                   ; 2.38 V              ; -0.0306 V           ; 0.23 V                               ; 0.206 V                              ; 4.83e-10 s                  ; 5.01e-10 s                  ; No                         ; Yes                        ; 2.32 V                      ; 3.96e-05 V                  ; 2.38 V             ; -0.0306 V          ; 0.23 V                              ; 0.206 V                             ; 4.83e-10 s                 ; 5.01e-10 s                 ; No                        ; Yes                       ;
; HEX3[2]             ; 2.5 V        ; 0 s                 ; 0 s                 ; 2.32 V                       ; 3.96e-05 V                   ; 2.38 V              ; -0.0306 V           ; 0.23 V                               ; 0.206 V                              ; 4.83e-10 s                  ; 5.01e-10 s                  ; No                         ; Yes                        ; 2.32 V                      ; 3.96e-05 V                  ; 2.38 V             ; -0.0306 V          ; 0.23 V                              ; 0.206 V                             ; 4.83e-10 s                 ; 5.01e-10 s                 ; No                        ; Yes                       ;
; HEX3[3]             ; 2.5 V        ; 0 s                 ; 0 s                 ; 2.32 V                       ; 3.49e-05 V                   ; 2.34 V              ; -0.0118 V           ; 0.182 V                              ; 0.051 V                              ; 4.81e-10 s                  ; 4.83e-10 s                  ; Yes                        ; Yes                        ; 2.32 V                      ; 3.49e-05 V                  ; 2.34 V             ; -0.0118 V          ; 0.182 V                             ; 0.051 V                             ; 4.81e-10 s                 ; 4.83e-10 s                 ; Yes                       ; Yes                       ;
; HEX3[4]             ; 2.5 V        ; 0 s                 ; 0 s                 ; 2.32 V                       ; 3.88e-05 V                   ; 2.39 V              ; -0.0374 V           ; 0.189 V                              ; 0.158 V                              ; 4.66e-10 s                  ; 4.67e-10 s                  ; No                         ; Yes                        ; 2.32 V                      ; 3.88e-05 V                  ; 2.39 V             ; -0.0374 V          ; 0.189 V                             ; 0.158 V                             ; 4.66e-10 s                 ; 4.67e-10 s                 ; No                        ; Yes                       ;
; HEX3[5]             ; 2.5 V        ; 0 s                 ; 0 s                 ; 2.32 V                       ; 3.88e-05 V                   ; 2.39 V              ; -0.037 V            ; 0.188 V                              ; 0.158 V                              ; 4.67e-10 s                  ; 4.67e-10 s                  ; No                         ; Yes                        ; 2.32 V                      ; 3.88e-05 V                  ; 2.39 V             ; -0.037 V           ; 0.188 V                             ; 0.158 V                             ; 4.67e-10 s                 ; 4.67e-10 s                 ; No                        ; Yes                       ;
; HEX3[6]             ; 2.5 V        ; 0 s                 ; 0 s                 ; 2.32 V                       ; 3.88e-05 V                   ; 2.39 V              ; -0.037 V            ; 0.188 V                              ; 0.158 V                              ; 4.67e-10 s                  ; 4.67e-10 s                  ; No                         ; Yes                        ; 2.32 V                      ; 3.88e-05 V                  ; 2.39 V             ; -0.037 V           ; 0.188 V                             ; 0.158 V                             ; 4.67e-10 s                 ; 4.67e-10 s                 ; No                        ; Yes                       ;
; UART_TX             ; 2.5 V        ; 0 s                 ; 0 s                 ; 2.32 V                       ; 3.88e-05 V                   ; 2.39 V              ; -0.0374 V           ; 0.189 V                              ; 0.158 V                              ; 4.66e-10 s                  ; 4.67e-10 s                  ; No                         ; Yes                        ; 2.32 V                      ; 3.88e-05 V                  ; 2.39 V             ; -0.0374 V          ; 0.189 V                             ; 0.158 V                             ; 4.66e-10 s                 ; 4.67e-10 s                 ; No                        ; Yes                       ;
; SRAM_A[0]           ; 2.5 V        ; 0 s                 ; 0 s                 ; 2.32 V                       ; 3.88e-05 V                   ; 2.39 V              ; -0.0374 V           ; 0.189 V                              ; 0.158 V                              ; 4.66e-10 s                  ; 4.67e-10 s                  ; No                         ; Yes                        ; 2.32 V                      ; 3.88e-05 V                  ; 2.39 V             ; -0.0374 V          ; 0.189 V                             ; 0.158 V                             ; 4.66e-10 s                 ; 4.67e-10 s                 ; No                        ; Yes                       ;
; SRAM_A[1]           ; 2.5 V        ; 0 s                 ; 0 s                 ; 2.32 V                       ; 3.88e-05 V                   ; 2.39 V              ; -0.0374 V           ; 0.189 V                              ; 0.158 V                              ; 4.66e-10 s                  ; 4.67e-10 s                  ; No                         ; Yes                        ; 2.32 V                      ; 3.88e-05 V                  ; 2.39 V             ; -0.0374 V          ; 0.189 V                             ; 0.158 V                             ; 4.66e-10 s                 ; 4.67e-10 s                 ; No                        ; Yes                       ;
; SRAM_A[2]           ; 2.5 V        ; 0 s                 ; 0 s                 ; 2.32 V                       ; 3.49e-05 V                   ; 2.34 V              ; -0.0118 V           ; 0.182 V                              ; 0.051 V                              ; 4.81e-10 s                  ; 4.83e-10 s                  ; Yes                        ; Yes                        ; 2.32 V                      ; 3.49e-05 V                  ; 2.34 V             ; -0.0118 V          ; 0.182 V                             ; 0.051 V                             ; 4.81e-10 s                 ; 4.83e-10 s                 ; Yes                       ; Yes                       ;
; SRAM_A[3]           ; 2.5 V        ; 0 s                 ; 0 s                 ; 2.32 V                       ; 3.88e-05 V                   ; 2.39 V              ; -0.037 V            ; 0.188 V                              ; 0.158 V                              ; 4.67e-10 s                  ; 4.67e-10 s                  ; No                         ; Yes                        ; 2.32 V                      ; 3.88e-05 V                  ; 2.39 V             ; -0.037 V           ; 0.188 V                             ; 0.158 V                             ; 4.67e-10 s                 ; 4.67e-10 s                 ; No                        ; Yes                       ;
; SRAM_A[4]           ; 2.5 V        ; 0 s                 ; 0 s                 ; 2.32 V                       ; 3.49e-05 V                   ; 2.34 V              ; -0.0118 V           ; 0.182 V                              ; 0.051 V                              ; 4.81e-10 s                  ; 4.83e-10 s                  ; Yes                        ; Yes                        ; 2.32 V                      ; 3.49e-05 V                  ; 2.34 V             ; -0.0118 V          ; 0.182 V                             ; 0.051 V                             ; 4.81e-10 s                 ; 4.83e-10 s                 ; Yes                       ; Yes                       ;
; SRAM_A[5]           ; 2.5 V        ; 0 s                 ; 0 s                 ; 2.32 V                       ; 3.96e-05 V                   ; 2.38 V              ; -0.0306 V           ; 0.23 V                               ; 0.206 V                              ; 4.83e-10 s                  ; 5.01e-10 s                  ; No                         ; Yes                        ; 2.32 V                      ; 3.96e-05 V                  ; 2.38 V             ; -0.0306 V          ; 0.23 V                              ; 0.206 V                             ; 4.83e-10 s                 ; 5.01e-10 s                 ; No                        ; Yes                       ;
; SRAM_A[6]           ; 2.5 V        ; 0 s                 ; 0 s                 ; 2.32 V                       ; 3.88e-05 V                   ; 2.39 V              ; -0.0374 V           ; 0.189 V                              ; 0.158 V                              ; 4.66e-10 s                  ; 4.67e-10 s                  ; No                         ; Yes                        ; 2.32 V                      ; 3.88e-05 V                  ; 2.39 V             ; -0.0374 V          ; 0.189 V                             ; 0.158 V                             ; 4.66e-10 s                 ; 4.67e-10 s                 ; No                        ; Yes                       ;
; SRAM_A[7]           ; 2.5 V        ; 0 s                 ; 0 s                 ; 2.32 V                       ; 3.88e-05 V                   ; 2.39 V              ; -0.0374 V           ; 0.189 V                              ; 0.158 V                              ; 4.66e-10 s                  ; 4.67e-10 s                  ; No                         ; Yes                        ; 2.32 V                      ; 3.88e-05 V                  ; 2.39 V             ; -0.0374 V          ; 0.189 V                             ; 0.158 V                             ; 4.66e-10 s                 ; 4.67e-10 s                 ; No                        ; Yes                       ;
; SRAM_A[8]           ; 2.5 V        ; 0 s                 ; 0 s                 ; 2.32 V                       ; 3.49e-05 V                   ; 2.34 V              ; -0.0118 V           ; 0.182 V                              ; 0.051 V                              ; 4.81e-10 s                  ; 4.83e-10 s                  ; Yes                        ; Yes                        ; 2.32 V                      ; 3.49e-05 V                  ; 2.34 V             ; -0.0118 V          ; 0.182 V                             ; 0.051 V                             ; 4.81e-10 s                 ; 4.83e-10 s                 ; Yes                       ; Yes                       ;
; SRAM_A[9]           ; 2.5 V        ; 0 s                 ; 0 s                 ; 2.32 V                       ; 3.96e-05 V                   ; 2.38 V              ; -0.0306 V           ; 0.23 V                               ; 0.206 V                              ; 4.83e-10 s                  ; 5.01e-10 s                  ; No                         ; Yes                        ; 2.32 V                      ; 3.96e-05 V                  ; 2.38 V             ; -0.0306 V          ; 0.23 V                              ; 0.206 V                             ; 4.83e-10 s                 ; 5.01e-10 s                 ; No                        ; Yes                       ;
; SRAM_A[10]          ; 2.5 V        ; 0 s                 ; 0 s                 ; 2.32 V                       ; 3.88e-05 V                   ; 2.39 V              ; -0.037 V            ; 0.188 V                              ; 0.158 V                              ; 4.67e-10 s                  ; 4.67e-10 s                  ; No                         ; Yes                        ; 2.32 V                      ; 3.88e-05 V                  ; 2.39 V             ; -0.037 V           ; 0.188 V                             ; 0.158 V                             ; 4.67e-10 s                 ; 4.67e-10 s                 ; No                        ; Yes                       ;
; SRAM_A[11]          ; 2.5 V        ; 0 s                 ; 0 s                 ; 2.32 V                       ; 3.96e-05 V                   ; 2.38 V              ; -0.0306 V           ; 0.23 V                               ; 0.206 V                              ; 4.83e-10 s                  ; 5.01e-10 s                  ; No                         ; Yes                        ; 2.32 V                      ; 3.96e-05 V                  ; 2.38 V             ; -0.0306 V          ; 0.23 V                              ; 0.206 V                             ; 4.83e-10 s                 ; 5.01e-10 s                 ; No                        ; Yes                       ;
; SRAM_A[12]          ; 2.5 V        ; 0 s                 ; 0 s                 ; 2.32 V                       ; 3.88e-05 V                   ; 2.39 V              ; -0.0374 V           ; 0.189 V                              ; 0.158 V                              ; 4.66e-10 s                  ; 4.67e-10 s                  ; No                         ; Yes                        ; 2.32 V                      ; 3.88e-05 V                  ; 2.39 V             ; -0.0374 V          ; 0.189 V                             ; 0.158 V                             ; 4.66e-10 s                 ; 4.67e-10 s                 ; No                        ; Yes                       ;
; SRAM_A[13]          ; 2.5 V        ; 0 s                 ; 0 s                 ; 2.32 V                       ; 3.88e-05 V                   ; 2.39 V              ; -0.037 V            ; 0.188 V                              ; 0.158 V                              ; 4.67e-10 s                  ; 4.67e-10 s                  ; No                         ; Yes                        ; 2.32 V                      ; 3.88e-05 V                  ; 2.39 V             ; -0.037 V           ; 0.188 V                             ; 0.158 V                             ; 4.67e-10 s                 ; 4.67e-10 s                 ; No                        ; Yes                       ;
; SRAM_A[14]          ; 2.5 V        ; 0 s                 ; 0 s                 ; 2.32 V                       ; 3.49e-05 V                   ; 2.34 V              ; -0.0118 V           ; 0.182 V                              ; 0.051 V                              ; 4.81e-10 s                  ; 4.83e-10 s                  ; Yes                        ; Yes                        ; 2.32 V                      ; 3.49e-05 V                  ; 2.34 V             ; -0.0118 V          ; 0.182 V                             ; 0.051 V                             ; 4.81e-10 s                 ; 4.83e-10 s                 ; Yes                       ; Yes                       ;
; SRAM_A[15]          ; 2.5 V        ; 0 s                 ; 0 s                 ; 2.32 V                       ; 3.49e-05 V                   ; 2.34 V              ; -0.0118 V           ; 0.182 V                              ; 0.051 V                              ; 4.81e-10 s                  ; 4.83e-10 s                  ; Yes                        ; Yes                        ; 2.32 V                      ; 3.49e-05 V                  ; 2.34 V             ; -0.0118 V          ; 0.182 V                             ; 0.051 V                             ; 4.81e-10 s                 ; 4.83e-10 s                 ; Yes                       ; Yes                       ;
; SRAM_A[16]          ; 2.5 V        ; 0 s                 ; 0 s                 ; 2.32 V                       ; 3.96e-05 V                   ; 2.38 V              ; -0.0306 V           ; 0.23 V                               ; 0.206 V                              ; 4.83e-10 s                  ; 5.01e-10 s                  ; No                         ; Yes                        ; 2.32 V                      ; 3.96e-05 V                  ; 2.38 V             ; -0.0306 V          ; 0.23 V                              ; 0.206 V                             ; 4.83e-10 s                 ; 5.01e-10 s                 ; No                        ; Yes                       ;
; SRAM_A[17]          ; 2.5 V        ; 0 s                 ; 0 s                 ; 2.32 V                       ; 3.88e-05 V                   ; 2.39 V              ; -0.037 V            ; 0.188 V                              ; 0.158 V                              ; 4.67e-10 s                  ; 4.67e-10 s                  ; No                         ; Yes                        ; 2.32 V                      ; 3.88e-05 V                  ; 2.39 V             ; -0.037 V           ; 0.188 V                             ; 0.158 V                             ; 4.67e-10 s                 ; 4.67e-10 s                 ; No                        ; Yes                       ;
; SRAM_CE_n           ; 2.5 V        ; 0 s                 ; 0 s                 ; 2.32 V                       ; 3.49e-05 V                   ; 2.34 V              ; -0.0118 V           ; 0.182 V                              ; 0.051 V                              ; 4.81e-10 s                  ; 4.83e-10 s                  ; Yes                        ; Yes                        ; 2.32 V                      ; 3.49e-05 V                  ; 2.34 V             ; -0.0118 V          ; 0.182 V                             ; 0.051 V                             ; 4.81e-10 s                 ; 4.83e-10 s                 ; Yes                       ; Yes                       ;
; SRAM_LB_n           ; 2.5 V        ; 0 s                 ; 0 s                 ; 2.32 V                       ; 3.96e-05 V                   ; 2.38 V              ; -0.0306 V           ; 0.23 V                               ; 0.206 V                              ; 4.83e-10 s                  ; 5.01e-10 s                  ; No                         ; Yes                        ; 2.32 V                      ; 3.96e-05 V                  ; 2.38 V             ; -0.0306 V          ; 0.23 V                              ; 0.206 V                             ; 4.83e-10 s                 ; 5.01e-10 s                 ; No                        ; Yes                       ;
; SRAM_OE_n           ; 2.5 V        ; 0 s                 ; 0 s                 ; 2.32 V                       ; 3.88e-05 V                   ; 2.39 V              ; -0.0374 V           ; 0.189 V                              ; 0.158 V                              ; 4.66e-10 s                  ; 4.67e-10 s                  ; No                         ; Yes                        ; 2.32 V                      ; 3.88e-05 V                  ; 2.39 V             ; -0.0374 V          ; 0.189 V                             ; 0.158 V                             ; 4.66e-10 s                 ; 4.67e-10 s                 ; No                        ; Yes                       ;
; SRAM_UB_n           ; 2.5 V        ; 0 s                 ; 0 s                 ; 2.32 V                       ; 3.88e-05 V                   ; 2.39 V              ; -0.037 V            ; 0.188 V                              ; 0.158 V                              ; 4.67e-10 s                  ; 4.67e-10 s                  ; No                         ; Yes                        ; 2.32 V                      ; 3.88e-05 V                  ; 2.39 V             ; -0.037 V           ; 0.188 V                             ; 0.158 V                             ; 4.67e-10 s                 ; 4.67e-10 s                 ; No                        ; Yes                       ;
; SRAM_WE_n           ; 2.5 V        ; 0 s                 ; 0 s                 ; 2.32 V                       ; 3.49e-05 V                   ; 2.34 V              ; -0.0118 V           ; 0.182 V                              ; 0.051 V                              ; 4.81e-10 s                  ; 4.83e-10 s                  ; Yes                        ; Yes                        ; 2.32 V                      ; 3.49e-05 V                  ; 2.34 V             ; -0.0118 V          ; 0.182 V                             ; 0.051 V                             ; 4.81e-10 s                 ; 4.83e-10 s                 ; Yes                       ; Yes                       ;
; SRAM_D[0]           ; 2.5 V        ; 0 s                 ; 0 s                 ; 2.32 V                       ; 3.49e-05 V                   ; 2.34 V              ; -0.0118 V           ; 0.182 V                              ; 0.051 V                              ; 4.81e-10 s                  ; 4.83e-10 s                  ; Yes                        ; Yes                        ; 2.32 V                      ; 3.49e-05 V                  ; 2.34 V             ; -0.0118 V          ; 0.182 V                             ; 0.051 V                             ; 4.81e-10 s                 ; 4.83e-10 s                 ; Yes                       ; Yes                       ;
; SRAM_D[1]           ; 2.5 V        ; 0 s                 ; 0 s                 ; 2.32 V                       ; 3.88e-05 V                   ; 2.39 V              ; -0.037 V            ; 0.188 V                              ; 0.158 V                              ; 4.67e-10 s                  ; 4.67e-10 s                  ; No                         ; Yes                        ; 2.32 V                      ; 3.88e-05 V                  ; 2.39 V             ; -0.037 V           ; 0.188 V                             ; 0.158 V                             ; 4.67e-10 s                 ; 4.67e-10 s                 ; No                        ; Yes                       ;
; SRAM_D[2]           ; 2.5 V        ; 0 s                 ; 0 s                 ; 2.32 V                       ; 3.96e-05 V                   ; 2.38 V              ; -0.0306 V           ; 0.23 V                               ; 0.206 V                              ; 4.83e-10 s                  ; 5.01e-10 s                  ; No                         ; Yes                        ; 2.32 V                      ; 3.96e-05 V                  ; 2.38 V             ; -0.0306 V          ; 0.23 V                              ; 0.206 V                             ; 4.83e-10 s                 ; 5.01e-10 s                 ; No                        ; Yes                       ;
; SRAM_D[3]           ; 2.5 V        ; 0 s                 ; 0 s                 ; 2.32 V                       ; 3.88e-05 V                   ; 2.39 V              ; -0.037 V            ; 0.188 V                              ; 0.158 V                              ; 4.67e-10 s                  ; 4.67e-10 s                  ; No                         ; Yes                        ; 2.32 V                      ; 3.88e-05 V                  ; 2.39 V             ; -0.037 V           ; 0.188 V                             ; 0.158 V                             ; 4.67e-10 s                 ; 4.67e-10 s                 ; No                        ; Yes                       ;
; SRAM_D[4]           ; 2.5 V        ; 0 s                 ; 0 s                 ; 2.32 V                       ; 3.88e-05 V                   ; 2.39 V              ; -0.0374 V           ; 0.189 V                              ; 0.158 V                              ; 4.66e-10 s                  ; 4.67e-10 s                  ; No                         ; Yes                        ; 2.32 V                      ; 3.88e-05 V                  ; 2.39 V             ; -0.0374 V          ; 0.189 V                             ; 0.158 V                             ; 4.66e-10 s                 ; 4.67e-10 s                 ; No                        ; Yes                       ;
; SRAM_D[5]           ; 2.5 V        ; 0 s                 ; 0 s                 ; 2.32 V                       ; 3.88e-05 V                   ; 2.39 V              ; -0.0374 V           ; 0.189 V                              ; 0.158 V                              ; 4.66e-10 s                  ; 4.67e-10 s                  ; No                         ; Yes                        ; 2.32 V                      ; 3.88e-05 V                  ; 2.39 V             ; -0.0374 V          ; 0.189 V                             ; 0.158 V                             ; 4.66e-10 s                 ; 4.67e-10 s                 ; No                        ; Yes                       ;
; SRAM_D[6]           ; 2.5 V        ; 0 s                 ; 0 s                 ; 2.32 V                       ; 3.49e-05 V                   ; 2.34 V              ; -0.0118 V           ; 0.182 V                              ; 0.051 V                              ; 4.81e-10 s                  ; 4.83e-10 s                  ; Yes                        ; Yes                        ; 2.32 V                      ; 3.49e-05 V                  ; 2.34 V             ; -0.0118 V          ; 0.182 V                             ; 0.051 V                             ; 4.81e-10 s                 ; 4.83e-10 s                 ; Yes                       ; Yes                       ;
; SRAM_D[7]           ; 2.5 V        ; 0 s                 ; 0 s                 ; 2.32 V                       ; 3.49e-05 V                   ; 2.34 V              ; -0.0118 V           ; 0.182 V                              ; 0.051 V                              ; 4.81e-10 s                  ; 4.83e-10 s                  ; Yes                        ; Yes                        ; 2.32 V                      ; 3.49e-05 V                  ; 2.34 V             ; -0.0118 V          ; 0.182 V                             ; 0.051 V                             ; 4.81e-10 s                 ; 4.83e-10 s                 ; Yes                       ; Yes                       ;
; SRAM_D[8]           ; 2.5 V        ; 0 s                 ; 0 s                 ; 2.32 V                       ; 3.49e-05 V                   ; 2.34 V              ; -0.0118 V           ; 0.182 V                              ; 0.051 V                              ; 4.81e-10 s                  ; 4.83e-10 s                  ; Yes                        ; Yes                        ; 2.32 V                      ; 3.49e-05 V                  ; 2.34 V             ; -0.0118 V          ; 0.182 V                             ; 0.051 V                             ; 4.81e-10 s                 ; 4.83e-10 s                 ; Yes                       ; Yes                       ;
; SRAM_D[9]           ; 2.5 V        ; 0 s                 ; 0 s                 ; 2.32 V                       ; 3.88e-05 V                   ; 2.39 V              ; -0.037 V            ; 0.188 V                              ; 0.158 V                              ; 4.67e-10 s                  ; 4.67e-10 s                  ; No                         ; Yes                        ; 2.32 V                      ; 3.88e-05 V                  ; 2.39 V             ; -0.037 V           ; 0.188 V                             ; 0.158 V                             ; 4.67e-10 s                 ; 4.67e-10 s                 ; No                        ; Yes                       ;
; SRAM_D[10]          ; 2.5 V        ; 0 s                 ; 0 s                 ; 2.32 V                       ; 3.88e-05 V                   ; 2.39 V              ; -0.037 V            ; 0.188 V                              ; 0.158 V                              ; 4.67e-10 s                  ; 4.67e-10 s                  ; No                         ; Yes                        ; 2.32 V                      ; 3.88e-05 V                  ; 2.39 V             ; -0.037 V           ; 0.188 V                             ; 0.158 V                             ; 4.67e-10 s                 ; 4.67e-10 s                 ; No                        ; Yes                       ;
; SRAM_D[11]          ; 2.5 V        ; 0 s                 ; 0 s                 ; 2.32 V                       ; 3.49e-05 V                   ; 2.34 V              ; -0.0118 V           ; 0.182 V                              ; 0.051 V                              ; 4.81e-10 s                  ; 4.83e-10 s                  ; Yes                        ; Yes                        ; 2.32 V                      ; 3.49e-05 V                  ; 2.34 V             ; -0.0118 V          ; 0.182 V                             ; 0.051 V                             ; 4.81e-10 s                 ; 4.83e-10 s                 ; Yes                       ; Yes                       ;
; SRAM_D[12]          ; 2.5 V        ; 0 s                 ; 0 s                 ; 2.32 V                       ; 3.88e-05 V                   ; 2.39 V              ; -0.0374 V           ; 0.189 V                              ; 0.158 V                              ; 4.66e-10 s                  ; 4.67e-10 s                  ; No                         ; Yes                        ; 2.32 V                      ; 3.88e-05 V                  ; 2.39 V             ; -0.0374 V          ; 0.189 V                             ; 0.158 V                             ; 4.66e-10 s                 ; 4.67e-10 s                 ; No                        ; Yes                       ;
; SRAM_D[13]          ; 2.5 V        ; 0 s                 ; 0 s                 ; 2.32 V                       ; 3.96e-05 V                   ; 2.38 V              ; -0.0306 V           ; 0.23 V                               ; 0.206 V                              ; 4.83e-10 s                  ; 5.01e-10 s                  ; No                         ; Yes                        ; 2.32 V                      ; 3.96e-05 V                  ; 2.38 V             ; -0.0306 V          ; 0.23 V                              ; 0.206 V                             ; 4.83e-10 s                 ; 5.01e-10 s                 ; No                        ; Yes                       ;
; SRAM_D[14]          ; 2.5 V        ; 0 s                 ; 0 s                 ; 2.32 V                       ; 3.88e-05 V                   ; 2.39 V              ; -0.037 V            ; 0.188 V                              ; 0.158 V                              ; 4.67e-10 s                  ; 4.67e-10 s                  ; No                         ; Yes                        ; 2.32 V                      ; 3.88e-05 V                  ; 2.39 V             ; -0.037 V           ; 0.188 V                             ; 0.158 V                             ; 4.67e-10 s                 ; 4.67e-10 s                 ; No                        ; Yes                       ;
; SRAM_D[15]          ; 2.5 V        ; 0 s                 ; 0 s                 ; 2.32 V                       ; 3.88e-05 V                   ; 2.39 V              ; -0.037 V            ; 0.188 V                              ; 0.158 V                              ; 4.67e-10 s                  ; 4.67e-10 s                  ; No                         ; Yes                        ; 2.32 V                      ; 3.88e-05 V                  ; 2.39 V             ; -0.037 V           ; 0.188 V                             ; 0.158 V                             ; 4.67e-10 s                 ; 4.67e-10 s                 ; No                        ; Yes                       ;
; altera_reserved_tdo ; 2.5 V        ; 0 s                 ; 0 s                 ; 2.32 V                       ; 3.5e-05 V                    ; 2.37 V              ; -0.0422 V           ; 0.168 V                              ; 0.143 V                              ; 4.71e-10 s                  ; 4.57e-10 s                  ; No                         ; Yes                        ; 2.32 V                      ; 3.5e-05 V                   ; 2.37 V             ; -0.0422 V          ; 0.168 V                             ; 0.143 V                             ; 4.71e-10 s                 ; 4.57e-10 s                 ; No                        ; Yes                       ;
+---------------------+--------------+---------------------+---------------------+------------------------------+------------------------------+---------------------+---------------------+--------------------------------------+--------------------------------------+-----------------------------+-----------------------------+----------------------------+----------------------------+-----------------------------+-----------------------------+--------------------+--------------------+-------------------------------------+-------------------------------------+----------------------------+----------------------------+---------------------------+---------------------------+


+--------------------------------------------------------------------------------------------------------------------------------------------------------------------------------------------------------------------------------------------------------------------------------------------------------------------------------------------------------------------------------------------------------------------------------------------------------------------------------------------------------------------------------------------------------------------------------------------------------------------------------------------------------------------------------------------------+
; Signal Integrity Metrics (Fast 1100mv 0c Model)                                                                                                                                                                                                                                                                                                                                                                                                                                                                                                                                                                                                                                                  ;
+---------------------+--------------+---------------------+---------------------+------------------------------+------------------------------+---------------------+---------------------+--------------------------------------+--------------------------------------+-----------------------------+-----------------------------+----------------------------+----------------------------+-----------------------------+-----------------------------+--------------------+--------------------+-------------------------------------+-------------------------------------+----------------------------+----------------------------+---------------------------+---------------------------+
; Pin                 ; I/O Standard ; Board Delay on Rise ; Board Delay on Fall ; Steady State Voh at FPGA Pin ; Steady State Vol at FPGA Pin ; Voh Max at FPGA Pin ; Vol Min at FPGA Pin ; Ringback Voltage on Rise at FPGA Pin ; Ringback Voltage on Fall at FPGA Pin ; 10-90 Rise Time at FPGA Pin ; 90-10 Fall Time at FPGA Pin ; Monotonic Rise at FPGA Pin ; Monotonic Fall at FPGA Pin ; Steady State Voh at Far-end ; Steady State Vol at Far-end ; Voh Max at Far-end ; Vol Min at Far-end ; Ringback Voltage on Rise at Far-end ; Ringback Voltage on Fall at Far-end ; 10-90 Rise Time at Far-end ; 90-10 Fall Time at Far-end ; Monotonic Rise at Far-end ; Monotonic Fall at Far-end ;
+---------------------+--------------+---------------------+---------------------+------------------------------+------------------------------+---------------------+---------------------+--------------------------------------+--------------------------------------+-----------------------------+-----------------------------+----------------------------+----------------------------+-----------------------------+-----------------------------+--------------------+--------------------+-------------------------------------+-------------------------------------+----------------------------+----------------------------+---------------------------+---------------------------+
; LEDG[0]             ; 2.5 V        ; 0 s                 ; 0 s                 ; 2.75 V                       ; 4.14e-06 V                   ; 2.91 V              ; -0.119 V            ; 0.326 V                              ; 0.298 V                              ; 2.74e-10 s                  ; 2.8e-10 s                   ; No                         ; No                         ; 2.75 V                      ; 4.14e-06 V                  ; 2.91 V             ; -0.119 V           ; 0.326 V                             ; 0.298 V                             ; 2.74e-10 s                 ; 2.8e-10 s                  ; No                        ; No                        ;
; LEDG[1]             ; 2.5 V        ; 0 s                 ; 0 s                 ; 2.75 V                       ; 4.14e-06 V                   ; 2.91 V              ; -0.119 V            ; 0.326 V                              ; 0.298 V                              ; 2.74e-10 s                  ; 2.8e-10 s                   ; No                         ; No                         ; 2.75 V                      ; 4.14e-06 V                  ; 2.91 V             ; -0.119 V           ; 0.326 V                             ; 0.298 V                             ; 2.74e-10 s                 ; 2.8e-10 s                  ; No                        ; No                        ;
; LEDG[2]             ; 2.5 V        ; 0 s                 ; 0 s                 ; 2.75 V                       ; 3.54e-06 V                   ; 2.81 V              ; -0.0578 V           ; 0.303 V                              ; 0.28 V                               ; 2.93e-10 s                  ; 3.01e-10 s                  ; No                         ; No                         ; 2.75 V                      ; 3.54e-06 V                  ; 2.81 V             ; -0.0578 V          ; 0.303 V                             ; 0.28 V                              ; 2.93e-10 s                 ; 3.01e-10 s                 ; No                        ; No                        ;
; LEDG[3]             ; 2.5 V        ; 0 s                 ; 0 s                 ; 2.75 V                       ; 4.14e-06 V                   ; 2.91 V              ; -0.119 V            ; 0.326 V                              ; 0.298 V                              ; 2.74e-10 s                  ; 2.8e-10 s                   ; No                         ; No                         ; 2.75 V                      ; 4.14e-06 V                  ; 2.91 V             ; -0.119 V           ; 0.326 V                             ; 0.298 V                             ; 2.74e-10 s                 ; 2.8e-10 s                  ; No                        ; No                        ;
; LEDG[4]             ; 2.5 V        ; 0 s                 ; 0 s                 ; 2.75 V                       ; 3.54e-06 V                   ; 2.81 V              ; -0.0578 V           ; 0.303 V                              ; 0.28 V                               ; 2.93e-10 s                  ; 3.01e-10 s                  ; No                         ; No                         ; 2.75 V                      ; 3.54e-06 V                  ; 2.81 V             ; -0.0578 V          ; 0.303 V                             ; 0.28 V                              ; 2.93e-10 s                 ; 3.01e-10 s                 ; No                        ; No                        ;
; LEDG[5]             ; 2.5 V        ; 0 s                 ; 0 s                 ; 2.75 V                       ; 4.14e-06 V                   ; 2.91 V              ; -0.121 V            ; 0.326 V                              ; 0.297 V                              ; 2.74e-10 s                  ; 2.8e-10 s                   ; No                         ; No                         ; 2.75 V                      ; 4.14e-06 V                  ; 2.91 V             ; -0.121 V           ; 0.326 V                             ; 0.297 V                             ; 2.74e-10 s                 ; 2.8e-10 s                  ; No                        ; No                        ;
; LEDG[6]             ; 2.5 V        ; 0 s                 ; 0 s                 ; 2.75 V                       ; 4.14e-06 V                   ; 2.91 V              ; -0.121 V            ; 0.326 V                              ; 0.297 V                              ; 2.74e-10 s                  ; 2.8e-10 s                   ; No                         ; No                         ; 2.75 V                      ; 4.14e-06 V                  ; 2.91 V             ; -0.121 V           ; 0.326 V                             ; 0.297 V                             ; 2.74e-10 s                 ; 2.8e-10 s                  ; No                        ; No                        ;
; LEDG[7]             ; 2.5 V        ; 0 s                 ; 0 s                 ; 2.75 V                       ; 4.14e-06 V                   ; 2.91 V              ; -0.121 V            ; 0.326 V                              ; 0.297 V                              ; 2.74e-10 s                  ; 2.8e-10 s                   ; No                         ; No                         ; 2.75 V                      ; 4.14e-06 V                  ; 2.91 V             ; -0.121 V           ; 0.326 V                             ; 0.297 V                             ; 2.74e-10 s                 ; 2.8e-10 s                  ; No                        ; No                        ;
; LEDR[0]             ; 2.5 V        ; 0 s                 ; 0 s                 ; 2.75 V                       ; 3.54e-06 V                   ; 2.81 V              ; -0.0578 V           ; 0.303 V                              ; 0.28 V                               ; 2.93e-10 s                  ; 3.01e-10 s                  ; No                         ; No                         ; 2.75 V                      ; 3.54e-06 V                  ; 2.81 V             ; -0.0578 V          ; 0.303 V                             ; 0.28 V                              ; 2.93e-10 s                 ; 3.01e-10 s                 ; No                        ; No                        ;
; LEDR[1]             ; 2.5 V        ; 0 s                 ; 0 s                 ; 2.75 V                       ; 3.54e-06 V                   ; 2.81 V              ; -0.0578 V           ; 0.303 V                              ; 0.28 V                               ; 2.93e-10 s                  ; 3.01e-10 s                  ; No                         ; No                         ; 2.75 V                      ; 3.54e-06 V                  ; 2.81 V             ; -0.0578 V          ; 0.303 V                             ; 0.28 V                              ; 2.93e-10 s                 ; 3.01e-10 s                 ; No                        ; No                        ;
; LEDR[2]             ; 2.5 V        ; 0 s                 ; 0 s                 ; 2.75 V                       ; 4.14e-06 V                   ; 2.91 V              ; -0.119 V            ; 0.326 V                              ; 0.298 V                              ; 2.74e-10 s                  ; 2.8e-10 s                   ; No                         ; No                         ; 2.75 V                      ; 4.14e-06 V                  ; 2.91 V             ; -0.119 V           ; 0.326 V                             ; 0.298 V                             ; 2.74e-10 s                 ; 2.8e-10 s                  ; No                        ; No                        ;
; LEDR[3]             ; 2.5 V        ; 0 s                 ; 0 s                 ; 2.75 V                       ; 4.25e-06 V                   ; 2.9 V               ; -0.107 V            ; 0.378 V                              ; 0.16 V                               ; 2.87e-10 s                  ; 4.28e-10 s                  ; No                         ; No                         ; 2.75 V                      ; 4.25e-06 V                  ; 2.9 V              ; -0.107 V           ; 0.378 V                             ; 0.16 V                              ; 2.87e-10 s                 ; 4.28e-10 s                 ; No                        ; No                        ;
; LEDR[4]             ; 2.5 V        ; 0 s                 ; 0 s                 ; 2.75 V                       ; 4.14e-06 V                   ; 2.91 V              ; -0.121 V            ; 0.326 V                              ; 0.297 V                              ; 2.74e-10 s                  ; 2.8e-10 s                   ; No                         ; No                         ; 2.75 V                      ; 4.14e-06 V                  ; 2.91 V             ; -0.121 V           ; 0.326 V                             ; 0.297 V                             ; 2.74e-10 s                 ; 2.8e-10 s                  ; No                        ; No                        ;
; LEDR[5]             ; 2.5 V        ; 0 s                 ; 0 s                 ; 2.75 V                       ; 4.14e-06 V                   ; 2.91 V              ; -0.119 V            ; 0.326 V                              ; 0.298 V                              ; 2.74e-10 s                  ; 2.8e-10 s                   ; No                         ; No                         ; 2.75 V                      ; 4.14e-06 V                  ; 2.91 V             ; -0.119 V           ; 0.326 V                             ; 0.298 V                             ; 2.74e-10 s                 ; 2.8e-10 s                  ; No                        ; No                        ;
; LEDR[6]             ; 2.5 V        ; 0 s                 ; 0 s                 ; 2.75 V                       ; 4.25e-06 V                   ; 2.9 V               ; -0.107 V            ; 0.378 V                              ; 0.16 V                               ; 2.87e-10 s                  ; 4.28e-10 s                  ; No                         ; No                         ; 2.75 V                      ; 4.25e-06 V                  ; 2.9 V              ; -0.107 V           ; 0.378 V                             ; 0.16 V                              ; 2.87e-10 s                 ; 4.28e-10 s                 ; No                        ; No                        ;
; LEDR[7]             ; 2.5 V        ; 0 s                 ; 0 s                 ; 2.75 V                       ; 4.14e-06 V                   ; 2.91 V              ; -0.119 V            ; 0.326 V                              ; 0.298 V                              ; 2.74e-10 s                  ; 2.8e-10 s                   ; No                         ; No                         ; 2.75 V                      ; 4.14e-06 V                  ; 2.91 V             ; -0.119 V           ; 0.326 V                             ; 0.298 V                             ; 2.74e-10 s                 ; 2.8e-10 s                  ; No                        ; No                        ;
; LEDR[8]             ; 2.5 V        ; 0 s                 ; 0 s                 ; 2.75 V                       ; 4.25e-06 V                   ; 2.9 V               ; -0.107 V            ; 0.378 V                              ; 0.16 V                               ; 2.87e-10 s                  ; 4.28e-10 s                  ; No                         ; No                         ; 2.75 V                      ; 4.25e-06 V                  ; 2.9 V              ; -0.107 V           ; 0.378 V                             ; 0.16 V                              ; 2.87e-10 s                 ; 4.28e-10 s                 ; No                        ; No                        ;
; LEDR[9]             ; 2.5 V        ; 0 s                 ; 0 s                 ; 2.75 V                       ; 4.25e-06 V                   ; 2.9 V               ; -0.107 V            ; 0.378 V                              ; 0.16 V                               ; 2.87e-10 s                  ; 4.28e-10 s                  ; No                         ; No                         ; 2.75 V                      ; 4.25e-06 V                  ; 2.9 V              ; -0.107 V           ; 0.378 V                             ; 0.16 V                              ; 2.87e-10 s                 ; 4.28e-10 s                 ; No                        ; No                        ;
; HEX0[0]             ; 2.5 V        ; 0 s                 ; 0 s                 ; 2.75 V                       ; 3.54e-06 V                   ; 2.81 V              ; -0.0578 V           ; 0.303 V                              ; 0.28 V                               ; 2.93e-10 s                  ; 3.01e-10 s                  ; No                         ; No                         ; 2.75 V                      ; 3.54e-06 V                  ; 2.81 V             ; -0.0578 V          ; 0.303 V                             ; 0.28 V                              ; 2.93e-10 s                 ; 3.01e-10 s                 ; No                        ; No                        ;
; HEX0[1]             ; 2.5 V        ; 0 s                 ; 0 s                 ; 2.75 V                       ; 4.14e-06 V                   ; 2.91 V              ; -0.121 V            ; 0.326 V                              ; 0.297 V                              ; 2.74e-10 s                  ; 2.8e-10 s                   ; No                         ; No                         ; 2.75 V                      ; 4.14e-06 V                  ; 2.91 V             ; -0.121 V           ; 0.326 V                             ; 0.297 V                             ; 2.74e-10 s                 ; 2.8e-10 s                  ; No                        ; No                        ;
; HEX0[2]             ; 2.5 V        ; 0 s                 ; 0 s                 ; 2.75 V                       ; 3.54e-06 V                   ; 2.81 V              ; -0.0578 V           ; 0.303 V                              ; 0.28 V                               ; 2.93e-10 s                  ; 3.01e-10 s                  ; No                         ; No                         ; 2.75 V                      ; 3.54e-06 V                  ; 2.81 V             ; -0.0578 V          ; 0.303 V                             ; 0.28 V                              ; 2.93e-10 s                 ; 3.01e-10 s                 ; No                        ; No                        ;
; HEX0[3]             ; 2.5 V        ; 0 s                 ; 0 s                 ; 2.75 V                       ; 4.14e-06 V                   ; 2.91 V              ; -0.121 V            ; 0.326 V                              ; 0.297 V                              ; 2.74e-10 s                  ; 2.8e-10 s                   ; No                         ; No                         ; 2.75 V                      ; 4.14e-06 V                  ; 2.91 V             ; -0.121 V           ; 0.326 V                             ; 0.297 V                             ; 2.74e-10 s                 ; 2.8e-10 s                  ; No                        ; No                        ;
; HEX0[4]             ; 2.5 V        ; 0 s                 ; 0 s                 ; 2.75 V                       ; 4.25e-06 V                   ; 2.9 V               ; -0.107 V            ; 0.378 V                              ; 0.16 V                               ; 2.87e-10 s                  ; 4.28e-10 s                  ; No                         ; No                         ; 2.75 V                      ; 4.25e-06 V                  ; 2.9 V              ; -0.107 V           ; 0.378 V                             ; 0.16 V                              ; 2.87e-10 s                 ; 4.28e-10 s                 ; No                        ; No                        ;
; HEX0[5]             ; 2.5 V        ; 0 s                 ; 0 s                 ; 2.75 V                       ; 4.14e-06 V                   ; 2.91 V              ; -0.119 V            ; 0.326 V                              ; 0.298 V                              ; 2.74e-10 s                  ; 2.8e-10 s                   ; No                         ; No                         ; 2.75 V                      ; 4.14e-06 V                  ; 2.91 V             ; -0.119 V           ; 0.326 V                             ; 0.298 V                             ; 2.74e-10 s                 ; 2.8e-10 s                  ; No                        ; No                        ;
; HEX0[6]             ; 2.5 V        ; 0 s                 ; 0 s                 ; 2.75 V                       ; 3.54e-06 V                   ; 2.81 V              ; -0.0578 V           ; 0.303 V                              ; 0.28 V                               ; 2.93e-10 s                  ; 3.01e-10 s                  ; No                         ; No                         ; 2.75 V                      ; 3.54e-06 V                  ; 2.81 V             ; -0.0578 V          ; 0.303 V                             ; 0.28 V                              ; 2.93e-10 s                 ; 3.01e-10 s                 ; No                        ; No                        ;
; HEX1[0]             ; 2.5 V        ; 0 s                 ; 0 s                 ; 2.75 V                       ; 4.14e-06 V                   ; 2.91 V              ; -0.119 V            ; 0.326 V                              ; 0.298 V                              ; 2.74e-10 s                  ; 2.8e-10 s                   ; No                         ; No                         ; 2.75 V                      ; 4.14e-06 V                  ; 2.91 V             ; -0.119 V           ; 0.326 V                             ; 0.298 V                             ; 2.74e-10 s                 ; 2.8e-10 s                  ; No                        ; No                        ;
; HEX1[1]             ; 2.5 V        ; 0 s                 ; 0 s                 ; 2.75 V                       ; 4.14e-06 V                   ; 2.91 V              ; -0.121 V            ; 0.326 V                              ; 0.297 V                              ; 2.74e-10 s                  ; 2.8e-10 s                   ; No                         ; No                         ; 2.75 V                      ; 4.14e-06 V                  ; 2.91 V             ; -0.121 V           ; 0.326 V                             ; 0.297 V                             ; 2.74e-10 s                 ; 2.8e-10 s                  ; No                        ; No                        ;
; HEX1[2]             ; 2.5 V        ; 0 s                 ; 0 s                 ; 2.75 V                       ; 4.25e-06 V                   ; 2.9 V               ; -0.107 V            ; 0.378 V                              ; 0.16 V                               ; 2.87e-10 s                  ; 4.28e-10 s                  ; No                         ; No                         ; 2.75 V                      ; 4.25e-06 V                  ; 2.9 V              ; -0.107 V           ; 0.378 V                             ; 0.16 V                              ; 2.87e-10 s                 ; 4.28e-10 s                 ; No                        ; No                        ;
; HEX1[3]             ; 2.5 V        ; 0 s                 ; 0 s                 ; 2.75 V                       ; 4.14e-06 V                   ; 2.91 V              ; -0.121 V            ; 0.326 V                              ; 0.297 V                              ; 2.74e-10 s                  ; 2.8e-10 s                   ; No                         ; No                         ; 2.75 V                      ; 4.14e-06 V                  ; 2.91 V             ; -0.121 V           ; 0.326 V                             ; 0.297 V                             ; 2.74e-10 s                 ; 2.8e-10 s                  ; No                        ; No                        ;
; HEX1[4]             ; 2.5 V        ; 0 s                 ; 0 s                 ; 2.75 V                       ; 4.25e-06 V                   ; 2.9 V               ; -0.107 V            ; 0.378 V                              ; 0.16 V                               ; 2.87e-10 s                  ; 4.28e-10 s                  ; No                         ; No                         ; 2.75 V                      ; 4.25e-06 V                  ; 2.9 V              ; -0.107 V           ; 0.378 V                             ; 0.16 V                              ; 2.87e-10 s                 ; 4.28e-10 s                 ; No                        ; No                        ;
; HEX1[5]             ; 2.5 V        ; 0 s                 ; 0 s                 ; 2.75 V                       ; 4.14e-06 V                   ; 2.91 V              ; -0.119 V            ; 0.326 V                              ; 0.298 V                              ; 2.74e-10 s                  ; 2.8e-10 s                   ; No                         ; No                         ; 2.75 V                      ; 4.14e-06 V                  ; 2.91 V             ; -0.119 V           ; 0.326 V                             ; 0.298 V                             ; 2.74e-10 s                 ; 2.8e-10 s                  ; No                        ; No                        ;
; HEX1[6]             ; 2.5 V        ; 0 s                 ; 0 s                 ; 2.75 V                       ; 4.14e-06 V                   ; 2.91 V              ; -0.121 V            ; 0.326 V                              ; 0.297 V                              ; 2.74e-10 s                  ; 2.8e-10 s                   ; No                         ; No                         ; 2.75 V                      ; 4.14e-06 V                  ; 2.91 V             ; -0.121 V           ; 0.326 V                             ; 0.297 V                             ; 2.74e-10 s                 ; 2.8e-10 s                  ; No                        ; No                        ;
; HEX2[0]             ; 2.5 V        ; 0 s                 ; 0 s                 ; 2.75 V                       ; 4.25e-06 V                   ; 2.9 V               ; -0.107 V            ; 0.378 V                              ; 0.16 V                               ; 2.87e-10 s                  ; 4.28e-10 s                  ; No                         ; No                         ; 2.75 V                      ; 4.25e-06 V                  ; 2.9 V              ; -0.107 V           ; 0.378 V                             ; 0.16 V                              ; 2.87e-10 s                 ; 4.28e-10 s                 ; No                        ; No                        ;
; HEX2[1]             ; 2.5 V        ; 0 s                 ; 0 s                 ; 2.75 V                       ; 3.54e-06 V                   ; 2.81 V              ; -0.0578 V           ; 0.303 V                              ; 0.28 V                               ; 2.93e-10 s                  ; 3.01e-10 s                  ; No                         ; No                         ; 2.75 V                      ; 3.54e-06 V                  ; 2.81 V             ; -0.0578 V          ; 0.303 V                             ; 0.28 V                              ; 2.93e-10 s                 ; 3.01e-10 s                 ; No                        ; No                        ;
; HEX2[2]             ; 2.5 V        ; 0 s                 ; 0 s                 ; 2.75 V                       ; 3.54e-06 V                   ; 2.81 V              ; -0.0578 V           ; 0.303 V                              ; 0.28 V                               ; 2.93e-10 s                  ; 3.01e-10 s                  ; No                         ; No                         ; 2.75 V                      ; 3.54e-06 V                  ; 2.81 V             ; -0.0578 V          ; 0.303 V                             ; 0.28 V                              ; 2.93e-10 s                 ; 3.01e-10 s                 ; No                        ; No                        ;
; HEX2[3]             ; 2.5 V        ; 0 s                 ; 0 s                 ; 2.75 V                       ; 4.14e-06 V                   ; 2.91 V              ; -0.119 V            ; 0.326 V                              ; 0.298 V                              ; 2.74e-10 s                  ; 2.8e-10 s                   ; No                         ; No                         ; 2.75 V                      ; 4.14e-06 V                  ; 2.91 V             ; -0.119 V           ; 0.326 V                             ; 0.298 V                             ; 2.74e-10 s                 ; 2.8e-10 s                  ; No                        ; No                        ;
; HEX2[4]             ; 2.5 V        ; 0 s                 ; 0 s                 ; 2.75 V                       ; 4.25e-06 V                   ; 2.9 V               ; -0.107 V            ; 0.378 V                              ; 0.16 V                               ; 2.87e-10 s                  ; 4.28e-10 s                  ; No                         ; No                         ; 2.75 V                      ; 4.25e-06 V                  ; 2.9 V              ; -0.107 V           ; 0.378 V                             ; 0.16 V                              ; 2.87e-10 s                 ; 4.28e-10 s                 ; No                        ; No                        ;
; HEX2[5]             ; 2.5 V        ; 0 s                 ; 0 s                 ; 2.75 V                       ; 4.25e-06 V                   ; 2.9 V               ; -0.107 V            ; 0.378 V                              ; 0.16 V                               ; 2.87e-10 s                  ; 4.28e-10 s                  ; No                         ; No                         ; 2.75 V                      ; 4.25e-06 V                  ; 2.9 V              ; -0.107 V           ; 0.378 V                             ; 0.16 V                              ; 2.87e-10 s                 ; 4.28e-10 s                 ; No                        ; No                        ;
; HEX2[6]             ; 2.5 V        ; 0 s                 ; 0 s                 ; 2.75 V                       ; 4.14e-06 V                   ; 2.91 V              ; -0.119 V            ; 0.326 V                              ; 0.298 V                              ; 2.74e-10 s                  ; 2.8e-10 s                   ; No                         ; No                         ; 2.75 V                      ; 4.14e-06 V                  ; 2.91 V             ; -0.119 V           ; 0.326 V                             ; 0.298 V                             ; 2.74e-10 s                 ; 2.8e-10 s                  ; No                        ; No                        ;
; HEX3[0]             ; 2.5 V        ; 0 s                 ; 0 s                 ; 2.75 V                       ; 4.14e-06 V                   ; 2.91 V              ; -0.121 V            ; 0.326 V                              ; 0.297 V                              ; 2.74e-10 s                  ; 2.8e-10 s                   ; No                         ; No                         ; 2.75 V                      ; 4.14e-06 V                  ; 2.91 V             ; -0.121 V           ; 0.326 V                             ; 0.297 V                             ; 2.74e-10 s                 ; 2.8e-10 s                  ; No                        ; No                        ;
; HEX3[1]             ; 2.5 V        ; 0 s                 ; 0 s                 ; 2.75 V                       ; 4.25e-06 V                   ; 2.9 V               ; -0.107 V            ; 0.378 V                              ; 0.16 V                               ; 2.87e-10 s                  ; 4.28e-10 s                  ; No                         ; No                         ; 2.75 V                      ; 4.25e-06 V                  ; 2.9 V              ; -0.107 V           ; 0.378 V                             ; 0.16 V                              ; 2.87e-10 s                 ; 4.28e-10 s                 ; No                        ; No                        ;
; HEX3[2]             ; 2.5 V        ; 0 s                 ; 0 s                 ; 2.75 V                       ; 4.25e-06 V                   ; 2.9 V               ; -0.107 V            ; 0.378 V                              ; 0.16 V                               ; 2.87e-10 s                  ; 4.28e-10 s                  ; No                         ; No                         ; 2.75 V                      ; 4.25e-06 V                  ; 2.9 V              ; -0.107 V           ; 0.378 V                             ; 0.16 V                              ; 2.87e-10 s                 ; 4.28e-10 s                 ; No                        ; No                        ;
; HEX3[3]             ; 2.5 V        ; 0 s                 ; 0 s                 ; 2.75 V                       ; 3.54e-06 V                   ; 2.81 V              ; -0.0578 V           ; 0.303 V                              ; 0.28 V                               ; 2.93e-10 s                  ; 3.01e-10 s                  ; No                         ; No                         ; 2.75 V                      ; 3.54e-06 V                  ; 2.81 V             ; -0.0578 V          ; 0.303 V                             ; 0.28 V                              ; 2.93e-10 s                 ; 3.01e-10 s                 ; No                        ; No                        ;
; HEX3[4]             ; 2.5 V        ; 0 s                 ; 0 s                 ; 2.75 V                       ; 4.14e-06 V                   ; 2.91 V              ; -0.119 V            ; 0.326 V                              ; 0.298 V                              ; 2.74e-10 s                  ; 2.8e-10 s                   ; No                         ; No                         ; 2.75 V                      ; 4.14e-06 V                  ; 2.91 V             ; -0.119 V           ; 0.326 V                             ; 0.298 V                             ; 2.74e-10 s                 ; 2.8e-10 s                  ; No                        ; No                        ;
; HEX3[5]             ; 2.5 V        ; 0 s                 ; 0 s                 ; 2.75 V                       ; 4.14e-06 V                   ; 2.91 V              ; -0.121 V            ; 0.326 V                              ; 0.297 V                              ; 2.74e-10 s                  ; 2.8e-10 s                   ; No                         ; No                         ; 2.75 V                      ; 4.14e-06 V                  ; 2.91 V             ; -0.121 V           ; 0.326 V                             ; 0.297 V                             ; 2.74e-10 s                 ; 2.8e-10 s                  ; No                        ; No                        ;
; HEX3[6]             ; 2.5 V        ; 0 s                 ; 0 s                 ; 2.75 V                       ; 4.14e-06 V                   ; 2.91 V              ; -0.121 V            ; 0.326 V                              ; 0.297 V                              ; 2.74e-10 s                  ; 2.8e-10 s                   ; No                         ; No                         ; 2.75 V                      ; 4.14e-06 V                  ; 2.91 V             ; -0.121 V           ; 0.326 V                             ; 0.297 V                             ; 2.74e-10 s                 ; 2.8e-10 s                  ; No                        ; No                        ;
; UART_TX             ; 2.5 V        ; 0 s                 ; 0 s                 ; 2.75 V                       ; 4.14e-06 V                   ; 2.91 V              ; -0.119 V            ; 0.326 V                              ; 0.298 V                              ; 2.74e-10 s                  ; 2.8e-10 s                   ; No                         ; No                         ; 2.75 V                      ; 4.14e-06 V                  ; 2.91 V             ; -0.119 V           ; 0.326 V                             ; 0.298 V                             ; 2.74e-10 s                 ; 2.8e-10 s                  ; No                        ; No                        ;
; SRAM_A[0]           ; 2.5 V        ; 0 s                 ; 0 s                 ; 2.75 V                       ; 4.14e-06 V                   ; 2.91 V              ; -0.119 V            ; 0.326 V                              ; 0.298 V                              ; 2.74e-10 s                  ; 2.8e-10 s                   ; No                         ; No                         ; 2.75 V                      ; 4.14e-06 V                  ; 2.91 V             ; -0.119 V           ; 0.326 V                             ; 0.298 V                             ; 2.74e-10 s                 ; 2.8e-10 s                  ; No                        ; No                        ;
; SRAM_A[1]           ; 2.5 V        ; 0 s                 ; 0 s                 ; 2.75 V                       ; 4.14e-06 V                   ; 2.91 V              ; -0.119 V            ; 0.326 V                              ; 0.298 V                              ; 2.74e-10 s                  ; 2.8e-10 s                   ; No                         ; No                         ; 2.75 V                      ; 4.14e-06 V                  ; 2.91 V             ; -0.119 V           ; 0.326 V                             ; 0.298 V                             ; 2.74e-10 s                 ; 2.8e-10 s                  ; No                        ; No                        ;
; SRAM_A[2]           ; 2.5 V        ; 0 s                 ; 0 s                 ; 2.75 V                       ; 3.54e-06 V                   ; 2.81 V              ; -0.0578 V           ; 0.303 V                              ; 0.28 V                               ; 2.93e-10 s                  ; 3.01e-10 s                  ; No                         ; No                         ; 2.75 V                      ; 3.54e-06 V                  ; 2.81 V             ; -0.0578 V          ; 0.303 V                             ; 0.28 V                              ; 2.93e-10 s                 ; 3.01e-10 s                 ; No                        ; No                        ;
; SRAM_A[3]           ; 2.5 V        ; 0 s                 ; 0 s                 ; 2.75 V                       ; 4.14e-06 V                   ; 2.91 V              ; -0.121 V            ; 0.326 V                              ; 0.297 V                              ; 2.74e-10 s                  ; 2.8e-10 s                   ; No                         ; No                         ; 2.75 V                      ; 4.14e-06 V                  ; 2.91 V             ; -0.121 V           ; 0.326 V                             ; 0.297 V                             ; 2.74e-10 s                 ; 2.8e-10 s                  ; No                        ; No                        ;
; SRAM_A[4]           ; 2.5 V        ; 0 s                 ; 0 s                 ; 2.75 V                       ; 3.54e-06 V                   ; 2.81 V              ; -0.0578 V           ; 0.303 V                              ; 0.28 V                               ; 2.93e-10 s                  ; 3.01e-10 s                  ; No                         ; No                         ; 2.75 V                      ; 3.54e-06 V                  ; 2.81 V             ; -0.0578 V          ; 0.303 V                             ; 0.28 V                              ; 2.93e-10 s                 ; 3.01e-10 s                 ; No                        ; No                        ;
; SRAM_A[5]           ; 2.5 V        ; 0 s                 ; 0 s                 ; 2.75 V                       ; 4.25e-06 V                   ; 2.9 V               ; -0.107 V            ; 0.378 V                              ; 0.16 V                               ; 2.87e-10 s                  ; 4.28e-10 s                  ; No                         ; No                         ; 2.75 V                      ; 4.25e-06 V                  ; 2.9 V              ; -0.107 V           ; 0.378 V                             ; 0.16 V                              ; 2.87e-10 s                 ; 4.28e-10 s                 ; No                        ; No                        ;
; SRAM_A[6]           ; 2.5 V        ; 0 s                 ; 0 s                 ; 2.75 V                       ; 4.14e-06 V                   ; 2.91 V              ; -0.119 V            ; 0.326 V                              ; 0.298 V                              ; 2.74e-10 s                  ; 2.8e-10 s                   ; No                         ; No                         ; 2.75 V                      ; 4.14e-06 V                  ; 2.91 V             ; -0.119 V           ; 0.326 V                             ; 0.298 V                             ; 2.74e-10 s                 ; 2.8e-10 s                  ; No                        ; No                        ;
; SRAM_A[7]           ; 2.5 V        ; 0 s                 ; 0 s                 ; 2.75 V                       ; 4.14e-06 V                   ; 2.91 V              ; -0.119 V            ; 0.326 V                              ; 0.298 V                              ; 2.74e-10 s                  ; 2.8e-10 s                   ; No                         ; No                         ; 2.75 V                      ; 4.14e-06 V                  ; 2.91 V             ; -0.119 V           ; 0.326 V                             ; 0.298 V                             ; 2.74e-10 s                 ; 2.8e-10 s                  ; No                        ; No                        ;
; SRAM_A[8]           ; 2.5 V        ; 0 s                 ; 0 s                 ; 2.75 V                       ; 3.54e-06 V                   ; 2.81 V              ; -0.0578 V           ; 0.303 V                              ; 0.28 V                               ; 2.93e-10 s                  ; 3.01e-10 s                  ; No                         ; No                         ; 2.75 V                      ; 3.54e-06 V                  ; 2.81 V             ; -0.0578 V          ; 0.303 V                             ; 0.28 V                              ; 2.93e-10 s                 ; 3.01e-10 s                 ; No                        ; No                        ;
; SRAM_A[9]           ; 2.5 V        ; 0 s                 ; 0 s                 ; 2.75 V                       ; 4.25e-06 V                   ; 2.9 V               ; -0.107 V            ; 0.378 V                              ; 0.16 V                               ; 2.87e-10 s                  ; 4.28e-10 s                  ; No                         ; No                         ; 2.75 V                      ; 4.25e-06 V                  ; 2.9 V              ; -0.107 V           ; 0.378 V                             ; 0.16 V                              ; 2.87e-10 s                 ; 4.28e-10 s                 ; No                        ; No                        ;
; SRAM_A[10]          ; 2.5 V        ; 0 s                 ; 0 s                 ; 2.75 V                       ; 4.14e-06 V                   ; 2.91 V              ; -0.121 V            ; 0.326 V                              ; 0.297 V                              ; 2.74e-10 s                  ; 2.8e-10 s                   ; No                         ; No                         ; 2.75 V                      ; 4.14e-06 V                  ; 2.91 V             ; -0.121 V           ; 0.326 V                             ; 0.297 V                             ; 2.74e-10 s                 ; 2.8e-10 s                  ; No                        ; No                        ;
; SRAM_A[11]          ; 2.5 V        ; 0 s                 ; 0 s                 ; 2.75 V                       ; 4.25e-06 V                   ; 2.9 V               ; -0.107 V            ; 0.378 V                              ; 0.16 V                               ; 2.87e-10 s                  ; 4.28e-10 s                  ; No                         ; No                         ; 2.75 V                      ; 4.25e-06 V                  ; 2.9 V              ; -0.107 V           ; 0.378 V                             ; 0.16 V                              ; 2.87e-10 s                 ; 4.28e-10 s                 ; No                        ; No                        ;
; SRAM_A[12]          ; 2.5 V        ; 0 s                 ; 0 s                 ; 2.75 V                       ; 4.14e-06 V                   ; 2.91 V              ; -0.119 V            ; 0.326 V                              ; 0.298 V                              ; 2.74e-10 s                  ; 2.8e-10 s                   ; No                         ; No                         ; 2.75 V                      ; 4.14e-06 V                  ; 2.91 V             ; -0.119 V           ; 0.326 V                             ; 0.298 V                             ; 2.74e-10 s                 ; 2.8e-10 s                  ; No                        ; No                        ;
; SRAM_A[13]          ; 2.5 V        ; 0 s                 ; 0 s                 ; 2.75 V                       ; 4.14e-06 V                   ; 2.91 V              ; -0.121 V            ; 0.326 V                              ; 0.297 V                              ; 2.74e-10 s                  ; 2.8e-10 s                   ; No                         ; No                         ; 2.75 V                      ; 4.14e-06 V                  ; 2.91 V             ; -0.121 V           ; 0.326 V                             ; 0.297 V                             ; 2.74e-10 s                 ; 2.8e-10 s                  ; No                        ; No                        ;
; SRAM_A[14]          ; 2.5 V        ; 0 s                 ; 0 s                 ; 2.75 V                       ; 3.54e-06 V                   ; 2.81 V              ; -0.0578 V           ; 0.303 V                              ; 0.28 V                               ; 2.93e-10 s                  ; 3.01e-10 s                  ; No                         ; No                         ; 2.75 V                      ; 3.54e-06 V                  ; 2.81 V             ; -0.0578 V          ; 0.303 V                             ; 0.28 V                              ; 2.93e-10 s                 ; 3.01e-10 s                 ; No                        ; No                        ;
; SRAM_A[15]          ; 2.5 V        ; 0 s                 ; 0 s                 ; 2.75 V                       ; 3.54e-06 V                   ; 2.81 V              ; -0.0578 V           ; 0.303 V                              ; 0.28 V                               ; 2.93e-10 s                  ; 3.01e-10 s                  ; No                         ; No                         ; 2.75 V                      ; 3.54e-06 V                  ; 2.81 V             ; -0.0578 V          ; 0.303 V                             ; 0.28 V                              ; 2.93e-10 s                 ; 3.01e-10 s                 ; No                        ; No                        ;
; SRAM_A[16]          ; 2.5 V        ; 0 s                 ; 0 s                 ; 2.75 V                       ; 4.25e-06 V                   ; 2.9 V               ; -0.107 V            ; 0.378 V                              ; 0.16 V                               ; 2.87e-10 s                  ; 4.28e-10 s                  ; No                         ; No                         ; 2.75 V                      ; 4.25e-06 V                  ; 2.9 V              ; -0.107 V           ; 0.378 V                             ; 0.16 V                              ; 2.87e-10 s                 ; 4.28e-10 s                 ; No                        ; No                        ;
; SRAM_A[17]          ; 2.5 V        ; 0 s                 ; 0 s                 ; 2.75 V                       ; 4.14e-06 V                   ; 2.91 V              ; -0.121 V            ; 0.326 V                              ; 0.297 V                              ; 2.74e-10 s                  ; 2.8e-10 s                   ; No                         ; No                         ; 2.75 V                      ; 4.14e-06 V                  ; 2.91 V             ; -0.121 V           ; 0.326 V                             ; 0.297 V                             ; 2.74e-10 s                 ; 2.8e-10 s                  ; No                        ; No                        ;
; SRAM_CE_n           ; 2.5 V        ; 0 s                 ; 0 s                 ; 2.75 V                       ; 3.54e-06 V                   ; 2.81 V              ; -0.0578 V           ; 0.303 V                              ; 0.28 V                               ; 2.93e-10 s                  ; 3.01e-10 s                  ; No                         ; No                         ; 2.75 V                      ; 3.54e-06 V                  ; 2.81 V             ; -0.0578 V          ; 0.303 V                             ; 0.28 V                              ; 2.93e-10 s                 ; 3.01e-10 s                 ; No                        ; No                        ;
; SRAM_LB_n           ; 2.5 V        ; 0 s                 ; 0 s                 ; 2.75 V                       ; 4.25e-06 V                   ; 2.9 V               ; -0.107 V            ; 0.378 V                              ; 0.16 V                               ; 2.87e-10 s                  ; 4.28e-10 s                  ; No                         ; No                         ; 2.75 V                      ; 4.25e-06 V                  ; 2.9 V              ; -0.107 V           ; 0.378 V                             ; 0.16 V                              ; 2.87e-10 s                 ; 4.28e-10 s                 ; No                        ; No                        ;
; SRAM_OE_n           ; 2.5 V        ; 0 s                 ; 0 s                 ; 2.75 V                       ; 4.14e-06 V                   ; 2.91 V              ; -0.119 V            ; 0.326 V                              ; 0.298 V                              ; 2.74e-10 s                  ; 2.8e-10 s                   ; No                         ; No                         ; 2.75 V                      ; 4.14e-06 V                  ; 2.91 V             ; -0.119 V           ; 0.326 V                             ; 0.298 V                             ; 2.74e-10 s                 ; 2.8e-10 s                  ; No                        ; No                        ;
; SRAM_UB_n           ; 2.5 V        ; 0 s                 ; 0 s                 ; 2.75 V                       ; 4.14e-06 V                   ; 2.91 V              ; -0.121 V            ; 0.326 V                              ; 0.297 V                              ; 2.74e-10 s                  ; 2.8e-10 s                   ; No                         ; No                         ; 2.75 V                      ; 4.14e-06 V                  ; 2.91 V             ; -0.121 V           ; 0.326 V                             ; 0.297 V                             ; 2.74e-10 s                 ; 2.8e-10 s                  ; No                        ; No                        ;
; SRAM_WE_n           ; 2.5 V        ; 0 s                 ; 0 s                 ; 2.75 V                       ; 3.54e-06 V                   ; 2.81 V              ; -0.0578 V           ; 0.303 V                              ; 0.28 V                               ; 2.93e-10 s                  ; 3.01e-10 s                  ; No                         ; No                         ; 2.75 V                      ; 3.54e-06 V                  ; 2.81 V             ; -0.0578 V          ; 0.303 V                             ; 0.28 V                              ; 2.93e-10 s                 ; 3.01e-10 s                 ; No                        ; No                        ;
; SRAM_D[0]           ; 2.5 V        ; 0 s                 ; 0 s                 ; 2.75 V                       ; 3.54e-06 V                   ; 2.81 V              ; -0.0578 V           ; 0.303 V                              ; 0.28 V                               ; 2.93e-10 s                  ; 3.01e-10 s                  ; No                         ; No                         ; 2.75 V                      ; 3.54e-06 V                  ; 2.81 V             ; -0.0578 V          ; 0.303 V                             ; 0.28 V                              ; 2.93e-10 s                 ; 3.01e-10 s                 ; No                        ; No                        ;
; SRAM_D[1]           ; 2.5 V        ; 0 s                 ; 0 s                 ; 2.75 V                       ; 4.14e-06 V                   ; 2.91 V              ; -0.121 V            ; 0.326 V                              ; 0.297 V                              ; 2.74e-10 s                  ; 2.8e-10 s                   ; No                         ; No                         ; 2.75 V                      ; 4.14e-06 V                  ; 2.91 V             ; -0.121 V           ; 0.326 V                             ; 0.297 V                             ; 2.74e-10 s                 ; 2.8e-10 s                  ; No                        ; No                        ;
; SRAM_D[2]           ; 2.5 V        ; 0 s                 ; 0 s                 ; 2.75 V                       ; 4.25e-06 V                   ; 2.9 V               ; -0.107 V            ; 0.378 V                              ; 0.16 V                               ; 2.87e-10 s                  ; 4.28e-10 s                  ; No                         ; No                         ; 2.75 V                      ; 4.25e-06 V                  ; 2.9 V              ; -0.107 V           ; 0.378 V                             ; 0.16 V                              ; 2.87e-10 s                 ; 4.28e-10 s                 ; No                        ; No                        ;
; SRAM_D[3]           ; 2.5 V        ; 0 s                 ; 0 s                 ; 2.75 V                       ; 4.14e-06 V                   ; 2.91 V              ; -0.121 V            ; 0.326 V                              ; 0.297 V                              ; 2.74e-10 s                  ; 2.8e-10 s                   ; No                         ; No                         ; 2.75 V                      ; 4.14e-06 V                  ; 2.91 V             ; -0.121 V           ; 0.326 V                             ; 0.297 V                             ; 2.74e-10 s                 ; 2.8e-10 s                  ; No                        ; No                        ;
; SRAM_D[4]           ; 2.5 V        ; 0 s                 ; 0 s                 ; 2.75 V                       ; 4.14e-06 V                   ; 2.91 V              ; -0.119 V            ; 0.326 V                              ; 0.298 V                              ; 2.74e-10 s                  ; 2.8e-10 s                   ; No                         ; No                         ; 2.75 V                      ; 4.14e-06 V                  ; 2.91 V             ; -0.119 V           ; 0.326 V                             ; 0.298 V                             ; 2.74e-10 s                 ; 2.8e-10 s                  ; No                        ; No                        ;
; SRAM_D[5]           ; 2.5 V        ; 0 s                 ; 0 s                 ; 2.75 V                       ; 4.14e-06 V                   ; 2.91 V              ; -0.119 V            ; 0.326 V                              ; 0.298 V                              ; 2.74e-10 s                  ; 2.8e-10 s                   ; No                         ; No                         ; 2.75 V                      ; 4.14e-06 V                  ; 2.91 V             ; -0.119 V           ; 0.326 V                             ; 0.298 V                             ; 2.74e-10 s                 ; 2.8e-10 s                  ; No                        ; No                        ;
; SRAM_D[6]           ; 2.5 V        ; 0 s                 ; 0 s                 ; 2.75 V                       ; 3.54e-06 V                   ; 2.81 V              ; -0.0578 V           ; 0.303 V                              ; 0.28 V                               ; 2.93e-10 s                  ; 3.01e-10 s                  ; No                         ; No                         ; 2.75 V                      ; 3.54e-06 V                  ; 2.81 V             ; -0.0578 V          ; 0.303 V                             ; 0.28 V                              ; 2.93e-10 s                 ; 3.01e-10 s                 ; No                        ; No                        ;
; SRAM_D[7]           ; 2.5 V        ; 0 s                 ; 0 s                 ; 2.75 V                       ; 3.54e-06 V                   ; 2.81 V              ; -0.0578 V           ; 0.303 V                              ; 0.28 V                               ; 2.93e-10 s                  ; 3.01e-10 s                  ; No                         ; No                         ; 2.75 V                      ; 3.54e-06 V                  ; 2.81 V             ; -0.0578 V          ; 0.303 V                             ; 0.28 V                              ; 2.93e-10 s                 ; 3.01e-10 s                 ; No                        ; No                        ;
; SRAM_D[8]           ; 2.5 V        ; 0 s                 ; 0 s                 ; 2.75 V                       ; 3.54e-06 V                   ; 2.81 V              ; -0.0578 V           ; 0.303 V                              ; 0.28 V                               ; 2.93e-10 s                  ; 3.01e-10 s                  ; No                         ; No                         ; 2.75 V                      ; 3.54e-06 V                  ; 2.81 V             ; -0.0578 V          ; 0.303 V                             ; 0.28 V                              ; 2.93e-10 s                 ; 3.01e-10 s                 ; No                        ; No                        ;
; SRAM_D[9]           ; 2.5 V        ; 0 s                 ; 0 s                 ; 2.75 V                       ; 4.14e-06 V                   ; 2.91 V              ; -0.121 V            ; 0.326 V                              ; 0.297 V                              ; 2.74e-10 s                  ; 2.8e-10 s                   ; No                         ; No                         ; 2.75 V                      ; 4.14e-06 V                  ; 2.91 V             ; -0.121 V           ; 0.326 V                             ; 0.297 V                             ; 2.74e-10 s                 ; 2.8e-10 s                  ; No                        ; No                        ;
; SRAM_D[10]          ; 2.5 V        ; 0 s                 ; 0 s                 ; 2.75 V                       ; 4.14e-06 V                   ; 2.91 V              ; -0.121 V            ; 0.326 V                              ; 0.297 V                              ; 2.74e-10 s                  ; 2.8e-10 s                   ; No                         ; No                         ; 2.75 V                      ; 4.14e-06 V                  ; 2.91 V             ; -0.121 V           ; 0.326 V                             ; 0.297 V                             ; 2.74e-10 s                 ; 2.8e-10 s                  ; No                        ; No                        ;
; SRAM_D[11]          ; 2.5 V        ; 0 s                 ; 0 s                 ; 2.75 V                       ; 3.54e-06 V                   ; 2.81 V              ; -0.0578 V           ; 0.303 V                              ; 0.28 V                               ; 2.93e-10 s                  ; 3.01e-10 s                  ; No                         ; No                         ; 2.75 V                      ; 3.54e-06 V                  ; 2.81 V             ; -0.0578 V          ; 0.303 V                             ; 0.28 V                              ; 2.93e-10 s                 ; 3.01e-10 s                 ; No                        ; No                        ;
; SRAM_D[12]          ; 2.5 V        ; 0 s                 ; 0 s                 ; 2.75 V                       ; 4.14e-06 V                   ; 2.91 V              ; -0.119 V            ; 0.326 V                              ; 0.298 V                              ; 2.74e-10 s                  ; 2.8e-10 s                   ; No                         ; No                         ; 2.75 V                      ; 4.14e-06 V                  ; 2.91 V             ; -0.119 V           ; 0.326 V                             ; 0.298 V                             ; 2.74e-10 s                 ; 2.8e-10 s                  ; No                        ; No                        ;
; SRAM_D[13]          ; 2.5 V        ; 0 s                 ; 0 s                 ; 2.75 V                       ; 4.25e-06 V                   ; 2.9 V               ; -0.107 V            ; 0.378 V                              ; 0.16 V                               ; 2.87e-10 s                  ; 4.28e-10 s                  ; No                         ; No                         ; 2.75 V                      ; 4.25e-06 V                  ; 2.9 V              ; -0.107 V           ; 0.378 V                             ; 0.16 V                              ; 2.87e-10 s                 ; 4.28e-10 s                 ; No                        ; No                        ;
; SRAM_D[14]          ; 2.5 V        ; 0 s                 ; 0 s                 ; 2.75 V                       ; 4.14e-06 V                   ; 2.91 V              ; -0.121 V            ; 0.326 V                              ; 0.297 V                              ; 2.74e-10 s                  ; 2.8e-10 s                   ; No                         ; No                         ; 2.75 V                      ; 4.14e-06 V                  ; 2.91 V             ; -0.121 V           ; 0.326 V                             ; 0.297 V                             ; 2.74e-10 s                 ; 2.8e-10 s                  ; No                        ; No                        ;
; SRAM_D[15]          ; 2.5 V        ; 0 s                 ; 0 s                 ; 2.75 V                       ; 4.14e-06 V                   ; 2.91 V              ; -0.121 V            ; 0.326 V                              ; 0.297 V                              ; 2.74e-10 s                  ; 2.8e-10 s                   ; No                         ; No                         ; 2.75 V                      ; 4.14e-06 V                  ; 2.91 V             ; -0.121 V           ; 0.326 V                             ; 0.297 V                             ; 2.74e-10 s                 ; 2.8e-10 s                  ; No                        ; No                        ;
; altera_reserved_tdo ; 2.5 V        ; 0 s                 ; 0 s                 ; 2.75 V                       ; 3.79e-06 V                   ; 2.89 V              ; -0.122 V            ; 0.311 V                              ; 0.277 V                              ; 2.78e-10 s                  ; 2.7e-10 s                   ; No                         ; No                         ; 2.75 V                      ; 3.79e-06 V                  ; 2.89 V             ; -0.122 V           ; 0.311 V                             ; 0.277 V                             ; 2.78e-10 s                 ; 2.7e-10 s                  ; No                        ; No                        ;
+---------------------+--------------+---------------------+---------------------+------------------------------+------------------------------+---------------------+---------------------+--------------------------------------+--------------------------------------+-----------------------------+-----------------------------+----------------------------+----------------------------+-----------------------------+-----------------------------+--------------------+--------------------+-------------------------------------+-------------------------------------+----------------------------+----------------------------+---------------------------+---------------------------+


+--------------------------------------------------------------------------------------------------------------------------------------------------------------------------------------------------------------------------------------------------------------------------------------------------------------------------------------------------------------------------------------------------------------------------------------------------------------------------------------------------------------------------------------------------------------------------------------------------------------------------------------------------------------------------------------------------+
; Signal Integrity Metrics (Fast 1100mv 85c Model)                                                                                                                                                                                                                                                                                                                                                                                                                                                                                                                                                                                                                                                 ;
+---------------------+--------------+---------------------+---------------------+------------------------------+------------------------------+---------------------+---------------------+--------------------------------------+--------------------------------------+-----------------------------+-----------------------------+----------------------------+----------------------------+-----------------------------+-----------------------------+--------------------+--------------------+-------------------------------------+-------------------------------------+----------------------------+----------------------------+---------------------------+---------------------------+
; Pin                 ; I/O Standard ; Board Delay on Rise ; Board Delay on Fall ; Steady State Voh at FPGA Pin ; Steady State Vol at FPGA Pin ; Voh Max at FPGA Pin ; Vol Min at FPGA Pin ; Ringback Voltage on Rise at FPGA Pin ; Ringback Voltage on Fall at FPGA Pin ; 10-90 Rise Time at FPGA Pin ; 90-10 Fall Time at FPGA Pin ; Monotonic Rise at FPGA Pin ; Monotonic Fall at FPGA Pin ; Steady State Voh at Far-end ; Steady State Vol at Far-end ; Voh Max at Far-end ; Vol Min at Far-end ; Ringback Voltage on Rise at Far-end ; Ringback Voltage on Fall at Far-end ; 10-90 Rise Time at Far-end ; 90-10 Fall Time at Far-end ; Monotonic Rise at Far-end ; Monotonic Fall at Far-end ;
+---------------------+--------------+---------------------+---------------------+------------------------------+------------------------------+---------------------+---------------------+--------------------------------------+--------------------------------------+-----------------------------+-----------------------------+----------------------------+----------------------------+-----------------------------+-----------------------------+--------------------+--------------------+-------------------------------------+-------------------------------------+----------------------------+----------------------------+---------------------------+---------------------------+
; LEDG[0]             ; 2.5 V        ; 0 s                 ; 0 s                 ; 2.75 V                       ; 0.000242 V                   ; 2.86 V              ; -0.0805 V           ; 0.358 V                              ; 0.156 V                              ; 3.01e-10 s                  ; 4.34e-10 s                  ; No                         ; No                         ; 2.75 V                      ; 0.000242 V                  ; 2.86 V             ; -0.0805 V          ; 0.358 V                             ; 0.156 V                             ; 3.01e-10 s                 ; 4.34e-10 s                 ; No                        ; No                        ;
; LEDG[1]             ; 2.5 V        ; 0 s                 ; 0 s                 ; 2.75 V                       ; 0.000242 V                   ; 2.86 V              ; -0.0805 V           ; 0.358 V                              ; 0.156 V                              ; 3.01e-10 s                  ; 4.34e-10 s                  ; No                         ; No                         ; 2.75 V                      ; 0.000242 V                  ; 2.86 V             ; -0.0805 V          ; 0.358 V                             ; 0.156 V                             ; 3.01e-10 s                 ; 4.34e-10 s                 ; No                        ; No                        ;
; LEDG[2]             ; 2.5 V        ; 0 s                 ; 0 s                 ; 2.75 V                       ; 0.000213 V                   ; 2.79 V              ; -0.0324 V           ; 0.139 V                              ; 0.119 V                              ; 4.42e-10 s                  ; 4.33e-10 s                  ; No                         ; Yes                        ; 2.75 V                      ; 0.000213 V                  ; 2.79 V             ; -0.0324 V          ; 0.139 V                             ; 0.119 V                             ; 4.42e-10 s                 ; 4.33e-10 s                 ; No                        ; Yes                       ;
; LEDG[3]             ; 2.5 V        ; 0 s                 ; 0 s                 ; 2.75 V                       ; 0.000242 V                   ; 2.86 V              ; -0.0805 V           ; 0.358 V                              ; 0.156 V                              ; 3.01e-10 s                  ; 4.34e-10 s                  ; No                         ; No                         ; 2.75 V                      ; 0.000242 V                  ; 2.86 V             ; -0.0805 V          ; 0.358 V                             ; 0.156 V                             ; 3.01e-10 s                 ; 4.34e-10 s                 ; No                        ; No                        ;
; LEDG[4]             ; 2.5 V        ; 0 s                 ; 0 s                 ; 2.75 V                       ; 0.000213 V                   ; 2.79 V              ; -0.0324 V           ; 0.139 V                              ; 0.119 V                              ; 4.42e-10 s                  ; 4.33e-10 s                  ; No                         ; Yes                        ; 2.75 V                      ; 0.000213 V                  ; 2.79 V             ; -0.0324 V          ; 0.139 V                             ; 0.119 V                             ; 4.42e-10 s                 ; 4.33e-10 s                 ; No                        ; Yes                       ;
; LEDG[5]             ; 2.5 V        ; 0 s                 ; 0 s                 ; 2.75 V                       ; 0.000242 V                   ; 2.86 V              ; -0.0814 V           ; 0.36 V                               ; 0.156 V                              ; 3e-10 s                     ; 4.34e-10 s                  ; No                         ; No                         ; 2.75 V                      ; 0.000242 V                  ; 2.86 V             ; -0.0814 V          ; 0.36 V                              ; 0.156 V                             ; 3e-10 s                    ; 4.34e-10 s                 ; No                        ; No                        ;
; LEDG[6]             ; 2.5 V        ; 0 s                 ; 0 s                 ; 2.75 V                       ; 0.000242 V                   ; 2.86 V              ; -0.0814 V           ; 0.36 V                               ; 0.156 V                              ; 3e-10 s                     ; 4.34e-10 s                  ; No                         ; No                         ; 2.75 V                      ; 0.000242 V                  ; 2.86 V             ; -0.0814 V          ; 0.36 V                              ; 0.156 V                             ; 3e-10 s                    ; 4.34e-10 s                 ; No                        ; No                        ;
; LEDG[7]             ; 2.5 V        ; 0 s                 ; 0 s                 ; 2.75 V                       ; 0.000242 V                   ; 2.86 V              ; -0.0814 V           ; 0.36 V                               ; 0.156 V                              ; 3e-10 s                     ; 4.34e-10 s                  ; No                         ; No                         ; 2.75 V                      ; 0.000242 V                  ; 2.86 V             ; -0.0814 V          ; 0.36 V                              ; 0.156 V                             ; 3e-10 s                    ; 4.34e-10 s                 ; No                        ; No                        ;
; LEDR[0]             ; 2.5 V        ; 0 s                 ; 0 s                 ; 2.75 V                       ; 0.000213 V                   ; 2.79 V              ; -0.0324 V           ; 0.139 V                              ; 0.119 V                              ; 4.42e-10 s                  ; 4.33e-10 s                  ; No                         ; Yes                        ; 2.75 V                      ; 0.000213 V                  ; 2.79 V             ; -0.0324 V          ; 0.139 V                             ; 0.119 V                             ; 4.42e-10 s                 ; 4.33e-10 s                 ; No                        ; Yes                       ;
; LEDR[1]             ; 2.5 V        ; 0 s                 ; 0 s                 ; 2.75 V                       ; 0.000213 V                   ; 2.79 V              ; -0.0324 V           ; 0.139 V                              ; 0.119 V                              ; 4.42e-10 s                  ; 4.33e-10 s                  ; No                         ; Yes                        ; 2.75 V                      ; 0.000213 V                  ; 2.79 V             ; -0.0324 V          ; 0.139 V                             ; 0.119 V                             ; 4.42e-10 s                 ; 4.33e-10 s                 ; No                        ; Yes                       ;
; LEDR[2]             ; 2.5 V        ; 0 s                 ; 0 s                 ; 2.75 V                       ; 0.000242 V                   ; 2.86 V              ; -0.0805 V           ; 0.358 V                              ; 0.156 V                              ; 3.01e-10 s                  ; 4.34e-10 s                  ; No                         ; No                         ; 2.75 V                      ; 0.000242 V                  ; 2.86 V             ; -0.0805 V          ; 0.358 V                             ; 0.156 V                             ; 3.01e-10 s                 ; 4.34e-10 s                 ; No                        ; No                        ;
; LEDR[3]             ; 2.5 V        ; 0 s                 ; 0 s                 ; 2.75 V                       ; 0.000247 V                   ; 2.85 V              ; -0.0711 V           ; 0.204 V                              ; 0.181 V                              ; 4.55e-10 s                  ; 4.49e-10 s                  ; No                         ; No                         ; 2.75 V                      ; 0.000247 V                  ; 2.85 V             ; -0.0711 V          ; 0.204 V                             ; 0.181 V                             ; 4.55e-10 s                 ; 4.49e-10 s                 ; No                        ; No                        ;
; LEDR[4]             ; 2.5 V        ; 0 s                 ; 0 s                 ; 2.75 V                       ; 0.000242 V                   ; 2.86 V              ; -0.0814 V           ; 0.36 V                               ; 0.156 V                              ; 3e-10 s                     ; 4.34e-10 s                  ; No                         ; No                         ; 2.75 V                      ; 0.000242 V                  ; 2.86 V             ; -0.0814 V          ; 0.36 V                              ; 0.156 V                             ; 3e-10 s                    ; 4.34e-10 s                 ; No                        ; No                        ;
; LEDR[5]             ; 2.5 V        ; 0 s                 ; 0 s                 ; 2.75 V                       ; 0.000242 V                   ; 2.86 V              ; -0.0805 V           ; 0.358 V                              ; 0.156 V                              ; 3.01e-10 s                  ; 4.34e-10 s                  ; No                         ; No                         ; 2.75 V                      ; 0.000242 V                  ; 2.86 V             ; -0.0805 V          ; 0.358 V                             ; 0.156 V                             ; 3.01e-10 s                 ; 4.34e-10 s                 ; No                        ; No                        ;
; LEDR[6]             ; 2.5 V        ; 0 s                 ; 0 s                 ; 2.75 V                       ; 0.000247 V                   ; 2.85 V              ; -0.0711 V           ; 0.204 V                              ; 0.181 V                              ; 4.55e-10 s                  ; 4.49e-10 s                  ; No                         ; No                         ; 2.75 V                      ; 0.000247 V                  ; 2.85 V             ; -0.0711 V          ; 0.204 V                             ; 0.181 V                             ; 4.55e-10 s                 ; 4.49e-10 s                 ; No                        ; No                        ;
; LEDR[7]             ; 2.5 V        ; 0 s                 ; 0 s                 ; 2.75 V                       ; 0.000242 V                   ; 2.86 V              ; -0.0805 V           ; 0.358 V                              ; 0.156 V                              ; 3.01e-10 s                  ; 4.34e-10 s                  ; No                         ; No                         ; 2.75 V                      ; 0.000242 V                  ; 2.86 V             ; -0.0805 V          ; 0.358 V                             ; 0.156 V                             ; 3.01e-10 s                 ; 4.34e-10 s                 ; No                        ; No                        ;
; LEDR[8]             ; 2.5 V        ; 0 s                 ; 0 s                 ; 2.75 V                       ; 0.000247 V                   ; 2.85 V              ; -0.0711 V           ; 0.204 V                              ; 0.181 V                              ; 4.55e-10 s                  ; 4.49e-10 s                  ; No                         ; No                         ; 2.75 V                      ; 0.000247 V                  ; 2.85 V             ; -0.0711 V          ; 0.204 V                             ; 0.181 V                             ; 4.55e-10 s                 ; 4.49e-10 s                 ; No                        ; No                        ;
; LEDR[9]             ; 2.5 V        ; 0 s                 ; 0 s                 ; 2.75 V                       ; 0.000247 V                   ; 2.85 V              ; -0.0711 V           ; 0.204 V                              ; 0.181 V                              ; 4.55e-10 s                  ; 4.49e-10 s                  ; No                         ; No                         ; 2.75 V                      ; 0.000247 V                  ; 2.85 V             ; -0.0711 V          ; 0.204 V                             ; 0.181 V                             ; 4.55e-10 s                 ; 4.49e-10 s                 ; No                        ; No                        ;
; HEX0[0]             ; 2.5 V        ; 0 s                 ; 0 s                 ; 2.75 V                       ; 0.000213 V                   ; 2.79 V              ; -0.0324 V           ; 0.139 V                              ; 0.119 V                              ; 4.42e-10 s                  ; 4.33e-10 s                  ; No                         ; Yes                        ; 2.75 V                      ; 0.000213 V                  ; 2.79 V             ; -0.0324 V          ; 0.139 V                             ; 0.119 V                             ; 4.42e-10 s                 ; 4.33e-10 s                 ; No                        ; Yes                       ;
; HEX0[1]             ; 2.5 V        ; 0 s                 ; 0 s                 ; 2.75 V                       ; 0.000242 V                   ; 2.86 V              ; -0.0814 V           ; 0.36 V                               ; 0.156 V                              ; 3e-10 s                     ; 4.34e-10 s                  ; No                         ; No                         ; 2.75 V                      ; 0.000242 V                  ; 2.86 V             ; -0.0814 V          ; 0.36 V                              ; 0.156 V                             ; 3e-10 s                    ; 4.34e-10 s                 ; No                        ; No                        ;
; HEX0[2]             ; 2.5 V        ; 0 s                 ; 0 s                 ; 2.75 V                       ; 0.000213 V                   ; 2.79 V              ; -0.0324 V           ; 0.139 V                              ; 0.119 V                              ; 4.42e-10 s                  ; 4.33e-10 s                  ; No                         ; Yes                        ; 2.75 V                      ; 0.000213 V                  ; 2.79 V             ; -0.0324 V          ; 0.139 V                             ; 0.119 V                             ; 4.42e-10 s                 ; 4.33e-10 s                 ; No                        ; Yes                       ;
; HEX0[3]             ; 2.5 V        ; 0 s                 ; 0 s                 ; 2.75 V                       ; 0.000242 V                   ; 2.86 V              ; -0.0814 V           ; 0.36 V                               ; 0.156 V                              ; 3e-10 s                     ; 4.34e-10 s                  ; No                         ; No                         ; 2.75 V                      ; 0.000242 V                  ; 2.86 V             ; -0.0814 V          ; 0.36 V                              ; 0.156 V                             ; 3e-10 s                    ; 4.34e-10 s                 ; No                        ; No                        ;
; HEX0[4]             ; 2.5 V        ; 0 s                 ; 0 s                 ; 2.75 V                       ; 0.000247 V                   ; 2.85 V              ; -0.0711 V           ; 0.204 V                              ; 0.181 V                              ; 4.55e-10 s                  ; 4.49e-10 s                  ; No                         ; No                         ; 2.75 V                      ; 0.000247 V                  ; 2.85 V             ; -0.0711 V          ; 0.204 V                             ; 0.181 V                             ; 4.55e-10 s                 ; 4.49e-10 s                 ; No                        ; No                        ;
; HEX0[5]             ; 2.5 V        ; 0 s                 ; 0 s                 ; 2.75 V                       ; 0.000242 V                   ; 2.86 V              ; -0.0805 V           ; 0.358 V                              ; 0.156 V                              ; 3.01e-10 s                  ; 4.34e-10 s                  ; No                         ; No                         ; 2.75 V                      ; 0.000242 V                  ; 2.86 V             ; -0.0805 V          ; 0.358 V                             ; 0.156 V                             ; 3.01e-10 s                 ; 4.34e-10 s                 ; No                        ; No                        ;
; HEX0[6]             ; 2.5 V        ; 0 s                 ; 0 s                 ; 2.75 V                       ; 0.000213 V                   ; 2.79 V              ; -0.0324 V           ; 0.139 V                              ; 0.119 V                              ; 4.42e-10 s                  ; 4.33e-10 s                  ; No                         ; Yes                        ; 2.75 V                      ; 0.000213 V                  ; 2.79 V             ; -0.0324 V          ; 0.139 V                             ; 0.119 V                             ; 4.42e-10 s                 ; 4.33e-10 s                 ; No                        ; Yes                       ;
; HEX1[0]             ; 2.5 V        ; 0 s                 ; 0 s                 ; 2.75 V                       ; 0.000242 V                   ; 2.86 V              ; -0.0805 V           ; 0.358 V                              ; 0.156 V                              ; 3.01e-10 s                  ; 4.34e-10 s                  ; No                         ; No                         ; 2.75 V                      ; 0.000242 V                  ; 2.86 V             ; -0.0805 V          ; 0.358 V                             ; 0.156 V                             ; 3.01e-10 s                 ; 4.34e-10 s                 ; No                        ; No                        ;
; HEX1[1]             ; 2.5 V        ; 0 s                 ; 0 s                 ; 2.75 V                       ; 0.000242 V                   ; 2.86 V              ; -0.0814 V           ; 0.36 V                               ; 0.156 V                              ; 3e-10 s                     ; 4.34e-10 s                  ; No                         ; No                         ; 2.75 V                      ; 0.000242 V                  ; 2.86 V             ; -0.0814 V          ; 0.36 V                              ; 0.156 V                             ; 3e-10 s                    ; 4.34e-10 s                 ; No                        ; No                        ;
; HEX1[2]             ; 2.5 V        ; 0 s                 ; 0 s                 ; 2.75 V                       ; 0.000247 V                   ; 2.85 V              ; -0.0711 V           ; 0.204 V                              ; 0.181 V                              ; 4.55e-10 s                  ; 4.49e-10 s                  ; No                         ; No                         ; 2.75 V                      ; 0.000247 V                  ; 2.85 V             ; -0.0711 V          ; 0.204 V                             ; 0.181 V                             ; 4.55e-10 s                 ; 4.49e-10 s                 ; No                        ; No                        ;
; HEX1[3]             ; 2.5 V        ; 0 s                 ; 0 s                 ; 2.75 V                       ; 0.000242 V                   ; 2.86 V              ; -0.0814 V           ; 0.36 V                               ; 0.156 V                              ; 3e-10 s                     ; 4.34e-10 s                  ; No                         ; No                         ; 2.75 V                      ; 0.000242 V                  ; 2.86 V             ; -0.0814 V          ; 0.36 V                              ; 0.156 V                             ; 3e-10 s                    ; 4.34e-10 s                 ; No                        ; No                        ;
; HEX1[4]             ; 2.5 V        ; 0 s                 ; 0 s                 ; 2.75 V                       ; 0.000247 V                   ; 2.85 V              ; -0.0711 V           ; 0.204 V                              ; 0.181 V                              ; 4.55e-10 s                  ; 4.49e-10 s                  ; No                         ; No                         ; 2.75 V                      ; 0.000247 V                  ; 2.85 V             ; -0.0711 V          ; 0.204 V                             ; 0.181 V                             ; 4.55e-10 s                 ; 4.49e-10 s                 ; No                        ; No                        ;
; HEX1[5]             ; 2.5 V        ; 0 s                 ; 0 s                 ; 2.75 V                       ; 0.000242 V                   ; 2.86 V              ; -0.0805 V           ; 0.358 V                              ; 0.156 V                              ; 3.01e-10 s                  ; 4.34e-10 s                  ; No                         ; No                         ; 2.75 V                      ; 0.000242 V                  ; 2.86 V             ; -0.0805 V          ; 0.358 V                             ; 0.156 V                             ; 3.01e-10 s                 ; 4.34e-10 s                 ; No                        ; No                        ;
; HEX1[6]             ; 2.5 V        ; 0 s                 ; 0 s                 ; 2.75 V                       ; 0.000242 V                   ; 2.86 V              ; -0.0814 V           ; 0.36 V                               ; 0.156 V                              ; 3e-10 s                     ; 4.34e-10 s                  ; No                         ; No                         ; 2.75 V                      ; 0.000242 V                  ; 2.86 V             ; -0.0814 V          ; 0.36 V                              ; 0.156 V                             ; 3e-10 s                    ; 4.34e-10 s                 ; No                        ; No                        ;
; HEX2[0]             ; 2.5 V        ; 0 s                 ; 0 s                 ; 2.75 V                       ; 0.000247 V                   ; 2.85 V              ; -0.0711 V           ; 0.204 V                              ; 0.181 V                              ; 4.55e-10 s                  ; 4.49e-10 s                  ; No                         ; No                         ; 2.75 V                      ; 0.000247 V                  ; 2.85 V             ; -0.0711 V          ; 0.204 V                             ; 0.181 V                             ; 4.55e-10 s                 ; 4.49e-10 s                 ; No                        ; No                        ;
; HEX2[1]             ; 2.5 V        ; 0 s                 ; 0 s                 ; 2.75 V                       ; 0.000213 V                   ; 2.79 V              ; -0.0324 V           ; 0.139 V                              ; 0.119 V                              ; 4.42e-10 s                  ; 4.33e-10 s                  ; No                         ; Yes                        ; 2.75 V                      ; 0.000213 V                  ; 2.79 V             ; -0.0324 V          ; 0.139 V                             ; 0.119 V                             ; 4.42e-10 s                 ; 4.33e-10 s                 ; No                        ; Yes                       ;
; HEX2[2]             ; 2.5 V        ; 0 s                 ; 0 s                 ; 2.75 V                       ; 0.000213 V                   ; 2.79 V              ; -0.0324 V           ; 0.139 V                              ; 0.119 V                              ; 4.42e-10 s                  ; 4.33e-10 s                  ; No                         ; Yes                        ; 2.75 V                      ; 0.000213 V                  ; 2.79 V             ; -0.0324 V          ; 0.139 V                             ; 0.119 V                             ; 4.42e-10 s                 ; 4.33e-10 s                 ; No                        ; Yes                       ;
; HEX2[3]             ; 2.5 V        ; 0 s                 ; 0 s                 ; 2.75 V                       ; 0.000242 V                   ; 2.86 V              ; -0.0805 V           ; 0.358 V                              ; 0.156 V                              ; 3.01e-10 s                  ; 4.34e-10 s                  ; No                         ; No                         ; 2.75 V                      ; 0.000242 V                  ; 2.86 V             ; -0.0805 V          ; 0.358 V                             ; 0.156 V                             ; 3.01e-10 s                 ; 4.34e-10 s                 ; No                        ; No                        ;
; HEX2[4]             ; 2.5 V        ; 0 s                 ; 0 s                 ; 2.75 V                       ; 0.000247 V                   ; 2.85 V              ; -0.0711 V           ; 0.204 V                              ; 0.181 V                              ; 4.55e-10 s                  ; 4.49e-10 s                  ; No                         ; No                         ; 2.75 V                      ; 0.000247 V                  ; 2.85 V             ; -0.0711 V          ; 0.204 V                             ; 0.181 V                             ; 4.55e-10 s                 ; 4.49e-10 s                 ; No                        ; No                        ;
; HEX2[5]             ; 2.5 V        ; 0 s                 ; 0 s                 ; 2.75 V                       ; 0.000247 V                   ; 2.85 V              ; -0.0711 V           ; 0.204 V                              ; 0.181 V                              ; 4.55e-10 s                  ; 4.49e-10 s                  ; No                         ; No                         ; 2.75 V                      ; 0.000247 V                  ; 2.85 V             ; -0.0711 V          ; 0.204 V                             ; 0.181 V                             ; 4.55e-10 s                 ; 4.49e-10 s                 ; No                        ; No                        ;
; HEX2[6]             ; 2.5 V        ; 0 s                 ; 0 s                 ; 2.75 V                       ; 0.000242 V                   ; 2.86 V              ; -0.0805 V           ; 0.358 V                              ; 0.156 V                              ; 3.01e-10 s                  ; 4.34e-10 s                  ; No                         ; No                         ; 2.75 V                      ; 0.000242 V                  ; 2.86 V             ; -0.0805 V          ; 0.358 V                             ; 0.156 V                             ; 3.01e-10 s                 ; 4.34e-10 s                 ; No                        ; No                        ;
; HEX3[0]             ; 2.5 V        ; 0 s                 ; 0 s                 ; 2.75 V                       ; 0.000242 V                   ; 2.86 V              ; -0.0814 V           ; 0.36 V                               ; 0.156 V                              ; 3e-10 s                     ; 4.34e-10 s                  ; No                         ; No                         ; 2.75 V                      ; 0.000242 V                  ; 2.86 V             ; -0.0814 V          ; 0.36 V                              ; 0.156 V                             ; 3e-10 s                    ; 4.34e-10 s                 ; No                        ; No                        ;
; HEX3[1]             ; 2.5 V        ; 0 s                 ; 0 s                 ; 2.75 V                       ; 0.000247 V                   ; 2.85 V              ; -0.0711 V           ; 0.204 V                              ; 0.181 V                              ; 4.55e-10 s                  ; 4.49e-10 s                  ; No                         ; No                         ; 2.75 V                      ; 0.000247 V                  ; 2.85 V             ; -0.0711 V          ; 0.204 V                             ; 0.181 V                             ; 4.55e-10 s                 ; 4.49e-10 s                 ; No                        ; No                        ;
; HEX3[2]             ; 2.5 V        ; 0 s                 ; 0 s                 ; 2.75 V                       ; 0.000247 V                   ; 2.85 V              ; -0.0711 V           ; 0.204 V                              ; 0.181 V                              ; 4.55e-10 s                  ; 4.49e-10 s                  ; No                         ; No                         ; 2.75 V                      ; 0.000247 V                  ; 2.85 V             ; -0.0711 V          ; 0.204 V                             ; 0.181 V                             ; 4.55e-10 s                 ; 4.49e-10 s                 ; No                        ; No                        ;
; HEX3[3]             ; 2.5 V        ; 0 s                 ; 0 s                 ; 2.75 V                       ; 0.000213 V                   ; 2.79 V              ; -0.0324 V           ; 0.139 V                              ; 0.119 V                              ; 4.42e-10 s                  ; 4.33e-10 s                  ; No                         ; Yes                        ; 2.75 V                      ; 0.000213 V                  ; 2.79 V             ; -0.0324 V          ; 0.139 V                             ; 0.119 V                             ; 4.42e-10 s                 ; 4.33e-10 s                 ; No                        ; Yes                       ;
; HEX3[4]             ; 2.5 V        ; 0 s                 ; 0 s                 ; 2.75 V                       ; 0.000242 V                   ; 2.86 V              ; -0.0805 V           ; 0.358 V                              ; 0.156 V                              ; 3.01e-10 s                  ; 4.34e-10 s                  ; No                         ; No                         ; 2.75 V                      ; 0.000242 V                  ; 2.86 V             ; -0.0805 V          ; 0.358 V                             ; 0.156 V                             ; 3.01e-10 s                 ; 4.34e-10 s                 ; No                        ; No                        ;
; HEX3[5]             ; 2.5 V        ; 0 s                 ; 0 s                 ; 2.75 V                       ; 0.000242 V                   ; 2.86 V              ; -0.0814 V           ; 0.36 V                               ; 0.156 V                              ; 3e-10 s                     ; 4.34e-10 s                  ; No                         ; No                         ; 2.75 V                      ; 0.000242 V                  ; 2.86 V             ; -0.0814 V          ; 0.36 V                              ; 0.156 V                             ; 3e-10 s                    ; 4.34e-10 s                 ; No                        ; No                        ;
; HEX3[6]             ; 2.5 V        ; 0 s                 ; 0 s                 ; 2.75 V                       ; 0.000242 V                   ; 2.86 V              ; -0.0814 V           ; 0.36 V                               ; 0.156 V                              ; 3e-10 s                     ; 4.34e-10 s                  ; No                         ; No                         ; 2.75 V                      ; 0.000242 V                  ; 2.86 V             ; -0.0814 V          ; 0.36 V                              ; 0.156 V                             ; 3e-10 s                    ; 4.34e-10 s                 ; No                        ; No                        ;
; UART_TX             ; 2.5 V        ; 0 s                 ; 0 s                 ; 2.75 V                       ; 0.000242 V                   ; 2.86 V              ; -0.0805 V           ; 0.358 V                              ; 0.156 V                              ; 3.01e-10 s                  ; 4.34e-10 s                  ; No                         ; No                         ; 2.75 V                      ; 0.000242 V                  ; 2.86 V             ; -0.0805 V          ; 0.358 V                             ; 0.156 V                             ; 3.01e-10 s                 ; 4.34e-10 s                 ; No                        ; No                        ;
; SRAM_A[0]           ; 2.5 V        ; 0 s                 ; 0 s                 ; 2.75 V                       ; 0.000242 V                   ; 2.86 V              ; -0.0805 V           ; 0.358 V                              ; 0.156 V                              ; 3.01e-10 s                  ; 4.34e-10 s                  ; No                         ; No                         ; 2.75 V                      ; 0.000242 V                  ; 2.86 V             ; -0.0805 V          ; 0.358 V                             ; 0.156 V                             ; 3.01e-10 s                 ; 4.34e-10 s                 ; No                        ; No                        ;
; SRAM_A[1]           ; 2.5 V        ; 0 s                 ; 0 s                 ; 2.75 V                       ; 0.000242 V                   ; 2.86 V              ; -0.0805 V           ; 0.358 V                              ; 0.156 V                              ; 3.01e-10 s                  ; 4.34e-10 s                  ; No                         ; No                         ; 2.75 V                      ; 0.000242 V                  ; 2.86 V             ; -0.0805 V          ; 0.358 V                             ; 0.156 V                             ; 3.01e-10 s                 ; 4.34e-10 s                 ; No                        ; No                        ;
; SRAM_A[2]           ; 2.5 V        ; 0 s                 ; 0 s                 ; 2.75 V                       ; 0.000213 V                   ; 2.79 V              ; -0.0324 V           ; 0.139 V                              ; 0.119 V                              ; 4.42e-10 s                  ; 4.33e-10 s                  ; No                         ; Yes                        ; 2.75 V                      ; 0.000213 V                  ; 2.79 V             ; -0.0324 V          ; 0.139 V                             ; 0.119 V                             ; 4.42e-10 s                 ; 4.33e-10 s                 ; No                        ; Yes                       ;
; SRAM_A[3]           ; 2.5 V        ; 0 s                 ; 0 s                 ; 2.75 V                       ; 0.000242 V                   ; 2.86 V              ; -0.0814 V           ; 0.36 V                               ; 0.156 V                              ; 3e-10 s                     ; 4.34e-10 s                  ; No                         ; No                         ; 2.75 V                      ; 0.000242 V                  ; 2.86 V             ; -0.0814 V          ; 0.36 V                              ; 0.156 V                             ; 3e-10 s                    ; 4.34e-10 s                 ; No                        ; No                        ;
; SRAM_A[4]           ; 2.5 V        ; 0 s                 ; 0 s                 ; 2.75 V                       ; 0.000213 V                   ; 2.79 V              ; -0.0324 V           ; 0.139 V                              ; 0.119 V                              ; 4.42e-10 s                  ; 4.33e-10 s                  ; No                         ; Yes                        ; 2.75 V                      ; 0.000213 V                  ; 2.79 V             ; -0.0324 V          ; 0.139 V                             ; 0.119 V                             ; 4.42e-10 s                 ; 4.33e-10 s                 ; No                        ; Yes                       ;
; SRAM_A[5]           ; 2.5 V        ; 0 s                 ; 0 s                 ; 2.75 V                       ; 0.000247 V                   ; 2.85 V              ; -0.0711 V           ; 0.204 V                              ; 0.181 V                              ; 4.55e-10 s                  ; 4.49e-10 s                  ; No                         ; No                         ; 2.75 V                      ; 0.000247 V                  ; 2.85 V             ; -0.0711 V          ; 0.204 V                             ; 0.181 V                             ; 4.55e-10 s                 ; 4.49e-10 s                 ; No                        ; No                        ;
; SRAM_A[6]           ; 2.5 V        ; 0 s                 ; 0 s                 ; 2.75 V                       ; 0.000242 V                   ; 2.86 V              ; -0.0805 V           ; 0.358 V                              ; 0.156 V                              ; 3.01e-10 s                  ; 4.34e-10 s                  ; No                         ; No                         ; 2.75 V                      ; 0.000242 V                  ; 2.86 V             ; -0.0805 V          ; 0.358 V                             ; 0.156 V                             ; 3.01e-10 s                 ; 4.34e-10 s                 ; No                        ; No                        ;
; SRAM_A[7]           ; 2.5 V        ; 0 s                 ; 0 s                 ; 2.75 V                       ; 0.000242 V                   ; 2.86 V              ; -0.0805 V           ; 0.358 V                              ; 0.156 V                              ; 3.01e-10 s                  ; 4.34e-10 s                  ; No                         ; No                         ; 2.75 V                      ; 0.000242 V                  ; 2.86 V             ; -0.0805 V          ; 0.358 V                             ; 0.156 V                             ; 3.01e-10 s                 ; 4.34e-10 s                 ; No                        ; No                        ;
; SRAM_A[8]           ; 2.5 V        ; 0 s                 ; 0 s                 ; 2.75 V                       ; 0.000213 V                   ; 2.79 V              ; -0.0324 V           ; 0.139 V                              ; 0.119 V                              ; 4.42e-10 s                  ; 4.33e-10 s                  ; No                         ; Yes                        ; 2.75 V                      ; 0.000213 V                  ; 2.79 V             ; -0.0324 V          ; 0.139 V                             ; 0.119 V                             ; 4.42e-10 s                 ; 4.33e-10 s                 ; No                        ; Yes                       ;
; SRAM_A[9]           ; 2.5 V        ; 0 s                 ; 0 s                 ; 2.75 V                       ; 0.000247 V                   ; 2.85 V              ; -0.0711 V           ; 0.204 V                              ; 0.181 V                              ; 4.55e-10 s                  ; 4.49e-10 s                  ; No                         ; No                         ; 2.75 V                      ; 0.000247 V                  ; 2.85 V             ; -0.0711 V          ; 0.204 V                             ; 0.181 V                             ; 4.55e-10 s                 ; 4.49e-10 s                 ; No                        ; No                        ;
; SRAM_A[10]          ; 2.5 V        ; 0 s                 ; 0 s                 ; 2.75 V                       ; 0.000242 V                   ; 2.86 V              ; -0.0814 V           ; 0.36 V                               ; 0.156 V                              ; 3e-10 s                     ; 4.34e-10 s                  ; No                         ; No                         ; 2.75 V                      ; 0.000242 V                  ; 2.86 V             ; -0.0814 V          ; 0.36 V                              ; 0.156 V                             ; 3e-10 s                    ; 4.34e-10 s                 ; No                        ; No                        ;
; SRAM_A[11]          ; 2.5 V        ; 0 s                 ; 0 s                 ; 2.75 V                       ; 0.000247 V                   ; 2.85 V              ; -0.0711 V           ; 0.204 V                              ; 0.181 V                              ; 4.55e-10 s                  ; 4.49e-10 s                  ; No                         ; No                         ; 2.75 V                      ; 0.000247 V                  ; 2.85 V             ; -0.0711 V          ; 0.204 V                             ; 0.181 V                             ; 4.55e-10 s                 ; 4.49e-10 s                 ; No                        ; No                        ;
; SRAM_A[12]          ; 2.5 V        ; 0 s                 ; 0 s                 ; 2.75 V                       ; 0.000242 V                   ; 2.86 V              ; -0.0805 V           ; 0.358 V                              ; 0.156 V                              ; 3.01e-10 s                  ; 4.34e-10 s                  ; No                         ; No                         ; 2.75 V                      ; 0.000242 V                  ; 2.86 V             ; -0.0805 V          ; 0.358 V                             ; 0.156 V                             ; 3.01e-10 s                 ; 4.34e-10 s                 ; No                        ; No                        ;
; SRAM_A[13]          ; 2.5 V        ; 0 s                 ; 0 s                 ; 2.75 V                       ; 0.000242 V                   ; 2.86 V              ; -0.0814 V           ; 0.36 V                               ; 0.156 V                              ; 3e-10 s                     ; 4.34e-10 s                  ; No                         ; No                         ; 2.75 V                      ; 0.000242 V                  ; 2.86 V             ; -0.0814 V          ; 0.36 V                              ; 0.156 V                             ; 3e-10 s                    ; 4.34e-10 s                 ; No                        ; No                        ;
; SRAM_A[14]          ; 2.5 V        ; 0 s                 ; 0 s                 ; 2.75 V                       ; 0.000213 V                   ; 2.79 V              ; -0.0324 V           ; 0.139 V                              ; 0.119 V                              ; 4.42e-10 s                  ; 4.33e-10 s                  ; No                         ; Yes                        ; 2.75 V                      ; 0.000213 V                  ; 2.79 V             ; -0.0324 V          ; 0.139 V                             ; 0.119 V                             ; 4.42e-10 s                 ; 4.33e-10 s                 ; No                        ; Yes                       ;
; SRAM_A[15]          ; 2.5 V        ; 0 s                 ; 0 s                 ; 2.75 V                       ; 0.000213 V                   ; 2.79 V              ; -0.0324 V           ; 0.139 V                              ; 0.119 V                              ; 4.42e-10 s                  ; 4.33e-10 s                  ; No                         ; Yes                        ; 2.75 V                      ; 0.000213 V                  ; 2.79 V             ; -0.0324 V          ; 0.139 V                             ; 0.119 V                             ; 4.42e-10 s                 ; 4.33e-10 s                 ; No                        ; Yes                       ;
; SRAM_A[16]          ; 2.5 V        ; 0 s                 ; 0 s                 ; 2.75 V                       ; 0.000247 V                   ; 2.85 V              ; -0.0711 V           ; 0.204 V                              ; 0.181 V                              ; 4.55e-10 s                  ; 4.49e-10 s                  ; No                         ; No                         ; 2.75 V                      ; 0.000247 V                  ; 2.85 V             ; -0.0711 V          ; 0.204 V                             ; 0.181 V                             ; 4.55e-10 s                 ; 4.49e-10 s                 ; No                        ; No                        ;
; SRAM_A[17]          ; 2.5 V        ; 0 s                 ; 0 s                 ; 2.75 V                       ; 0.000242 V                   ; 2.86 V              ; -0.0814 V           ; 0.36 V                               ; 0.156 V                              ; 3e-10 s                     ; 4.34e-10 s                  ; No                         ; No                         ; 2.75 V                      ; 0.000242 V                  ; 2.86 V             ; -0.0814 V          ; 0.36 V                              ; 0.156 V                             ; 3e-10 s                    ; 4.34e-10 s                 ; No                        ; No                        ;
; SRAM_CE_n           ; 2.5 V        ; 0 s                 ; 0 s                 ; 2.75 V                       ; 0.000213 V                   ; 2.79 V              ; -0.0324 V           ; 0.139 V                              ; 0.119 V                              ; 4.42e-10 s                  ; 4.33e-10 s                  ; No                         ; Yes                        ; 2.75 V                      ; 0.000213 V                  ; 2.79 V             ; -0.0324 V          ; 0.139 V                             ; 0.119 V                             ; 4.42e-10 s                 ; 4.33e-10 s                 ; No                        ; Yes                       ;
; SRAM_LB_n           ; 2.5 V        ; 0 s                 ; 0 s                 ; 2.75 V                       ; 0.000247 V                   ; 2.85 V              ; -0.0711 V           ; 0.204 V                              ; 0.181 V                              ; 4.55e-10 s                  ; 4.49e-10 s                  ; No                         ; No                         ; 2.75 V                      ; 0.000247 V                  ; 2.85 V             ; -0.0711 V          ; 0.204 V                             ; 0.181 V                             ; 4.55e-10 s                 ; 4.49e-10 s                 ; No                        ; No                        ;
; SRAM_OE_n           ; 2.5 V        ; 0 s                 ; 0 s                 ; 2.75 V                       ; 0.000242 V                   ; 2.86 V              ; -0.0805 V           ; 0.358 V                              ; 0.156 V                              ; 3.01e-10 s                  ; 4.34e-10 s                  ; No                         ; No                         ; 2.75 V                      ; 0.000242 V                  ; 2.86 V             ; -0.0805 V          ; 0.358 V                             ; 0.156 V                             ; 3.01e-10 s                 ; 4.34e-10 s                 ; No                        ; No                        ;
; SRAM_UB_n           ; 2.5 V        ; 0 s                 ; 0 s                 ; 2.75 V                       ; 0.000242 V                   ; 2.86 V              ; -0.0814 V           ; 0.36 V                               ; 0.156 V                              ; 3e-10 s                     ; 4.34e-10 s                  ; No                         ; No                         ; 2.75 V                      ; 0.000242 V                  ; 2.86 V             ; -0.0814 V          ; 0.36 V                              ; 0.156 V                             ; 3e-10 s                    ; 4.34e-10 s                 ; No                        ; No                        ;
; SRAM_WE_n           ; 2.5 V        ; 0 s                 ; 0 s                 ; 2.75 V                       ; 0.000213 V                   ; 2.79 V              ; -0.0324 V           ; 0.139 V                              ; 0.119 V                              ; 4.42e-10 s                  ; 4.33e-10 s                  ; No                         ; Yes                        ; 2.75 V                      ; 0.000213 V                  ; 2.79 V             ; -0.0324 V          ; 0.139 V                             ; 0.119 V                             ; 4.42e-10 s                 ; 4.33e-10 s                 ; No                        ; Yes                       ;
; SRAM_D[0]           ; 2.5 V        ; 0 s                 ; 0 s                 ; 2.75 V                       ; 0.000213 V                   ; 2.79 V              ; -0.0324 V           ; 0.139 V                              ; 0.119 V                              ; 4.42e-10 s                  ; 4.33e-10 s                  ; No                         ; Yes                        ; 2.75 V                      ; 0.000213 V                  ; 2.79 V             ; -0.0324 V          ; 0.139 V                             ; 0.119 V                             ; 4.42e-10 s                 ; 4.33e-10 s                 ; No                        ; Yes                       ;
; SRAM_D[1]           ; 2.5 V        ; 0 s                 ; 0 s                 ; 2.75 V                       ; 0.000242 V                   ; 2.86 V              ; -0.0814 V           ; 0.36 V                               ; 0.156 V                              ; 3e-10 s                     ; 4.34e-10 s                  ; No                         ; No                         ; 2.75 V                      ; 0.000242 V                  ; 2.86 V             ; -0.0814 V          ; 0.36 V                              ; 0.156 V                             ; 3e-10 s                    ; 4.34e-10 s                 ; No                        ; No                        ;
; SRAM_D[2]           ; 2.5 V        ; 0 s                 ; 0 s                 ; 2.75 V                       ; 0.000247 V                   ; 2.85 V              ; -0.0711 V           ; 0.204 V                              ; 0.181 V                              ; 4.55e-10 s                  ; 4.49e-10 s                  ; No                         ; No                         ; 2.75 V                      ; 0.000247 V                  ; 2.85 V             ; -0.0711 V          ; 0.204 V                             ; 0.181 V                             ; 4.55e-10 s                 ; 4.49e-10 s                 ; No                        ; No                        ;
; SRAM_D[3]           ; 2.5 V        ; 0 s                 ; 0 s                 ; 2.75 V                       ; 0.000242 V                   ; 2.86 V              ; -0.0814 V           ; 0.36 V                               ; 0.156 V                              ; 3e-10 s                     ; 4.34e-10 s                  ; No                         ; No                         ; 2.75 V                      ; 0.000242 V                  ; 2.86 V             ; -0.0814 V          ; 0.36 V                              ; 0.156 V                             ; 3e-10 s                    ; 4.34e-10 s                 ; No                        ; No                        ;
; SRAM_D[4]           ; 2.5 V        ; 0 s                 ; 0 s                 ; 2.75 V                       ; 0.000242 V                   ; 2.86 V              ; -0.0805 V           ; 0.358 V                              ; 0.156 V                              ; 3.01e-10 s                  ; 4.34e-10 s                  ; No                         ; No                         ; 2.75 V                      ; 0.000242 V                  ; 2.86 V             ; -0.0805 V          ; 0.358 V                             ; 0.156 V                             ; 3.01e-10 s                 ; 4.34e-10 s                 ; No                        ; No                        ;
; SRAM_D[5]           ; 2.5 V        ; 0 s                 ; 0 s                 ; 2.75 V                       ; 0.000242 V                   ; 2.86 V              ; -0.0805 V           ; 0.358 V                              ; 0.156 V                              ; 3.01e-10 s                  ; 4.34e-10 s                  ; No                         ; No                         ; 2.75 V                      ; 0.000242 V                  ; 2.86 V             ; -0.0805 V          ; 0.358 V                             ; 0.156 V                             ; 3.01e-10 s                 ; 4.34e-10 s                 ; No                        ; No                        ;
; SRAM_D[6]           ; 2.5 V        ; 0 s                 ; 0 s                 ; 2.75 V                       ; 0.000213 V                   ; 2.79 V              ; -0.0324 V           ; 0.139 V                              ; 0.119 V                              ; 4.42e-10 s                  ; 4.33e-10 s                  ; No                         ; Yes                        ; 2.75 V                      ; 0.000213 V                  ; 2.79 V             ; -0.0324 V          ; 0.139 V                             ; 0.119 V                             ; 4.42e-10 s                 ; 4.33e-10 s                 ; No                        ; Yes                       ;
; SRAM_D[7]           ; 2.5 V        ; 0 s                 ; 0 s                 ; 2.75 V                       ; 0.000213 V                   ; 2.79 V              ; -0.0324 V           ; 0.139 V                              ; 0.119 V                              ; 4.42e-10 s                  ; 4.33e-10 s                  ; No                         ; Yes                        ; 2.75 V                      ; 0.000213 V                  ; 2.79 V             ; -0.0324 V          ; 0.139 V                             ; 0.119 V                             ; 4.42e-10 s                 ; 4.33e-10 s                 ; No                        ; Yes                       ;
; SRAM_D[8]           ; 2.5 V        ; 0 s                 ; 0 s                 ; 2.75 V                       ; 0.000213 V                   ; 2.79 V              ; -0.0324 V           ; 0.139 V                              ; 0.119 V                              ; 4.42e-10 s                  ; 4.33e-10 s                  ; No                         ; Yes                        ; 2.75 V                      ; 0.000213 V                  ; 2.79 V             ; -0.0324 V          ; 0.139 V                             ; 0.119 V                             ; 4.42e-10 s                 ; 4.33e-10 s                 ; No                        ; Yes                       ;
; SRAM_D[9]           ; 2.5 V        ; 0 s                 ; 0 s                 ; 2.75 V                       ; 0.000242 V                   ; 2.86 V              ; -0.0814 V           ; 0.36 V                               ; 0.156 V                              ; 3e-10 s                     ; 4.34e-10 s                  ; No                         ; No                         ; 2.75 V                      ; 0.000242 V                  ; 2.86 V             ; -0.0814 V          ; 0.36 V                              ; 0.156 V                             ; 3e-10 s                    ; 4.34e-10 s                 ; No                        ; No                        ;
; SRAM_D[10]          ; 2.5 V        ; 0 s                 ; 0 s                 ; 2.75 V                       ; 0.000242 V                   ; 2.86 V              ; -0.0814 V           ; 0.36 V                               ; 0.156 V                              ; 3e-10 s                     ; 4.34e-10 s                  ; No                         ; No                         ; 2.75 V                      ; 0.000242 V                  ; 2.86 V             ; -0.0814 V          ; 0.36 V                              ; 0.156 V                             ; 3e-10 s                    ; 4.34e-10 s                 ; No                        ; No                        ;
; SRAM_D[11]          ; 2.5 V        ; 0 s                 ; 0 s                 ; 2.75 V                       ; 0.000213 V                   ; 2.79 V              ; -0.0324 V           ; 0.139 V                              ; 0.119 V                              ; 4.42e-10 s                  ; 4.33e-10 s                  ; No                         ; Yes                        ; 2.75 V                      ; 0.000213 V                  ; 2.79 V             ; -0.0324 V          ; 0.139 V                             ; 0.119 V                             ; 4.42e-10 s                 ; 4.33e-10 s                 ; No                        ; Yes                       ;
; SRAM_D[12]          ; 2.5 V        ; 0 s                 ; 0 s                 ; 2.75 V                       ; 0.000242 V                   ; 2.86 V              ; -0.0805 V           ; 0.358 V                              ; 0.156 V                              ; 3.01e-10 s                  ; 4.34e-10 s                  ; No                         ; No                         ; 2.75 V                      ; 0.000242 V                  ; 2.86 V             ; -0.0805 V          ; 0.358 V                             ; 0.156 V                             ; 3.01e-10 s                 ; 4.34e-10 s                 ; No                        ; No                        ;
; SRAM_D[13]          ; 2.5 V        ; 0 s                 ; 0 s                 ; 2.75 V                       ; 0.000247 V                   ; 2.85 V              ; -0.0711 V           ; 0.204 V                              ; 0.181 V                              ; 4.55e-10 s                  ; 4.49e-10 s                  ; No                         ; No                         ; 2.75 V                      ; 0.000247 V                  ; 2.85 V             ; -0.0711 V          ; 0.204 V                             ; 0.181 V                             ; 4.55e-10 s                 ; 4.49e-10 s                 ; No                        ; No                        ;
; SRAM_D[14]          ; 2.5 V        ; 0 s                 ; 0 s                 ; 2.75 V                       ; 0.000242 V                   ; 2.86 V              ; -0.0814 V           ; 0.36 V                               ; 0.156 V                              ; 3e-10 s                     ; 4.34e-10 s                  ; No                         ; No                         ; 2.75 V                      ; 0.000242 V                  ; 2.86 V             ; -0.0814 V          ; 0.36 V                              ; 0.156 V                             ; 3e-10 s                    ; 4.34e-10 s                 ; No                        ; No                        ;
; SRAM_D[15]          ; 2.5 V        ; 0 s                 ; 0 s                 ; 2.75 V                       ; 0.000242 V                   ; 2.86 V              ; -0.0814 V           ; 0.36 V                               ; 0.156 V                              ; 3e-10 s                     ; 4.34e-10 s                  ; No                         ; No                         ; 2.75 V                      ; 0.000242 V                  ; 2.86 V             ; -0.0814 V          ; 0.36 V                              ; 0.156 V                             ; 3e-10 s                    ; 4.34e-10 s                 ; No                        ; No                        ;
; altera_reserved_tdo ; 2.5 V        ; 0 s                 ; 0 s                 ; 2.75 V                       ; 0.000219 V                   ; 2.85 V              ; -0.0938 V           ; 0.339 V                              ; 0.157 V                              ; 3.08e-10 s                  ; 4.29e-10 s                  ; No                         ; No                         ; 2.75 V                      ; 0.000219 V                  ; 2.85 V             ; -0.0938 V          ; 0.339 V                             ; 0.157 V                             ; 3.08e-10 s                 ; 4.29e-10 s                 ; No                        ; No                        ;
+---------------------+--------------+---------------------+---------------------+------------------------------+------------------------------+---------------------+---------------------+--------------------------------------+--------------------------------------+-----------------------------+-----------------------------+----------------------------+----------------------------+-----------------------------+-----------------------------+--------------------+--------------------+-------------------------------------+-------------------------------------+----------------------------+----------------------------+---------------------------+---------------------------+


+---------------------------------------------------------------------------------------+
; Setup Transfers                                                                       ;
+---------------------+---------------------+----------+----------+----------+----------+
; From Clock          ; To Clock            ; RR Paths ; FR Paths ; RF Paths ; FF Paths ;
+---------------------+---------------------+----------+----------+----------+----------+
; altera_reserved_tck ; altera_reserved_tck ; 924      ; 0        ; 33       ; 0        ;
+---------------------+---------------------+----------+----------+----------+----------+
Entries labeled "false path" only account for clock-to-clock false paths and not path-based false paths. As a result, actual path counts may be lower than reported.


+---------------------------------------------------------------------------------------+
; Hold Transfers                                                                        ;
+---------------------+---------------------+----------+----------+----------+----------+
; From Clock          ; To Clock            ; RR Paths ; FR Paths ; RF Paths ; FF Paths ;
+---------------------+---------------------+----------+----------+----------+----------+
; altera_reserved_tck ; altera_reserved_tck ; 924      ; 0        ; 33       ; 0        ;
+---------------------+---------------------+----------+----------+----------+----------+
Entries labeled "false path" only account for clock-to-clock false paths and not path-based false paths. As a result, actual path counts may be lower than reported.


+---------------------------------------------------------------------------------------+
; Recovery Transfers                                                                    ;
+---------------------+---------------------+----------+----------+----------+----------+
; From Clock          ; To Clock            ; RR Paths ; FR Paths ; RF Paths ; FF Paths ;
+---------------------+---------------------+----------+----------+----------+----------+
; altera_reserved_tck ; altera_reserved_tck ; 24       ; 0        ; 0        ; 0        ;
+---------------------+---------------------+----------+----------+----------+----------+
Entries labeled "false path" only account for clock-to-clock false paths and not path-based false paths. As a result, actual path counts may be lower than reported.


+---------------------------------------------------------------------------------------+
; Removal Transfers                                                                     ;
+---------------------+---------------------+----------+----------+----------+----------+
; From Clock          ; To Clock            ; RR Paths ; FR Paths ; RF Paths ; FF Paths ;
+---------------------+---------------------+----------+----------+----------+----------+
; altera_reserved_tck ; altera_reserved_tck ; 24       ; 0        ; 0        ; 0        ;
+---------------------+---------------------+----------+----------+----------+----------+
Entries labeled "false path" only account for clock-to-clock false paths and not path-based false paths. As a result, actual path counts may be lower than reported.


---------------
; Report TCCS ;
---------------
No dedicated SERDES Transmitter circuitry present in device or used in design


---------------
; Report RSKM ;
---------------
No non-DPA dedicated SERDES Receiver circuitry present in device or used in design


+------------------------------------------------+
; Unconstrained Paths Summary                    ;
+---------------------------------+-------+------+
; Property                        ; Setup ; Hold ;
+---------------------------------+-------+------+
; Illegal Clocks                  ; 0     ; 0    ;
; Unconstrained Clocks            ; 1     ; 1    ;
; Unconstrained Input Ports       ; 6     ; 6    ;
; Unconstrained Input Port Paths  ; 241   ; 241  ;
; Unconstrained Output Ports      ; 47    ; 47   ;
; Unconstrained Output Port Paths ; 135   ; 135  ;
+---------------------------------+-------+------+


+------------------------------------------------------------------+
; Clock Status Summary                                             ;
+---------------------+---------------------+------+---------------+
; Target              ; Clock               ; Type ; Status        ;
+---------------------+---------------------+------+---------------+
; CLOCK_50_B5B        ;                     ; Base ; Unconstrained ;
; altera_reserved_tck ; altera_reserved_tck ; Base ; Constrained   ;
+---------------------+---------------------+------+---------------+


+------------------------------------------------------------------------------------------------------------+
; Unconstrained Input Ports                                                                                  ;
+---------------------+--------------------------------------------------------------------------------------+
; Input Port          ; Comment                                                                              ;
+---------------------+--------------------------------------------------------------------------------------+
; CPU_RESET_n         ; No input delay, min/max delays, false-path exceptions, or max skew assignments found ;
; KEY[0]              ; No input delay, min/max delays, false-path exceptions, or max skew assignments found ;
; KEY[1]              ; No input delay, min/max delays, false-path exceptions, or max skew assignments found ;
; KEY[2]              ; No input delay, min/max delays, false-path exceptions, or max skew assignments found ;
; altera_reserved_tdi ; No input delay, min/max delays, false-path exceptions, or max skew assignments found ;
; altera_reserved_tms ; No input delay, min/max delays, false-path exceptions, or max skew assignments found ;
+---------------------+--------------------------------------------------------------------------------------+


+-------------------------------------------------------------------------------------------------------------+
; Unconstrained Output Ports                                                                                  ;
+---------------------+---------------------------------------------------------------------------------------+
; Output Port         ; Comment                                                                               ;
+---------------------+---------------------------------------------------------------------------------------+
; HEX0[0]             ; No output delay, min/max delays, false-path exceptions, or max skew assignments found ;
; HEX0[1]             ; No output delay, min/max delays, false-path exceptions, or max skew assignments found ;
; HEX0[2]             ; No output delay, min/max delays, false-path exceptions, or max skew assignments found ;
; HEX0[3]             ; No output delay, min/max delays, false-path exceptions, or max skew assignments found ;
; HEX0[4]             ; No output delay, min/max delays, false-path exceptions, or max skew assignments found ;
; HEX0[5]             ; No output delay, min/max delays, false-path exceptions, or max skew assignments found ;
; HEX0[6]             ; No output delay, min/max delays, false-path exceptions, or max skew assignments found ;
; HEX1[0]             ; No output delay, min/max delays, false-path exceptions, or max skew assignments found ;
; HEX1[1]             ; No output delay, min/max delays, false-path exceptions, or max skew assignments found ;
; HEX1[2]             ; No output delay, min/max delays, false-path exceptions, or max skew assignments found ;
; HEX1[3]             ; No output delay, min/max delays, false-path exceptions, or max skew assignments found ;
; HEX1[4]             ; No output delay, min/max delays, false-path exceptions, or max skew assignments found ;
; HEX1[5]             ; No output delay, min/max delays, false-path exceptions, or max skew assignments found ;
; HEX1[6]             ; No output delay, min/max delays, false-path exceptions, or max skew assignments found ;
; HEX2[0]             ; No output delay, min/max delays, false-path exceptions, or max skew assignments found ;
; HEX2[1]             ; No output delay, min/max delays, false-path exceptions, or max skew assignments found ;
; HEX2[2]             ; No output delay, min/max delays, false-path exceptions, or max skew assignments found ;
; HEX2[3]             ; No output delay, min/max delays, false-path exceptions, or max skew assignments found ;
; HEX2[4]             ; No output delay, min/max delays, false-path exceptions, or max skew assignments found ;
; HEX2[5]             ; No output delay, min/max delays, false-path exceptions, or max skew assignments found ;
; HEX2[6]             ; No output delay, min/max delays, false-path exceptions, or max skew assignments found ;
; HEX3[0]             ; No output delay, min/max delays, false-path exceptions, or max skew assignments found ;
; HEX3[1]             ; No output delay, min/max delays, false-path exceptions, or max skew assignments found ;
; HEX3[2]             ; No output delay, min/max delays, false-path exceptions, or max skew assignments found ;
; HEX3[3]             ; No output delay, min/max delays, false-path exceptions, or max skew assignments found ;
; HEX3[4]             ; No output delay, min/max delays, false-path exceptions, or max skew assignments found ;
; HEX3[5]             ; No output delay, min/max delays, false-path exceptions, or max skew assignments found ;
; HEX3[6]             ; No output delay, min/max delays, false-path exceptions, or max skew assignments found ;
; LEDG[0]             ; No output delay, min/max delays, false-path exceptions, or max skew assignments found ;
; LEDG[1]             ; No output delay, min/max delays, false-path exceptions, or max skew assignments found ;
; LEDG[2]             ; No output delay, min/max delays, false-path exceptions, or max skew assignments found ;
; LEDG[3]             ; No output delay, min/max delays, false-path exceptions, or max skew assignments found ;
; LEDG[4]             ; No output delay, min/max delays, false-path exceptions, or max skew assignments found ;
; LEDG[5]             ; No output delay, min/max delays, false-path exceptions, or max skew assignments found ;
; LEDG[6]             ; No output delay, min/max delays, false-path exceptions, or max skew assignments found ;
; LEDG[7]             ; No output delay, min/max delays, false-path exceptions, or max skew assignments found ;
; LEDR[0]             ; No output delay, min/max delays, false-path exceptions, or max skew assignments found ;
; LEDR[1]             ; No output delay, min/max delays, false-path exceptions, or max skew assignments found ;
; LEDR[2]             ; No output delay, min/max delays, false-path exceptions, or max skew assignments found ;
; LEDR[3]             ; No output delay, min/max delays, false-path exceptions, or max skew assignments found ;
; LEDR[4]             ; No output delay, min/max delays, false-path exceptions, or max skew assignments found ;
; LEDR[5]             ; No output delay, min/max delays, false-path exceptions, or max skew assignments found ;
; LEDR[6]             ; No output delay, min/max delays, false-path exceptions, or max skew assignments found ;
; LEDR[7]             ; No output delay, min/max delays, false-path exceptions, or max skew assignments found ;
; LEDR[8]             ; No output delay, min/max delays, false-path exceptions, or max skew assignments found ;
; LEDR[9]             ; No output delay, min/max delays, false-path exceptions, or max skew assignments found ;
; altera_reserved_tdo ; No output delay, min/max delays, false-path exceptions, or max skew assignments found ;
+---------------------+---------------------------------------------------------------------------------------+


+------------------------------------------------------------------------------------------------------------+
; Unconstrained Input Ports                                                                                  ;
+---------------------+--------------------------------------------------------------------------------------+
; Input Port          ; Comment                                                                              ;
+---------------------+--------------------------------------------------------------------------------------+
; CPU_RESET_n         ; No input delay, min/max delays, false-path exceptions, or max skew assignments found ;
; KEY[0]              ; No input delay, min/max delays, false-path exceptions, or max skew assignments found ;
; KEY[1]              ; No input delay, min/max delays, false-path exceptions, or max skew assignments found ;
; KEY[2]              ; No input delay, min/max delays, false-path exceptions, or max skew assignments found ;
; altera_reserved_tdi ; No input delay, min/max delays, false-path exceptions, or max skew assignments found ;
; altera_reserved_tms ; No input delay, min/max delays, false-path exceptions, or max skew assignments found ;
+---------------------+--------------------------------------------------------------------------------------+


+-------------------------------------------------------------------------------------------------------------+
; Unconstrained Output Ports                                                                                  ;
+---------------------+---------------------------------------------------------------------------------------+
; Output Port         ; Comment                                                                               ;
+---------------------+---------------------------------------------------------------------------------------+
; HEX0[0]             ; No output delay, min/max delays, false-path exceptions, or max skew assignments found ;
; HEX0[1]             ; No output delay, min/max delays, false-path exceptions, or max skew assignments found ;
; HEX0[2]             ; No output delay, min/max delays, false-path exceptions, or max skew assignments found ;
; HEX0[3]             ; No output delay, min/max delays, false-path exceptions, or max skew assignments found ;
; HEX0[4]             ; No output delay, min/max delays, false-path exceptions, or max skew assignments found ;
; HEX0[5]             ; No output delay, min/max delays, false-path exceptions, or max skew assignments found ;
; HEX0[6]             ; No output delay, min/max delays, false-path exceptions, or max skew assignments found ;
; HEX1[0]             ; No output delay, min/max delays, false-path exceptions, or max skew assignments found ;
; HEX1[1]             ; No output delay, min/max delays, false-path exceptions, or max skew assignments found ;
; HEX1[2]             ; No output delay, min/max delays, false-path exceptions, or max skew assignments found ;
; HEX1[3]             ; No output delay, min/max delays, false-path exceptions, or max skew assignments found ;
; HEX1[4]             ; No output delay, min/max delays, false-path exceptions, or max skew assignments found ;
; HEX1[5]             ; No output delay, min/max delays, false-path exceptions, or max skew assignments found ;
; HEX1[6]             ; No output delay, min/max delays, false-path exceptions, or max skew assignments found ;
; HEX2[0]             ; No output delay, min/max delays, false-path exceptions, or max skew assignments found ;
; HEX2[1]             ; No output delay, min/max delays, false-path exceptions, or max skew assignments found ;
; HEX2[2]             ; No output delay, min/max delays, false-path exceptions, or max skew assignments found ;
; HEX2[3]             ; No output delay, min/max delays, false-path exceptions, or max skew assignments found ;
; HEX2[4]             ; No output delay, min/max delays, false-path exceptions, or max skew assignments found ;
; HEX2[5]             ; No output delay, min/max delays, false-path exceptions, or max skew assignments found ;
; HEX2[6]             ; No output delay, min/max delays, false-path exceptions, or max skew assignments found ;
; HEX3[0]             ; No output delay, min/max delays, false-path exceptions, or max skew assignments found ;
; HEX3[1]             ; No output delay, min/max delays, false-path exceptions, or max skew assignments found ;
; HEX3[2]             ; No output delay, min/max delays, false-path exceptions, or max skew assignments found ;
; HEX3[3]             ; No output delay, min/max delays, false-path exceptions, or max skew assignments found ;
; HEX3[4]             ; No output delay, min/max delays, false-path exceptions, or max skew assignments found ;
; HEX3[5]             ; No output delay, min/max delays, false-path exceptions, or max skew assignments found ;
; HEX3[6]             ; No output delay, min/max delays, false-path exceptions, or max skew assignments found ;
; LEDG[0]             ; No output delay, min/max delays, false-path exceptions, or max skew assignments found ;
; LEDG[1]             ; No output delay, min/max delays, false-path exceptions, or max skew assignments found ;
; LEDG[2]             ; No output delay, min/max delays, false-path exceptions, or max skew assignments found ;
; LEDG[3]             ; No output delay, min/max delays, false-path exceptions, or max skew assignments found ;
; LEDG[4]             ; No output delay, min/max delays, false-path exceptions, or max skew assignments found ;
; LEDG[5]             ; No output delay, min/max delays, false-path exceptions, or max skew assignments found ;
; LEDG[6]             ; No output delay, min/max delays, false-path exceptions, or max skew assignments found ;
; LEDG[7]             ; No output delay, min/max delays, false-path exceptions, or max skew assignments found ;
; LEDR[0]             ; No output delay, min/max delays, false-path exceptions, or max skew assignments found ;
; LEDR[1]             ; No output delay, min/max delays, false-path exceptions, or max skew assignments found ;
; LEDR[2]             ; No output delay, min/max delays, false-path exceptions, or max skew assignments found ;
; LEDR[3]             ; No output delay, min/max delays, false-path exceptions, or max skew assignments found ;
; LEDR[4]             ; No output delay, min/max delays, false-path exceptions, or max skew assignments found ;
; LEDR[5]             ; No output delay, min/max delays, false-path exceptions, or max skew assignments found ;
; LEDR[6]             ; No output delay, min/max delays, false-path exceptions, or max skew assignments found ;
; LEDR[7]             ; No output delay, min/max delays, false-path exceptions, or max skew assignments found ;
; LEDR[8]             ; No output delay, min/max delays, false-path exceptions, or max skew assignments found ;
; LEDR[9]             ; No output delay, min/max delays, false-path exceptions, or max skew assignments found ;
; altera_reserved_tdo ; No output delay, min/max delays, false-path exceptions, or max skew assignments found ;
+---------------------+---------------------------------------------------------------------------------------+


+--------------------------+
; Timing Analyzer Messages ;
+--------------------------+
Info: *******************************************************************
Info: Running Quartus Prime Timing Analyzer
    Info: Version 22.1std.2 Build 922 07/20/2023 SC Lite Edition
    Info: Processing started: Sat Jun 14 22:05:30 2025
Info: Command: quartus_sta sistolicArray -c sistolicArray
Info: qsta_default_script.tcl version: #1
Warning (20013): Ignored 35 assignments for entity "altera_reset_controller" -- entity does not exist in design
Warning (20013): Ignored 19 assignments for entity "sdram" -- entity does not exist in design
Warning (20013): Ignored 34 assignments for entity "sdram_new_sdram_controller_0" -- entity does not exist in design
Warning (20013): Ignored 317 assignments for entity "sdram_pll_0" -- entity does not exist in design
Warning (18236): Number of processors has not been specified which may cause overloading on shared machines.  Set the global assignment NUM_PARALLEL_PROCESSORS in your QSF to an appropriate value for best performance.
Info (20030): Parallel compilation is enabled and will use 12 of the 12 processors detected
Info (21077): Low junction temperature is 0 degrees C
Info (21077): High junction temperature is 85 degrees C
Info (332164): Evaluating HDL-embedded SDC commands
    Info (332165): Entity sld_hub
        Info (332166): create_clock -name altera_reserved_tck [get_ports {altera_reserved_tck}] -period 30MHz   
        Info (332166): if { [string equal quartus_fit $::TimeQuestInfo(nameofexecutable)] } { set_max_delay -to [get_ports { altera_reserved_tdo } ] 0 }
        Info (332166): set_clock_groups -asynchronous -group {altera_reserved_tck}
Info (332104): Reading SDC File: 'sdram/synthesis/submodules/altera_reset_controller.sdc'
Warning (332060): Node: CLOCK_50_B5B was determined to be a clock but was found without an associated clock assignment.
    Info (13166): Register counter[0] is being clocked by CLOCK_50_B5B
Info (332143): No user constrained clock uncertainty found in the design. Calling "derive_clock_uncertainty"
Info (332123): Deriving Clock Uncertainty. Please refer to report_sdc in the Timing Analyzer to see clock uncertainties.
Info: Found TIMING_ANALYZER_REPORT_SCRIPT_INCLUDE_DEFAULT_ANALYSIS = ON
Info: Analyzing Slow 1100mV 85C Model
Info (332146): Worst-case setup slack is 12.354
    Info (332119):     Slack       End Point TNS Clock 
    Info (332119): ========= =================== =====================
    Info (332119):    12.354               0.000 altera_reserved_tck 
Info (332146): Worst-case hold slack is 0.720
    Info (332119):     Slack       End Point TNS Clock 
    Info (332119): ========= =================== =====================
    Info (332119):     0.720               0.000 altera_reserved_tck 
Info (332146): Worst-case recovery slack is 31.044
    Info (332119):     Slack       End Point TNS Clock 
    Info (332119): ========= =================== =====================
    Info (332119):    31.044               0.000 altera_reserved_tck 
Info (332146): Worst-case removal slack is 0.766
    Info (332119):     Slack       End Point TNS Clock 
    Info (332119): ========= =================== =====================
    Info (332119):     0.766               0.000 altera_reserved_tck 
Info (332146): Worst-case minimum pulse width slack is 15.863
    Info (332119):     Slack       End Point TNS Clock 
    Info (332119): ========= =================== =====================
    Info (332119):    15.863               0.000 altera_reserved_tck 
Info (332114): Report Metastability: Found 1 synchronizer chains.
    Info (332114): The design MTBF is not calculated because there are no specified synchronizers in the design.
    Info (332114): Number of Synchronizer Chains Found: 1
    Info (332114): Shortest Synchronizer Chain: 9 Registers
    Info (332114): Fraction of Chains for which MTBFs Could Not be Calculated: 1.000
    Info (332114): Worst Case Available Settling Time: 280.104 ns
    Info (332114): 
Info: Analyzing Slow 1100mV 0C Model
Info (334003): Started post-fitting delay annotation
Info (334004): Delay annotation completed successfully
Warning (332060): Node: CLOCK_50_B5B was determined to be a clock but was found without an associated clock assignment.
    Info (13166): Register counter[0] is being clocked by CLOCK_50_B5B
Info (332123): Deriving Clock Uncertainty. Please refer to report_sdc in the Timing Analyzer to see clock uncertainties.
Info (332146): Worst-case setup slack is 12.434
    Info (332119):     Slack       End Point TNS Clock 
    Info (332119): ========= =================== =====================
    Info (332119):    12.434               0.000 altera_reserved_tck 
Info (332146): Worst-case hold slack is 0.681
    Info (332119):     Slack       End Point TNS Clock 
    Info (332119): ========= =================== =====================
    Info (332119):     0.681               0.000 altera_reserved_tck 
Info (332146): Worst-case recovery slack is 31.142
    Info (332119):     Slack       End Point TNS Clock 
    Info (332119): ========= =================== =====================
    Info (332119):    31.142               0.000 altera_reserved_tck 
Info (332146): Worst-case removal slack is 0.714
    Info (332119):     Slack       End Point TNS Clock 
    Info (332119): ========= =================== =====================
    Info (332119):     0.714               0.000 altera_reserved_tck 
Info (332146): Worst-case minimum pulse width slack is 15.877
    Info (332119):     Slack       End Point TNS Clock 
    Info (332119): ========= =================== =====================
    Info (332119):    15.877               0.000 altera_reserved_tck 
Info (332114): Report Metastability: Found 1 synchronizer chains.
    Info (332114): The design MTBF is not calculated because there are no specified synchronizers in the design.
    Info (332114): Number of Synchronizer Chains Found: 1
    Info (332114): Shortest Synchronizer Chain: 9 Registers
    Info (332114): Fraction of Chains for which MTBFs Could Not be Calculated: 1.000
    Info (332114): Worst Case Available Settling Time: 280.470 ns
    Info (332114): 
Info: Analyzing Fast 1100mV 85C Model
Info (334003): Started post-fitting delay annotation
Info (334004): Delay annotation completed successfully
Warning (332060): Node: CLOCK_50_B5B was determined to be a clock but was found without an associated clock assignment.
    Info (13166): Register counter[0] is being clocked by CLOCK_50_B5B
Info (332123): Deriving Clock Uncertainty. Please refer to report_sdc in the Timing Analyzer to see clock uncertainties.
Info (332146): Worst-case setup slack is 14.227
    Info (332119):     Slack       End Point TNS Clock 
    Info (332119): ========= =================== =====================
    Info (332119):    14.227               0.000 altera_reserved_tck 
Info (332146): Worst-case hold slack is 0.328
    Info (332119):     Slack       End Point TNS Clock 
    Info (332119): ========= =================== =====================
    Info (332119):     0.328               0.000 altera_reserved_tck 
Info (332146): Worst-case recovery slack is 31.761
    Info (332119):     Slack       End Point TNS Clock 
    Info (332119): ========= =================== =====================
    Info (332119):    31.761               0.000 altera_reserved_tck 
Info (332146): Worst-case removal slack is 0.394
    Info (332119):     Slack       End Point TNS Clock 
    Info (332119): ========= =================== =====================
    Info (332119):     0.394               0.000 altera_reserved_tck 
Info (332146): Worst-case minimum pulse width slack is 15.839
    Info (332119):     Slack       End Point TNS Clock 
    Info (332119): ========= =================== =====================
    Info (332119):    15.839               0.000 altera_reserved_tck 
Info (332114): Report Metastability: Found 1 synchronizer chains.
    Info (332114): The design MTBF is not calculated because there are no specified synchronizers in the design.
    Info (332114): Number of Synchronizer Chains Found: 1
    Info (332114): Shortest Synchronizer Chain: 9 Registers
    Info (332114): Fraction of Chains for which MTBFs Could Not be Calculated: 1.000
    Info (332114): Worst Case Available Settling Time: 286.226 ns
    Info (332114): 
Info: Analyzing Fast 1100mV 0C Model
Warning (332060): Node: CLOCK_50_B5B was determined to be a clock but was found without an associated clock assignment.
    Info (13166): Register counter[0] is being clocked by CLOCK_50_B5B
Info (332123): Deriving Clock Uncertainty. Please refer to report_sdc in the Timing Analyzer to see clock uncertainties.
Info (332146): Worst-case setup slack is 14.489
    Info (332119):     Slack       End Point TNS Clock 
    Info (332119): ========= =================== =====================
    Info (332119):    14.489               0.000 altera_reserved_tck 
Info (332146): Worst-case hold slack is 0.297
    Info (332119):     Slack       End Point TNS Clock 
    Info (332119): ========= =================== =====================
    Info (332119):     0.297               0.000 altera_reserved_tck 
Info (332146): Worst-case recovery slack is 31.896
    Info (332119):     Slack       End Point TNS Clock 
    Info (332119): ========= =================== =====================
    Info (332119):    31.896               0.000 altera_reserved_tck 
Info (332146): Worst-case removal slack is 0.340
    Info (332119):     Slack       End Point TNS Clock 
    Info (332119): ========= =================== =====================
    Info (332119):     0.340               0.000 altera_reserved_tck 
Info (332146): Worst-case minimum pulse width slack is 15.849
    Info (332119):     Slack       End Point TNS Clock 
    Info (332119): ========= =================== =====================
    Info (332119):    15.849               0.000 altera_reserved_tck 
Info (332114): Report Metastability: Found 1 synchronizer chains.
    Info (332114): The design MTBF is not calculated because there are no specified synchronizers in the design.
    Info (332114): Number of Synchronizer Chains Found: 1
    Info (332114): Shortest Synchronizer Chain: 9 Registers
    Info (332114): Fraction of Chains for which MTBFs Could Not be Calculated: 1.000
    Info (332114): Worst Case Available Settling Time: 287.200 ns
    Info (332114): 
Info (332102): Design is not fully constrained for setup requirements
Info (332102): Design is not fully constrained for hold requirements
Info: Quartus Prime Timing Analyzer was successful. 0 errors, 9 warnings
    Info: Peak virtual memory: 5420 megabytes
    Info: Processing ended: Sat Jun 14 22:05:37 2025
    Info: Elapsed time: 00:00:07
    Info: Total CPU time (on all processors): 00:00:09


