Analysis & Synthesis report for sistolicArray
Sat Jun 14 22:03:34 2025
Quartus Prime Version 22.1std.2 Build 922 07/20/2023 SC Lite Edition


---------------------
; Table of Contents ;
---------------------
  1. Legal Notice
  2. Analysis & Synthesis Summary
  3. Analysis & Synthesis Settings
  4. Parallel Compilation
  5. Analysis & Synthesis Source Files Read
  6. Analysis & Synthesis Resource Usage Summary
  7. Analysis & Synthesis Resource Utilization by Entity
  8. Analysis & Synthesis IP Cores Summary
  9. State Machine - |top|bin2bcd_decoder:u_bin2bcd_decoder|state
 10. Registers Removed During Synthesis
 11. General Register Statistics
 12. Inverted Register Statistics
 13. Multiplexer Restructuring Statistics (Restructuring Performed)
 14. Parameter Settings for User Entity Instance: bin2bcd_decoder:u_bin2bcd_decoder
 15. Parameter Settings for User Entity Instance: vjtag:u_vjtag|sld_virtual_jtag:virtual_jtag_0
 16. Parameter Settings for User Entity Instance: vjtag_interface:u_vjtag_interface
 17. Port Connectivity Checks: "vjtag_interface:u_vjtag_interface"
 18. Port Connectivity Checks: "vjtag:u_vjtag|sld_virtual_jtag:virtual_jtag_0"
 19. Port Connectivity Checks: "vjtag:u_vjtag"
 20. Port Connectivity Checks: "bin2bcd_decoder:u_bin2bcd_decoder"
 21. Virtual JTAG Settings
 22. Post-Synthesis Netlist Statistics for Top Partition
 23. Post-Synthesis Netlist Statistics for Partition sld_hub:auto_hub
 24. Elapsed Time Per Partition
 25. Analysis & Synthesis Messages



----------------
; Legal Notice ;
----------------
Copyright (C) 2023  Intel Corporation. All rights reserved.
Your use of Intel Corporation's design tools, logic functions 
and other software and tools, and any partner logic 
functions, and any output files from any of the foregoing 
(including device programming or simulation files), and any 
associated documentation or information are expressly subject 
to the terms and conditions of the Intel Program License 
Subscription Agreement, the Intel Quartus Prime License Agreement,
the Intel FPGA IP License Agreement, or other applicable license
agreement, including, without limitation, that your use is for
the sole purpose of programming logic devices manufactured by
Intel and sold by Intel or its authorized distributors.  Please
refer to the applicable agreement for further details, at
https://fpgasoftware.intel.com/eula.



+----------------------------------------------------------------------------------+
; Analysis & Synthesis Summary                                                     ;
+---------------------------------+------------------------------------------------+
; Analysis & Synthesis Status     ; Successful - Sat Jun 14 22:03:34 2025          ;
; Quartus Prime Version           ; 22.1std.2 Build 922 07/20/2023 SC Lite Edition ;
; Revision Name                   ; sistolicArray                                  ;
; Top-level Entity Name           ; top                                            ;
; Family                          ; Cyclone V                                      ;
; Logic utilization (in ALMs)     ; N/A                                            ;
; Total registers                 ; 236                                            ;
; Total pins                      ; 107                                            ;
; Total virtual pins              ; 0                                              ;
; Total block memory bits         ; 0                                              ;
; Total DSP Blocks                ; 0                                              ;
; Total HSSI RX PCSs              ; 0                                              ;
; Total HSSI PMA RX Deserializers ; 0                                              ;
; Total HSSI TX PCSs              ; 0                                              ;
; Total HSSI PMA TX Serializers   ; 0                                              ;
; Total PLLs                      ; 0                                              ;
; Total DLLs                      ; 0                                              ;
+---------------------------------+------------------------------------------------+


+---------------------------------------------------------------------------------------------------------------------------+
; Analysis & Synthesis Settings                                                                                             ;
+---------------------------------------------------------------------------------+--------------------+--------------------+
; Option                                                                          ; Setting            ; Default Value      ;
+---------------------------------------------------------------------------------+--------------------+--------------------+
; Device                                                                          ; 5CSEMA5F31C6       ;                    ;
; Top-level entity name                                                           ; top                ; sistolicArray      ;
; Family name                                                                     ; Cyclone V          ; Cyclone V          ;
; Use smart compilation                                                           ; Off                ; Off                ;
; Enable parallel Assembler and Timing Analyzer during compilation                ; On                 ; On                 ;
; Enable compact report table                                                     ; Off                ; Off                ;
; Restructure Multiplexers                                                        ; Auto               ; Auto               ;
; MLAB Add Timing Constraints For Mixed-Port Feed-Through Mode Setting Don't Care ; Off                ; Off                ;
; Create Debugging Nodes for IP Cores                                             ; Off                ; Off                ;
; Preserve fewer node names                                                       ; On                 ; On                 ;
; Intel FPGA IP Evaluation Mode                                                   ; Enable             ; Enable             ;
; Verilog Version                                                                 ; Verilog_2001       ; Verilog_2001       ;
; VHDL Version                                                                    ; VHDL_1993          ; VHDL_1993          ;
; State Machine Processing                                                        ; Auto               ; Auto               ;
; Safe State Machine                                                              ; Off                ; Off                ;
; Extract Verilog State Machines                                                  ; On                 ; On                 ;
; Extract VHDL State Machines                                                     ; On                 ; On                 ;
; Ignore Verilog initial constructs                                               ; Off                ; Off                ;
; Iteration limit for constant Verilog loops                                      ; 5000               ; 5000               ;
; Iteration limit for non-constant Verilog loops                                  ; 250                ; 250                ;
; Add Pass-Through Logic to Inferred RAMs                                         ; On                 ; On                 ;
; Infer RAMs from Raw Logic                                                       ; On                 ; On                 ;
; Parallel Synthesis                                                              ; On                 ; On                 ;
; DSP Block Balancing                                                             ; Auto               ; Auto               ;
; NOT Gate Push-Back                                                              ; On                 ; On                 ;
; Power-Up Don't Care                                                             ; On                 ; On                 ;
; Remove Redundant Logic Cells                                                    ; Off                ; Off                ;
; Remove Duplicate Registers                                                      ; On                 ; On                 ;
; Ignore CARRY Buffers                                                            ; Off                ; Off                ;
; Ignore CASCADE Buffers                                                          ; Off                ; Off                ;
; Ignore GLOBAL Buffers                                                           ; Off                ; Off                ;
; Ignore ROW GLOBAL Buffers                                                       ; Off                ; Off                ;
; Ignore LCELL Buffers                                                            ; Off                ; Off                ;
; Ignore SOFT Buffers                                                             ; On                 ; On                 ;
; Limit AHDL Integers to 32 Bits                                                  ; Off                ; Off                ;
; Optimization Technique                                                          ; Balanced           ; Balanced           ;
; Carry Chain Length                                                              ; 70                 ; 70                 ;
; Auto Carry Chains                                                               ; On                 ; On                 ;
; Auto Open-Drain Pins                                                            ; On                 ; On                 ;
; Perform WYSIWYG Primitive Resynthesis                                           ; Off                ; Off                ;
; Auto ROM Replacement                                                            ; On                 ; On                 ;
; Auto RAM Replacement                                                            ; On                 ; On                 ;
; Auto DSP Block Replacement                                                      ; On                 ; On                 ;
; Auto Shift Register Replacement                                                 ; Auto               ; Auto               ;
; Allow Shift Register Merging across Hierarchies                                 ; Auto               ; Auto               ;
; Auto Clock Enable Replacement                                                   ; On                 ; On                 ;
; Strict RAM Replacement                                                          ; Off                ; Off                ;
; Allow Synchronous Control Signals                                               ; On                 ; On                 ;
; Force Use of Synchronous Clear Signals                                          ; Off                ; Off                ;
; Auto Resource Sharing                                                           ; Off                ; Off                ;
; Allow Any RAM Size For Recognition                                              ; Off                ; Off                ;
; Allow Any ROM Size For Recognition                                              ; Off                ; Off                ;
; Allow Any Shift Register Size For Recognition                                   ; Off                ; Off                ;
; Use LogicLock Constraints during Resource Balancing                             ; On                 ; On                 ;
; Ignore translate_off and synthesis_off directives                               ; Off                ; Off                ;
; Timing-Driven Synthesis                                                         ; On                 ; On                 ;
; Report Parameter Settings                                                       ; On                 ; On                 ;
; Report Source Assignments                                                       ; On                 ; On                 ;
; Report Connectivity Checks                                                      ; On                 ; On                 ;
; Ignore Maximum Fan-Out Assignments                                              ; Off                ; Off                ;
; Synchronization Register Chain Length                                           ; 3                  ; 3                  ;
; Power Optimization During Synthesis                                             ; Normal compilation ; Normal compilation ;
; HDL message level                                                               ; Level2             ; Level2             ;
; Suppress Register Optimization Related Messages                                 ; Off                ; Off                ;
; Number of Removed Registers Reported in Synthesis Report                        ; 5000               ; 5000               ;
; Number of Swept Nodes Reported in Synthesis Report                              ; 5000               ; 5000               ;
; Number of Inverted Registers Reported in Synthesis Report                       ; 100                ; 100                ;
; Clock MUX Protection                                                            ; On                 ; On                 ;
; Auto Gated Clock Conversion                                                     ; Off                ; Off                ;
; Block Design Naming                                                             ; Auto               ; Auto               ;
; SDC constraint protection                                                       ; Off                ; Off                ;
; Synthesis Effort                                                                ; Auto               ; Auto               ;
; Shift Register Replacement - Allow Asynchronous Clear Signal                    ; On                 ; On                 ;
; Pre-Mapping Resynthesis Optimization                                            ; Off                ; Off                ;
; Analysis & Synthesis Message Level                                              ; Medium             ; Medium             ;
; Disable Register Merging Across Hierarchies                                     ; Auto               ; Auto               ;
; Resource Aware Inference For Block RAM                                          ; On                 ; On                 ;
; Automatic Parallel Synthesis                                                    ; On                 ; On                 ;
; Partial Reconfiguration Bitstream ID                                            ; Off                ; Off                ;
+---------------------------------------------------------------------------------+--------------------+--------------------+


+------------------------------------------+
; Parallel Compilation                     ;
+----------------------------+-------------+
; Processors                 ; Number      ;
+----------------------------+-------------+
; Number detected on machine ; 12          ;
; Maximum allowed            ; 12          ;
;                            ;             ;
; Average used               ; 1.00        ;
; Maximum used               ; 12          ;
;                            ;             ;
; Usage by Processor         ; % Time Used ;
;     Processor 1            ; 100.0%      ;
;     Processors 2-12        ;   0.0%      ;
+----------------------------+-------------+


+-------------------------------------------------------------------------------------------------------------------------------------------------------------------------------------------------------------------------------------------------------------------------------+
; Analysis & Synthesis Source Files Read                                                                                                                                                                                                                                        ;
+--------------------------------------------------------------------+-----------------+----------------------------------------------+---------------------------------------------------------------------------------------------------------------------------+-------------+
; File Name with User-Entered Path                                   ; Used in Netlist ; File Type                                    ; File Name with Absolute Path                                                                                              ; Library     ;
+--------------------------------------------------------------------+-----------------+----------------------------------------------+---------------------------------------------------------------------------------------------------------------------------+-------------+
; seven_segs/bin2bcd_decoder.sv                                      ; yes             ; User SystemVerilog HDL File                  ; C:/Users/ricar/OneDrive/Escritorio/ArregloSist-licoNPU/seven_segs/bin2bcd_decoder.sv                                      ;             ;
; seven_segs/bcd2seven_seg.sv                                        ; yes             ; User SystemVerilog HDL File                  ; C:/Users/ricar/OneDrive/Escritorio/ArregloSist-licoNPU/seven_segs/bcd2seven_seg.sv                                        ;             ;
; vjtag/synthesis/vjtag.v                                            ; yes             ; User Verilog HDL File                        ; C:/Users/ricar/OneDrive/Escritorio/ArregloSist-licoNPU/vjtag/synthesis/vjtag.v                                            ; vjtag       ;
; vjtag_interface.sv                                                 ; yes             ; User SystemVerilog HDL File                  ; C:/Users/ricar/OneDrive/Escritorio/ArregloSist-licoNPU/vjtag_interface.sv                                                 ;             ;
; top.sv                                                             ; yes             ; User SystemVerilog HDL File                  ; C:/Users/ricar/OneDrive/Escritorio/ArregloSist-licoNPU/top.sv                                                             ;             ;
; sld_virtual_jtag.v                                                 ; yes             ; Megafunction                                 ; c:/intelfpga_lite/22.1std/quartus/libraries/megafunctions/sld_virtual_jtag.v                                              ;             ;
; sld_virtual_jtag_basic.v                                           ; yes             ; Megafunction                                 ; c:/intelfpga_lite/22.1std/quartus/libraries/megafunctions/sld_virtual_jtag_basic.v                                        ;             ;
; sld_jtag_endpoint_adapter.vhd                                      ; yes             ; Encrypted Megafunction                       ; c:/intelfpga_lite/22.1std/quartus/libraries/megafunctions/sld_jtag_endpoint_adapter.vhd                                   ;             ;
; sld_jtag_endpoint_adapter_impl.sv                                  ; yes             ; Encrypted Megafunction                       ; c:/intelfpga_lite/22.1std/quartus/libraries/megafunctions/sld_jtag_endpoint_adapter_impl.sv                               ;             ;
; sld_hub.vhd                                                        ; yes             ; Encrypted Megafunction                       ; c:/intelfpga_lite/22.1std/quartus/libraries/megafunctions/sld_hub.vhd                                                     ; altera_sld  ;
; db/ip/sld53c68bd5/alt_sld_fab.v                                    ; yes             ; Encrypted Auto-Found Verilog HDL File        ; C:/Users/ricar/OneDrive/Escritorio/ArregloSist-licoNPU/db/ip/sld53c68bd5/alt_sld_fab.v                                    ; alt_sld_fab ;
; db/ip/sld53c68bd5/submodules/alt_sld_fab_alt_sld_fab.v             ; yes             ; Encrypted Auto-Found Verilog HDL File        ; C:/Users/ricar/OneDrive/Escritorio/ArregloSist-licoNPU/db/ip/sld53c68bd5/submodules/alt_sld_fab_alt_sld_fab.v             ; alt_sld_fab ;
; db/ip/sld53c68bd5/submodules/alt_sld_fab_alt_sld_fab_ident.sv      ; yes             ; Auto-Found SystemVerilog HDL File            ; C:/Users/ricar/OneDrive/Escritorio/ArregloSist-licoNPU/db/ip/sld53c68bd5/submodules/alt_sld_fab_alt_sld_fab_ident.sv      ; alt_sld_fab ;
; db/ip/sld53c68bd5/submodules/alt_sld_fab_alt_sld_fab_presplit.sv   ; yes             ; Encrypted Auto-Found SystemVerilog HDL File  ; C:/Users/ricar/OneDrive/Escritorio/ArregloSist-licoNPU/db/ip/sld53c68bd5/submodules/alt_sld_fab_alt_sld_fab_presplit.sv   ; alt_sld_fab ;
; db/ip/sld53c68bd5/submodules/alt_sld_fab_alt_sld_fab_sldfabric.vhd ; yes             ; Encrypted Auto-Found VHDL File               ; C:/Users/ricar/OneDrive/Escritorio/ArregloSist-licoNPU/db/ip/sld53c68bd5/submodules/alt_sld_fab_alt_sld_fab_sldfabric.vhd ; alt_sld_fab ;
; db/ip/sld53c68bd5/submodules/alt_sld_fab_alt_sld_fab_splitter.sv   ; yes             ; Encrypted Auto-Found SystemVerilog HDL File  ; C:/Users/ricar/OneDrive/Escritorio/ArregloSist-licoNPU/db/ip/sld53c68bd5/submodules/alt_sld_fab_alt_sld_fab_splitter.sv   ; alt_sld_fab ;
; sld_jtag_hub.vhd                                                   ; yes             ; Encrypted Megafunction                       ; c:/intelfpga_lite/22.1std/quartus/libraries/megafunctions/sld_jtag_hub.vhd                                                ;             ;
; sld_rom_sr.vhd                                                     ; yes             ; Encrypted Megafunction                       ; c:/intelfpga_lite/22.1std/quartus/libraries/megafunctions/sld_rom_sr.vhd                                                  ;             ;
+--------------------------------------------------------------------+-----------------+----------------------------------------------+---------------------------------------------------------------------------------------------------------------------------+-------------+


+------------------------------------------------------------------------+
; Analysis & Synthesis Resource Usage Summary                            ;
+---------------------------------------------+--------------------------+
; Resource                                    ; Usage                    ;
+---------------------------------------------+--------------------------+
; Estimate of Logic utilization (ALMs needed) ; 274                      ;
;                                             ;                          ;
; Combinational ALUT usage for logic          ; 451                      ;
;     -- 7 input functions                    ; 0                        ;
;     -- 6 input functions                    ; 75                       ;
;     -- 5 input functions                    ; 45                       ;
;     -- 4 input functions                    ; 69                       ;
;     -- <=3 input functions                  ; 262                      ;
;                                             ;                          ;
; Dedicated logic registers                   ; 236                      ;
;                                             ;                          ;
; I/O pins                                    ; 107                      ;
;                                             ;                          ;
; Total DSP Blocks                            ; 0                        ;
;                                             ;                          ;
; Maximum fan-out node                        ; altera_internal_jtag~TDO ;
; Maximum fan-out                             ; 149                      ;
; Total fan-out                               ; 2592                     ;
; Average fan-out                             ; 2.80                     ;
+---------------------------------------------+--------------------------+


+-------------------------------------------------------------------------------------------------------------------------------------------------------------------------------------------------------------------------------------------------------------------------------------------------------------------------------------------------------------------------------------------------------------------------------------------------------------------------------------------------------------------------------------------------------------------------------------------------------------------------------------------------------+
; Analysis & Synthesis Resource Utilization by Entity                                                                                                                                                                                                                                                                                                                                                                                                                                                                                                                                                                                                   ;
+-----------------------------------------------------------------------------------------------------------------------------------------+---------------------+---------------------------+-------------------+------------+------+--------------+-------------------------------------------------------------------------------------------------------------------------------------------------------------------------------------------------------------------------------------------------------------------------------------------------------------------------------------------------+-----------------------------------+--------------+
; Compilation Hierarchy Node                                                                                                              ; Combinational ALUTs ; Dedicated Logic Registers ; Block Memory Bits ; DSP Blocks ; Pins ; Virtual Pins ; Full Hierarchy Name                                                                                                                                                                                                                                                                                                                             ; Entity Name                       ; Library Name ;
+-----------------------------------------------------------------------------------------------------------------------------------------+---------------------+---------------------------+-------------------+------------+------+--------------+-------------------------------------------------------------------------------------------------------------------------------------------------------------------------------------------------------------------------------------------------------------------------------------------------------------------------------------------------+-----------------------------------+--------------+
; |top                                                                                                                                    ; 451 (19)            ; 236 (16)                  ; 0                 ; 0          ; 107  ; 0            ; |top                                                                                                                                                                                                                                                                                                                                            ; top                               ; work         ;
;    |bcd2seven_seg:u_bcd2seven_seg_0|                                                                                                    ; 7 (7)               ; 0 (0)                     ; 0                 ; 0          ; 0    ; 0            ; |top|bcd2seven_seg:u_bcd2seven_seg_0                                                                                                                                                                                                                                                                                                            ; bcd2seven_seg                     ; work         ;
;    |bcd2seven_seg:u_bcd2seven_seg_1|                                                                                                    ; 7 (7)               ; 0 (0)                     ; 0                 ; 0          ; 0    ; 0            ; |top|bcd2seven_seg:u_bcd2seven_seg_1                                                                                                                                                                                                                                                                                                            ; bcd2seven_seg                     ; work         ;
;    |bcd2seven_seg:u_bcd2seven_seg_2|                                                                                                    ; 7 (7)               ; 0 (0)                     ; 0                 ; 0          ; 0    ; 0            ; |top|bcd2seven_seg:u_bcd2seven_seg_2                                                                                                                                                                                                                                                                                                            ; bcd2seven_seg                     ; work         ;
;    |bcd2seven_seg:u_bcd2seven_seg_3|                                                                                                    ; 7 (7)               ; 0 (0)                     ; 0                 ; 0          ; 0    ; 0            ; |top|bcd2seven_seg:u_bcd2seven_seg_3                                                                                                                                                                                                                                                                                                            ; bcd2seven_seg                     ; work         ;
;    |bin2bcd_decoder:u_bin2bcd_decoder|                                                                                                  ; 304 (304)           ; 95 (95)                   ; 0                 ; 0          ; 0    ; 0            ; |top|bin2bcd_decoder:u_bin2bcd_decoder                                                                                                                                                                                                                                                                                                          ; bin2bcd_decoder                   ; work         ;
;    |sld_hub:auto_hub|                                                                                                                   ; 93 (1)              ; 76 (0)                    ; 0                 ; 0          ; 0    ; 0            ; |top|sld_hub:auto_hub                                                                                                                                                                                                                                                                                                                           ; sld_hub                           ; altera_sld   ;
;       |alt_sld_fab_with_jtag_input:\instrumentation_fabric_with_node_gen:fabric_gen_new_way:with_jtag_input_gen:instrumentation_fabric| ; 92 (0)              ; 76 (0)                    ; 0                 ; 0          ; 0    ; 0            ; |top|sld_hub:auto_hub|alt_sld_fab_with_jtag_input:\instrumentation_fabric_with_node_gen:fabric_gen_new_way:with_jtag_input_gen:instrumentation_fabric                                                                                                                                                                                           ; alt_sld_fab_with_jtag_input       ; altera_sld   ;
;          |alt_sld_fab:instrumentation_fabric|                                                                                           ; 92 (0)              ; 76 (0)                    ; 0                 ; 0          ; 0    ; 0            ; |top|sld_hub:auto_hub|alt_sld_fab_with_jtag_input:\instrumentation_fabric_with_node_gen:fabric_gen_new_way:with_jtag_input_gen:instrumentation_fabric|alt_sld_fab:instrumentation_fabric                                                                                                                                                        ; alt_sld_fab                       ; alt_sld_fab  ;
;             |alt_sld_fab_alt_sld_fab:alt_sld_fab|                                                                                       ; 92 (1)              ; 76 (5)                    ; 0                 ; 0          ; 0    ; 0            ; |top|sld_hub:auto_hub|alt_sld_fab_with_jtag_input:\instrumentation_fabric_with_node_gen:fabric_gen_new_way:with_jtag_input_gen:instrumentation_fabric|alt_sld_fab:instrumentation_fabric|alt_sld_fab_alt_sld_fab:alt_sld_fab                                                                                                                    ; alt_sld_fab_alt_sld_fab           ; alt_sld_fab  ;
;                |alt_sld_fab_alt_sld_fab_sldfabric:sldfabric|                                                                            ; 91 (0)              ; 71 (0)                    ; 0                 ; 0          ; 0    ; 0            ; |top|sld_hub:auto_hub|alt_sld_fab_with_jtag_input:\instrumentation_fabric_with_node_gen:fabric_gen_new_way:with_jtag_input_gen:instrumentation_fabric|alt_sld_fab:instrumentation_fabric|alt_sld_fab_alt_sld_fab:alt_sld_fab|alt_sld_fab_alt_sld_fab_sldfabric:sldfabric                                                                        ; alt_sld_fab_alt_sld_fab_sldfabric ; alt_sld_fab  ;
;                   |sld_jtag_hub:\jtag_hub_gen:real_sld_jtag_hub|                                                                        ; 91 (58)             ; 71 (43)                   ; 0                 ; 0          ; 0    ; 0            ; |top|sld_hub:auto_hub|alt_sld_fab_with_jtag_input:\instrumentation_fabric_with_node_gen:fabric_gen_new_way:with_jtag_input_gen:instrumentation_fabric|alt_sld_fab:instrumentation_fabric|alt_sld_fab_alt_sld_fab:alt_sld_fab|alt_sld_fab_alt_sld_fab_sldfabric:sldfabric|sld_jtag_hub:\jtag_hub_gen:real_sld_jtag_hub                           ; sld_jtag_hub                      ; work         ;
;                      |sld_rom_sr:hub_info_reg|                                                                                          ; 14 (14)             ; 9 (9)                     ; 0                 ; 0          ; 0    ; 0            ; |top|sld_hub:auto_hub|alt_sld_fab_with_jtag_input:\instrumentation_fabric_with_node_gen:fabric_gen_new_way:with_jtag_input_gen:instrumentation_fabric|alt_sld_fab:instrumentation_fabric|alt_sld_fab_alt_sld_fab:alt_sld_fab|alt_sld_fab_alt_sld_fab_sldfabric:sldfabric|sld_jtag_hub:\jtag_hub_gen:real_sld_jtag_hub|sld_rom_sr:hub_info_reg   ; sld_rom_sr                        ; work         ;
;                      |sld_shadow_jsm:shadow_jsm|                                                                                        ; 19 (19)             ; 19 (19)                   ; 0                 ; 0          ; 0    ; 0            ; |top|sld_hub:auto_hub|alt_sld_fab_with_jtag_input:\instrumentation_fabric_with_node_gen:fabric_gen_new_way:with_jtag_input_gen:instrumentation_fabric|alt_sld_fab:instrumentation_fabric|alt_sld_fab_alt_sld_fab:alt_sld_fab|alt_sld_fab_alt_sld_fab_sldfabric:sldfabric|sld_jtag_hub:\jtag_hub_gen:real_sld_jtag_hub|sld_shadow_jsm:shadow_jsm ; sld_shadow_jsm                    ; altera_sld   ;
;    |vjtag:u_vjtag|                                                                                                                      ; 1 (0)               ; 0 (0)                     ; 0                 ; 0          ; 0    ; 0            ; |top|vjtag:u_vjtag                                                                                                                                                                                                                                                                                                                              ; vjtag                             ; vjtag        ;
;       |sld_virtual_jtag:virtual_jtag_0|                                                                                                 ; 1 (0)               ; 0 (0)                     ; 0                 ; 0          ; 0    ; 0            ; |top|vjtag:u_vjtag|sld_virtual_jtag:virtual_jtag_0                                                                                                                                                                                                                                                                                              ; sld_virtual_jtag                  ; work         ;
;          |sld_virtual_jtag_basic:sld_virtual_jtag_basic_inst|                                                                           ; 1 (1)               ; 0 (0)                     ; 0                 ; 0          ; 0    ; 0            ; |top|vjtag:u_vjtag|sld_virtual_jtag:virtual_jtag_0|sld_virtual_jtag_basic:sld_virtual_jtag_basic_inst                                                                                                                                                                                                                                           ; sld_virtual_jtag_basic            ; work         ;
;    |vjtag_interface:u_vjtag_interface|                                                                                                  ; 6 (6)               ; 49 (49)                   ; 0                 ; 0          ; 0    ; 0            ; |top|vjtag_interface:u_vjtag_interface                                                                                                                                                                                                                                                                                                          ; vjtag_interface                   ; work         ;
+-----------------------------------------------------------------------------------------------------------------------------------------+---------------------+---------------------------+-------------------+------------+------+--------------+-------------------------------------------------------------------------------------------------------------------------------------------------------------------------------------------------------------------------------------------------------------------------------------------------------------------------------------------------+-----------------------------------+--------------+
Note: For table entries with two numbers listed, the numbers in parentheses indicate the number of resources of the given type used by the specific entity alone. The numbers listed outside of parentheses indicate the total resources of the given type used by the specific entity and all of its sub-entities in the hierarchy.


+-------------------------------------------------------------------------------------------------------------------------------------------------------------------------------------------------------------------------------------------------------------------------------------------------------------------------------------------------------------------+
; Analysis & Synthesis IP Cores Summary                                                                                                                                                                                                                                                                                                                             ;
+--------+---------------------+---------+--------------+--------------+--------------------------------------------------------------------------------------------------------------------------------------------------------------------------------------------------------------------------------------------------------------------------+-----------------+
; Vendor ; IP Core Name        ; Version ; Release Date ; License Type ; Entity Instance                                                                                                                                                                                                                                                          ; IP Include File ;
+--------+---------------------+---------+--------------+--------------+--------------------------------------------------------------------------------------------------------------------------------------------------------------------------------------------------------------------------------------------------------------------------+-----------------+
; Altera ; Signal Tap          ; N/A     ; N/A          ; Licensed     ; |top|sld_hub:auto_hub|alt_sld_fab_with_jtag_input:\instrumentation_fabric_with_node_gen:fabric_gen_new_way:with_jtag_input_gen:instrumentation_fabric|alt_sld_fab:instrumentation_fabric                                                                                 ;                 ;
; Altera ; Signal Tap          ; N/A     ; N/A          ; Licensed     ; |top|sld_hub:auto_hub|alt_sld_fab_with_jtag_input:\instrumentation_fabric_with_node_gen:fabric_gen_new_way:with_jtag_input_gen:instrumentation_fabric|alt_sld_fab:instrumentation_fabric|alt_sld_fab_alt_sld_fab:alt_sld_fab                                             ;                 ;
; Altera ; Signal Tap          ; N/A     ; N/A          ; Licensed     ; |top|sld_hub:auto_hub|alt_sld_fab_with_jtag_input:\instrumentation_fabric_with_node_gen:fabric_gen_new_way:with_jtag_input_gen:instrumentation_fabric|alt_sld_fab:instrumentation_fabric|alt_sld_fab_alt_sld_fab:alt_sld_fab|alt_sld_fab_alt_sld_fab_presplit:presplit   ;                 ;
; Altera ; Signal Tap          ; N/A     ; N/A          ; Licensed     ; |top|sld_hub:auto_hub|alt_sld_fab_with_jtag_input:\instrumentation_fabric_with_node_gen:fabric_gen_new_way:with_jtag_input_gen:instrumentation_fabric|alt_sld_fab:instrumentation_fabric|alt_sld_fab_alt_sld_fab:alt_sld_fab|alt_sld_fab_alt_sld_fab_sldfabric:sldfabric ;                 ;
; Altera ; Signal Tap          ; N/A     ; N/A          ; Licensed     ; |top|sld_hub:auto_hub|alt_sld_fab_with_jtag_input:\instrumentation_fabric_with_node_gen:fabric_gen_new_way:with_jtag_input_gen:instrumentation_fabric|alt_sld_fab:instrumentation_fabric|alt_sld_fab_alt_sld_fab:alt_sld_fab|alt_sld_fab_alt_sld_fab_splitter:splitter   ;                 ;
; N/A    ; altera_virtual_jtag ; 18.1    ; N/A          ; N/A          ; |top|vjtag:u_vjtag                                                                                                                                                                                                                                                       ; vjtag.qsys      ;
+--------+---------------------+---------+--------------+--------------+--------------------------------------------------------------------------------------------------------------------------------------------------------------------------------------------------------------------------------------------------------------------------+-----------------+


Encoding Type:  One-Hot
+-------------------------------------------------------------------------------------------------------------------------------+
; State Machine - |top|bin2bcd_decoder:u_bin2bcd_decoder|state                                                                  ;
+----------------------+------------+--------------------+---------------------+----------------------+------------+------------+
; Name                 ; state.DONE ; state.SUBSTRACT_10 ; state.SUBSTRACT_100 ; state.SUBSTRACT_1000 ; state.WAIT ; state.INIT ;
+----------------------+------------+--------------------+---------------------+----------------------+------------+------------+
; state.INIT           ; 0          ; 0                  ; 0                   ; 0                    ; 0          ; 0          ;
; state.WAIT           ; 0          ; 0                  ; 0                   ; 0                    ; 1          ; 1          ;
; state.SUBSTRACT_1000 ; 0          ; 0                  ; 0                   ; 1                    ; 0          ; 1          ;
; state.SUBSTRACT_100  ; 0          ; 0                  ; 1                   ; 0                    ; 0          ; 1          ;
; state.SUBSTRACT_10   ; 0          ; 1                  ; 0                   ; 0                    ; 0          ; 1          ;
; state.DONE           ; 1          ; 0                  ; 0                   ; 0                    ; 0          ; 1          ;
+----------------------+------------+--------------------+---------------------+----------------------+------------+------------+


+---------------------------------------------------------------------------------------------------------------+
; Registers Removed During Synthesis                                                                            ;
+-----------------------------------------------------+---------------------------------------------------------+
; Register name                                       ; Reason for Removal                                      ;
+-----------------------------------------------------+---------------------------------------------------------+
; bin2bcd_decoder:u_bin2bcd_decoder|count_100[0]      ; Stuck at GND due to stuck port data_in                  ;
; bin2bcd_decoder:u_bin2bcd_decoder|count_10000[0..2] ; Stuck at GND due to stuck port data_in                  ;
; bin2bcd_decoder:u_bin2bcd_decoder|count_1000[0,1]   ; Stuck at GND due to stuck port data_in                  ;
; bin2bcd_decoder:u_bin2bcd_decoder|tmp[0]            ; Merged with bin2bcd_decoder:u_bin2bcd_decoder|offset[0] ;
; bin2bcd_decoder:u_bin2bcd_decoder|state~4           ; Lost fanout                                             ;
; bin2bcd_decoder:u_bin2bcd_decoder|state~5           ; Lost fanout                                             ;
; bin2bcd_decoder:u_bin2bcd_decoder|state~6           ; Lost fanout                                             ;
; Total Number of Removed Registers = 10              ;                                                         ;
+-----------------------------------------------------+---------------------------------------------------------+


+------------------------------------------------------+
; General Register Statistics                          ;
+----------------------------------------------+-------+
; Statistic                                    ; Value ;
+----------------------------------------------+-------+
; Total registers                              ; 236   ;
; Number of registers using Synchronous Clear  ; 33    ;
; Number of registers using Synchronous Load   ; 32    ;
; Number of registers using Asynchronous Clear ; 167   ;
; Number of registers using Asynchronous Load  ; 0     ;
; Number of registers using Clock Enable       ; 201   ;
; Number of registers using Preset             ; 0     ;
+----------------------------------------------+-------+


+-------------------------------------------------------------------------------------------------------------------------------------------------------------------------------------------------------------------------------------------------------------------------------------------------------------------------------------------+
; Inverted Register Statistics                                                                                                                                                                                                                                                                                                              ;
+---------------------------------------------------------------------------------------------------------------------------------------------------------------------------------------------------------------------------------------------------------------------------------------------------------------------------------+---------+
; Inverted Register                                                                                                                                                                                                                                                                                                               ; Fan out ;
+---------------------------------------------------------------------------------------------------------------------------------------------------------------------------------------------------------------------------------------------------------------------------------------------------------------------------------+---------+
; bin2bcd_decoder:u_bin2bcd_decoder|count_100[2]                                                                                                                                                                                                                                                                                  ; 5       ;
; bin2bcd_decoder:u_bin2bcd_decoder|count_100[6]                                                                                                                                                                                                                                                                                  ; 6       ;
; bin2bcd_decoder:u_bin2bcd_decoder|count_100[5]                                                                                                                                                                                                                                                                                  ; 6       ;
; bin2bcd_decoder:u_bin2bcd_decoder|count_1000[5]                                                                                                                                                                                                                                                                                 ; 6       ;
; bin2bcd_decoder:u_bin2bcd_decoder|count_1000[3]                                                                                                                                                                                                                                                                                 ; 4       ;
; bin2bcd_decoder:u_bin2bcd_decoder|count_1000[7]                                                                                                                                                                                                                                                                                 ; 7       ;
; bin2bcd_decoder:u_bin2bcd_decoder|count_1000[9]                                                                                                                                                                                                                                                                                 ; 7       ;
; bin2bcd_decoder:u_bin2bcd_decoder|count_1000[8]                                                                                                                                                                                                                                                                                 ; 7       ;
; bin2bcd_decoder:u_bin2bcd_decoder|count_1000[6]                                                                                                                                                                                                                                                                                 ; 7       ;
; bin2bcd_decoder:u_bin2bcd_decoder|count_10000[13]                                                                                                                                                                                                                                                                               ; 5       ;
; bin2bcd_decoder:u_bin2bcd_decoder|count_10000[10]                                                                                                                                                                                                                                                                               ; 6       ;
; bin2bcd_decoder:u_bin2bcd_decoder|count_10000[9]                                                                                                                                                                                                                                                                                ; 6       ;
; bin2bcd_decoder:u_bin2bcd_decoder|count_10000[8]                                                                                                                                                                                                                                                                                ; 5       ;
; bin2bcd_decoder:u_bin2bcd_decoder|count_10000[4]                                                                                                                                                                                                                                                                                ; 3       ;
; sld_hub:auto_hub|alt_sld_fab_with_jtag_input:\instrumentation_fabric_with_node_gen:fabric_gen_new_way:with_jtag_input_gen:instrumentation_fabric|alt_sld_fab:instrumentation_fabric|alt_sld_fab_alt_sld_fab:alt_sld_fab|alt_sld_fab_alt_sld_fab_sldfabric:sldfabric|sld_jtag_hub:\jtag_hub_gen:real_sld_jtag_hub|jtag_ir_reg[1] ; 3       ;
; sld_hub:auto_hub|alt_sld_fab_with_jtag_input:\instrumentation_fabric_with_node_gen:fabric_gen_new_way:with_jtag_input_gen:instrumentation_fabric|alt_sld_fab:instrumentation_fabric|alt_sld_fab_alt_sld_fab:alt_sld_fab|alt_sld_fab_alt_sld_fab_sldfabric:sldfabric|sld_jtag_hub:\jtag_hub_gen:real_sld_jtag_hub|jtag_ir_reg[2] ; 3       ;
; Total number of inverted registers = 16                                                                                                                                                                                                                                                                                         ;         ;
+---------------------------------------------------------------------------------------------------------------------------------------------------------------------------------------------------------------------------------------------------------------------------------------------------------------------------------+---------+


+-----------------------------------------------------------------------------------------------------------------------------------------------------------------------------------------------------------------------------------------------------------------------------------------------------------------------------------------------------------------------------------------------------------------------------------------------------------------------------+
; Multiplexer Restructuring Statistics (Restructuring Performed)                                                                                                                                                                                                                                                                                                                                                                                                              ;
+--------------------+-----------+---------------+----------------------+------------------------+------------+---------------------------------------------------------------------------------------------------------------------------------------------------------------------------------------------------------------------------------------------------------------------------------------------------------------------------------------------------------------+
; Multiplexer Inputs ; Bus Width ; Baseline Area ; Area if Restructured ; Saving if Restructured ; Registered ; Example Multiplexer Output                                                                                                                                                                                                                                                                                                                                    ;
+--------------------+-----------+---------------+----------------------+------------------------+------------+---------------------------------------------------------------------------------------------------------------------------------------------------------------------------------------------------------------------------------------------------------------------------------------------------------------------------------------------------------------+
; 3:1                ; 16 bits   ; 32 LEs        ; 0 LEs                ; 32 LEs                 ; Yes        ; |top|vjtag_interface:u_vjtag_interface|DR2[7]                                                                                                                                                                                                                                                                                                                 ;
; 3:1                ; 16 bits   ; 32 LEs        ; 0 LEs                ; 32 LEs                 ; Yes        ; |top|counter[15]                                                                                                                                                                                                                                                                                                                                              ;
; 5:1                ; 2 bits    ; 6 LEs         ; 4 LEs                ; 2 LEs                  ; Yes        ; |top|bin2bcd_decoder:u_bin2bcd_decoder|tmp[1]                                                                                                                                                                                                                                                                                                                 ;
; 7:1                ; 2 bits    ; 8 LEs         ; 4 LEs                ; 4 LEs                  ; Yes        ; |top|bin2bcd_decoder:u_bin2bcd_decoder|offset[2]                                                                                                                                                                                                                                                                                                              ;
; 9:1                ; 26 bits   ; 156 LEs       ; 52 LEs               ; 104 LEs                ; Yes        ; |top|bin2bcd_decoder:u_bin2bcd_decoder|offset[4]                                                                                                                                                                                                                                                                                                              ;
; 3:1                ; 5 bits    ; 10 LEs        ; 5 LEs                ; 5 LEs                  ; Yes        ; |top|bin2bcd_decoder:u_bin2bcd_decoder|count_10000[13]                                                                                                                                                                                                                                                                                                        ;
; 3:1                ; 6 bits    ; 12 LEs        ; 6 LEs                ; 6 LEs                  ; Yes        ; |top|bin2bcd_decoder:u_bin2bcd_decoder|count_1000[9]                                                                                                                                                                                                                                                                                                          ;
; 3:1                ; 3 bits    ; 6 LEs         ; 3 LEs                ; 3 LEs                  ; Yes        ; |top|bin2bcd_decoder:u_bin2bcd_decoder|count_100[2]                                                                                                                                                                                                                                                                                                           ;
; 3:1                ; 2 bits    ; 4 LEs         ; 2 LEs                ; 2 LEs                  ; Yes        ; |top|sld_hub:auto_hub|alt_sld_fab_with_jtag_input:\instrumentation_fabric_with_node_gen:fabric_gen_new_way:with_jtag_input_gen:instrumentation_fabric|alt_sld_fab:instrumentation_fabric|alt_sld_fab_alt_sld_fab:alt_sld_fab|alt_sld_fab_alt_sld_fab_sldfabric:sldfabric|sld_jtag_hub:\jtag_hub_gen:real_sld_jtag_hub|irsr_reg[1]                             ;
; 3:1                ; 2 bits    ; 4 LEs         ; 2 LEs                ; 2 LEs                  ; Yes        ; |top|sld_hub:auto_hub|alt_sld_fab_with_jtag_input:\instrumentation_fabric_with_node_gen:fabric_gen_new_way:with_jtag_input_gen:instrumentation_fabric|alt_sld_fab:instrumentation_fabric|alt_sld_fab_alt_sld_fab:alt_sld_fab|alt_sld_fab_alt_sld_fab_sldfabric:sldfabric|sld_jtag_hub:\jtag_hub_gen:real_sld_jtag_hub|hub_minor_ver_reg[0]                    ;
; 3:1                ; 2 bits    ; 4 LEs         ; 2 LEs                ; 2 LEs                  ; Yes        ; |top|sld_hub:auto_hub|alt_sld_fab_with_jtag_input:\instrumentation_fabric_with_node_gen:fabric_gen_new_way:with_jtag_input_gen:instrumentation_fabric|alt_sld_fab:instrumentation_fabric|alt_sld_fab_alt_sld_fab:alt_sld_fab|alt_sld_fab_alt_sld_fab_sldfabric:sldfabric|sld_jtag_hub:\jtag_hub_gen:real_sld_jtag_hub|hub_minor_ver_reg[1]                    ;
; 4:1                ; 5 bits    ; 10 LEs        ; 10 LEs               ; 0 LEs                  ; Yes        ; |top|sld_hub:auto_hub|alt_sld_fab_with_jtag_input:\instrumentation_fabric_with_node_gen:fabric_gen_new_way:with_jtag_input_gen:instrumentation_fabric|alt_sld_fab:instrumentation_fabric|alt_sld_fab_alt_sld_fab:alt_sld_fab|alt_sld_fab_alt_sld_fab_sldfabric:sldfabric|sld_jtag_hub:\jtag_hub_gen:real_sld_jtag_hub|mixer_addr_reg_internal[0]              ;
; 4:1                ; 5 bits    ; 10 LEs        ; 10 LEs               ; 0 LEs                  ; Yes        ; |top|sld_hub:auto_hub|alt_sld_fab_with_jtag_input:\instrumentation_fabric_with_node_gen:fabric_gen_new_way:with_jtag_input_gen:instrumentation_fabric|alt_sld_fab:instrumentation_fabric|alt_sld_fab_alt_sld_fab:alt_sld_fab|alt_sld_fab_alt_sld_fab_sldfabric:sldfabric|sld_jtag_hub:\jtag_hub_gen:real_sld_jtag_hub|sld_rom_sr:hub_info_reg|word_counter[0] ;
; 34:1               ; 4 bits    ; 88 LEs        ; 64 LEs               ; 24 LEs                 ; Yes        ; |top|sld_hub:auto_hub|alt_sld_fab_with_jtag_input:\instrumentation_fabric_with_node_gen:fabric_gen_new_way:with_jtag_input_gen:instrumentation_fabric|alt_sld_fab:instrumentation_fabric|alt_sld_fab_alt_sld_fab:alt_sld_fab|alt_sld_fab_alt_sld_fab_sldfabric:sldfabric|sld_jtag_hub:\jtag_hub_gen:real_sld_jtag_hub|design_hash_reg[1]                      ;
; 20:1               ; 4 bits    ; 52 LEs        ; 32 LEs               ; 20 LEs                 ; Yes        ; |top|sld_hub:auto_hub|alt_sld_fab_with_jtag_input:\instrumentation_fabric_with_node_gen:fabric_gen_new_way:with_jtag_input_gen:instrumentation_fabric|alt_sld_fab:instrumentation_fabric|alt_sld_fab_alt_sld_fab:alt_sld_fab|alt_sld_fab_alt_sld_fab_sldfabric:sldfabric|sld_jtag_hub:\jtag_hub_gen:real_sld_jtag_hub|sld_rom_sr:hub_info_reg|WORD_SR[1]      ;
+--------------------+-----------+---------------+----------------------+------------------------+------------+---------------------------------------------------------------------------------------------------------------------------------------------------------------------------------------------------------------------------------------------------------------------------------------------------------------------------------------------------------------+


+--------------------------------------------------------------------------------+
; Parameter Settings for User Entity Instance: bin2bcd_decoder:u_bin2bcd_decoder ;
+----------------+-------+-------------------------------------------------------+
; Parameter Name ; Value ; Type                                                  ;
+----------------+-------+-------------------------------------------------------+
; MAX_VALUE      ; 9999  ; Signed Integer                                        ;
; N              ; 16    ; Signed Integer                                        ;
; M              ; 16    ; Signed Integer                                        ;
+----------------+-------+-------------------------------------------------------+
Note: In order to hide this table in the UI and the text report file, please set the "Show Parameter Settings in Synthesis Report" option in "Analysis and Synthesis Settings -> More Settings" to "Off".


+--------------------------------------------------------------------------------------------+
; Parameter Settings for User Entity Instance: vjtag:u_vjtag|sld_virtual_jtag:virtual_jtag_0 ;
+-------------------------+------------------+-----------------------------------------------+
; Parameter Name          ; Value            ; Type                                          ;
+-------------------------+------------------+-----------------------------------------------+
; sld_auto_instance_index ; YES              ; String                                        ;
; sld_instance_index      ; 0                ; Signed Integer                                ;
; sld_ir_width            ; 2                ; Signed Integer                                ;
; sld_sim_n_scan          ; 0                ; Signed Integer                                ;
; sld_sim_action          ; UNUSED           ; String                                        ;
; sld_sim_total_length    ; 0                ; Signed Integer                                ;
; lpm_type                ; sld_virtual_jtag ; String                                        ;
; lpm_hint                ; UNUSED           ; String                                        ;
+-------------------------+------------------+-----------------------------------------------+
Note: In order to hide this table in the UI and the text report file, please set the "Show Parameter Settings in Synthesis Report" option in "Analysis and Synthesis Settings -> More Settings" to "Off".


+--------------------------------------------------------------------------------+
; Parameter Settings for User Entity Instance: vjtag_interface:u_vjtag_interface ;
+----------------+-------+-------------------------------------------------------+
; Parameter Name ; Value ; Type                                                  ;
+----------------+-------+-------------------------------------------------------+
; DW             ; 16    ; Signed Integer                                        ;
+----------------+-------+-------------------------------------------------------+
Note: In order to hide this table in the UI and the text report file, please set the "Show Parameter Settings in Synthesis Report" option in "Analysis and Synthesis Settings -> More Settings" to "Off".


+----------------------------------------------------------------------------------------------------------------------------------------------------------------+
; Port Connectivity Checks: "vjtag_interface:u_vjtag_interface"                                                                                                  ;
+-----------+--------+----------+--------------------------------------------------------------------------------------------------------------------------------+
; Port      ; Type   ; Severity ; Details                                                                                                                        ;
+-----------+--------+----------+--------------------------------------------------------------------------------------------------------------------------------+
; debug_dr1 ; Output ; Warning  ; Output or bidir port (16 bits) is wider than the port expression (8 bits) it drives; bit(s) "debug_dr1[15..8]" have no fanouts ;
; debug_dr2 ; Output ; Warning  ; Output or bidir port (16 bits) is wider than the port expression (8 bits) it drives; bit(s) "debug_dr2[15..8]" have no fanouts ;
+-----------+--------+----------+--------------------------------------------------------------------------------------------------------------------------------+


+------------------------------------------------------------------------------------------------------------------------------------------------+
; Port Connectivity Checks: "vjtag:u_vjtag|sld_virtual_jtag:virtual_jtag_0"                                                                      ;
+-----------------+--------+----------+----------------------------------------------------------------------------------------------------------+
; Port            ; Type   ; Severity ; Details                                                                                                  ;
+-----------------+--------+----------+----------------------------------------------------------------------------------------------------------+
; tms             ; Output ; Warning  ; Declared by entity but not connected by instance. Logic that only feeds a dangling port will be removed. ;
; jtag_state_tlr  ; Output ; Warning  ; Declared by entity but not connected by instance. Logic that only feeds a dangling port will be removed. ;
; jtag_state_rti  ; Output ; Warning  ; Declared by entity but not connected by instance. Logic that only feeds a dangling port will be removed. ;
; jtag_state_sdrs ; Output ; Warning  ; Declared by entity but not connected by instance. Logic that only feeds a dangling port will be removed. ;
; jtag_state_cdr  ; Output ; Warning  ; Declared by entity but not connected by instance. Logic that only feeds a dangling port will be removed. ;
; jtag_state_sdr  ; Output ; Warning  ; Declared by entity but not connected by instance. Logic that only feeds a dangling port will be removed. ;
; jtag_state_e1dr ; Output ; Warning  ; Declared by entity but not connected by instance. Logic that only feeds a dangling port will be removed. ;
; jtag_state_pdr  ; Output ; Warning  ; Declared by entity but not connected by instance. Logic that only feeds a dangling port will be removed. ;
; jtag_state_e2dr ; Output ; Warning  ; Declared by entity but not connected by instance. Logic that only feeds a dangling port will be removed. ;
; jtag_state_udr  ; Output ; Warning  ; Declared by entity but not connected by instance. Logic that only feeds a dangling port will be removed. ;
; jtag_state_sirs ; Output ; Warning  ; Declared by entity but not connected by instance. Logic that only feeds a dangling port will be removed. ;
; jtag_state_cir  ; Output ; Warning  ; Declared by entity but not connected by instance. Logic that only feeds a dangling port will be removed. ;
; jtag_state_sir  ; Output ; Warning  ; Declared by entity but not connected by instance. Logic that only feeds a dangling port will be removed. ;
; jtag_state_e1ir ; Output ; Warning  ; Declared by entity but not connected by instance. Logic that only feeds a dangling port will be removed. ;
; jtag_state_pir  ; Output ; Warning  ; Declared by entity but not connected by instance. Logic that only feeds a dangling port will be removed. ;
; jtag_state_e2ir ; Output ; Warning  ; Declared by entity but not connected by instance. Logic that only feeds a dangling port will be removed. ;
; jtag_state_uir  ; Output ; Warning  ; Declared by entity but not connected by instance. Logic that only feeds a dangling port will be removed. ;
+-----------------+--------+----------+----------------------------------------------------------------------------------------------------------+


+-----------------------------------------------------------------+
; Port Connectivity Checks: "vjtag:u_vjtag"                       ;
+--------------------+--------+----------+------------------------+
; Port               ; Type   ; Severity ; Details                ;
+--------------------+--------+----------+------------------------+
; ir_out             ; Input  ; Info     ; Explicitly unconnected ;
; virtual_state_e1dr ; Output ; Info     ; Explicitly unconnected ;
; virtual_state_pdr  ; Output ; Info     ; Explicitly unconnected ;
; virtual_state_e2dr ; Output ; Info     ; Explicitly unconnected ;
; virtual_state_cir  ; Output ; Info     ; Explicitly unconnected ;
; virtual_state_uir  ; Output ; Info     ; Explicitly unconnected ;
+--------------------+--------+----------+------------------------+


+---------------------------------------------------------------+
; Port Connectivity Checks: "bin2bcd_decoder:u_bin2bcd_decoder" ;
+--------+-------+----------+-----------------------------------+
; Port   ; Type  ; Severity ; Details                           ;
+--------+-------+----------+-----------------------------------+
; decode ; Input ; Info     ; Stuck at VCC                      ;
+--------+-------+----------+-----------------------------------+


+-----------------------------------------------------------------------------------------------------------------------------------------------------------------+
; Virtual JTAG Settings                                                                                                                                           ;
+----------------+------------+------------------+----------+---------+-----------------+-------------------------+-----------------------------------------------+
; Instance Index ; Auto Index ; Index Reassigned ; IR Width ; Address ; USER1 DR length ; VIR capture instruction ; Hierarchy Location                            ;
+----------------+------------+------------------+----------+---------+-----------------+-------------------------+-----------------------------------------------+
; 0              ; YES        ; N/A              ; 2        ; 0x10    ; 5               ; 0x0B                    ; vjtag:u_vjtag|sld_virtual_jtag:virtual_jtag_0 ;
+----------------+------------+------------------+----------+---------+-----------------+-------------------------+-----------------------------------------------+


+-----------------------------------------------------+
; Post-Synthesis Netlist Statistics for Top Partition ;
+-----------------------+-----------------------------+
; Type                  ; Count                       ;
+-----------------------+-----------------------------+
; arriav_ff             ; 160                         ;
;     CLR               ; 8                           ;
;     ENA               ; 16                          ;
;     ENA CLR           ; 78                          ;
;     ENA CLR SCLR      ; 26                          ;
;     ENA CLR SLD       ; 32                          ;
; arriav_io_obuf        ; 16                          ;
; arriav_lcell_comb     ; 361                         ;
;     arith             ; 142                         ;
;         1 data inputs ; 127                         ;
;         2 data inputs ; 15                          ;
;     normal            ; 219                         ;
;         0 data inputs ; 1                           ;
;         1 data inputs ; 4                           ;
;         2 data inputs ; 71                          ;
;         3 data inputs ; 3                           ;
;         4 data inputs ; 57                          ;
;         5 data inputs ; 22                          ;
;         6 data inputs ; 61                          ;
; boundary_port         ; 134                         ;
;                       ;                             ;
; Max LUT depth         ; 4.00                        ;
; Average LUT depth     ; 2.54                        ;
+-----------------------+-----------------------------+


+------------------------------------------------------------------+
; Post-Synthesis Netlist Statistics for Partition sld_hub:auto_hub ;
+-----------------------+------------------------------------------+
; Type                  ; Count                                    ;
+-----------------------+------------------------------------------+
; arriav_ff             ; 76                                       ;
;     CLR               ; 4                                        ;
;     ENA               ; 30                                       ;
;     ENA CLR           ; 19                                       ;
;     SCLR              ; 7                                        ;
;     plain             ; 16                                       ;
; arriav_lcell_comb     ; 93                                       ;
;     normal            ; 93                                       ;
;         0 data inputs ; 1                                        ;
;         1 data inputs ; 4                                        ;
;         2 data inputs ; 22                                       ;
;         3 data inputs ; 17                                       ;
;         4 data inputs ; 12                                       ;
;         5 data inputs ; 23                                       ;
;         6 data inputs ; 14                                       ;
; boundary_port         ; 91                                       ;
;                       ;                                          ;
; Max LUT depth         ; 3.00                                     ;
; Average LUT depth     ; 1.50                                     ;
+-----------------------+------------------------------------------+


+---------------------------------+
; Elapsed Time Per Partition      ;
+------------------+--------------+
; Partition Name   ; Elapsed Time ;
+------------------+--------------+
; Top              ; 00:00:00     ;
; sld_hub:auto_hub ; 00:00:00     ;
+------------------+--------------+


+-------------------------------+
; Analysis & Synthesis Messages ;
+-------------------------------+
Info: *******************************************************************
Info: Running Quartus Prime Analysis & Synthesis
    Info: Version 22.1std.2 Build 922 07/20/2023 SC Lite Edition
    Info: Processing started: Sat Jun 14 22:03:18 2025
Info: Command: quartus_map --read_settings_files=on --write_settings_files=off sistolicArray -c sistolicArray
Warning (18236): Number of processors has not been specified which may cause overloading on shared machines.  Set the global assignment NUM_PARALLEL_PROCESSORS in your QSF to an appropriate value for best performance.
Info (20030): Parallel compilation is enabled and will use 12 of the 12 processors detected
Info (12021): Found 1 design units, including 1 entities, in source file seven_segs/bin2bcd_decoder.sv
    Info (12023): Found entity 1: bin2bcd_decoder File: C:/Users/ricar/OneDrive/Escritorio/ArregloSist-licoNPU/seven_segs/bin2bcd_decoder.sv Line: 1
Info (12021): Found 1 design units, including 1 entities, in source file seven_segs/bcd2seven_seg.sv
    Info (12023): Found entity 1: bcd2seven_seg File: C:/Users/ricar/OneDrive/Escritorio/ArregloSist-licoNPU/seven_segs/bcd2seven_seg.sv Line: 1
Info (12021): Found 1 design units, including 1 entities, in source file vjtag/synthesis/vjtag.v
    Info (12023): Found entity 1: vjtag File: C:/Users/ricar/OneDrive/Escritorio/ArregloSist-licoNPU/vjtag/synthesis/vjtag.v Line: 6
Info (12021): Found 1 design units, including 1 entities, in source file vjtag_interface.sv
    Info (12023): Found entity 1: vjtag_interface File: C:/Users/ricar/OneDrive/Escritorio/ArregloSist-licoNPU/vjtag_interface.sv Line: 1
Info (12021): Found 1 design units, including 1 entities, in source file top.sv
    Info (12023): Found entity 1: top File: C:/Users/ricar/OneDrive/Escritorio/ArregloSist-licoNPU/top.sv Line: 6
Info (12021): Found 1 design units, including 1 entities, in source file sdram/synthesis/sdram.v
    Info (12023): Found entity 1: sdram File: C:/Users/ricar/OneDrive/Escritorio/ArregloSist-licoNPU/sdram/synthesis/sdram.v Line: 6
Info (12021): Found 1 design units, including 1 entities, in source file sdram/synthesis/submodules/altera_reset_controller.v
    Info (12023): Found entity 1: altera_reset_controller File: C:/Users/ricar/OneDrive/Escritorio/ArregloSist-licoNPU/sdram/synthesis/submodules/altera_reset_controller.v Line: 42
Info (12021): Found 1 design units, including 1 entities, in source file sdram/synthesis/submodules/altera_reset_synchronizer.v
    Info (12023): Found entity 1: altera_reset_synchronizer File: C:/Users/ricar/OneDrive/Escritorio/ArregloSist-licoNPU/sdram/synthesis/submodules/altera_reset_synchronizer.v Line: 24
Info (12021): Found 1 design units, including 1 entities, in source file sdram/synthesis/submodules/sdram_pll_0.v
    Info (12023): Found entity 1: sdram_pll_0 File: C:/Users/ricar/OneDrive/Escritorio/ArregloSist-licoNPU/sdram/synthesis/submodules/sdram_pll_0.v Line: 2
Info (12021): Found 2 design units, including 2 entities, in source file sdram/synthesis/submodules/sdram_new_sdram_controller_0.v
    Info (12023): Found entity 1: sdram_new_sdram_controller_0_input_efifo_module File: C:/Users/ricar/OneDrive/Escritorio/ArregloSist-licoNPU/sdram/synthesis/submodules/sdram_new_sdram_controller_0.v Line: 21
    Info (12023): Found entity 2: sdram_new_sdram_controller_0 File: C:/Users/ricar/OneDrive/Escritorio/ArregloSist-licoNPU/sdram/synthesis/submodules/sdram_new_sdram_controller_0.v Line: 159
Info (12021): Found 1 design units, including 1 entities, in source file pe.sv
    Info (12023): Found entity 1: pe File: C:/Users/ricar/OneDrive/Escritorio/ArregloSist-licoNPU/PE.sv Line: 1
Info (12021): Found 1 design units, including 1 entities, in source file sistolicarray.sv
    Info (12023): Found entity 1: systolicArray File: C:/Users/ricar/OneDrive/Escritorio/ArregloSist-licoNPU/sistolicArray.sv Line: 1
Warning (10037): Verilog HDL or VHDL warning at sdram_new_sdram_controller_0.v(318): conditional expression evaluates to a constant File: C:/Users/ricar/OneDrive/Escritorio/ArregloSist-licoNPU/sdram/synthesis/submodules/sdram_new_sdram_controller_0.v Line: 318
Warning (10037): Verilog HDL or VHDL warning at sdram_new_sdram_controller_0.v(328): conditional expression evaluates to a constant File: C:/Users/ricar/OneDrive/Escritorio/ArregloSist-licoNPU/sdram/synthesis/submodules/sdram_new_sdram_controller_0.v Line: 328
Warning (10037): Verilog HDL or VHDL warning at sdram_new_sdram_controller_0.v(338): conditional expression evaluates to a constant File: C:/Users/ricar/OneDrive/Escritorio/ArregloSist-licoNPU/sdram/synthesis/submodules/sdram_new_sdram_controller_0.v Line: 338
Warning (10037): Verilog HDL or VHDL warning at sdram_new_sdram_controller_0.v(682): conditional expression evaluates to a constant File: C:/Users/ricar/OneDrive/Escritorio/ArregloSist-licoNPU/sdram/synthesis/submodules/sdram_new_sdram_controller_0.v Line: 682
Info (12127): Elaborating entity "top" for the top level hierarchy
Warning (10036): Verilog HDL or VHDL warning at top.sv(56): object "ready" assigned a value but never read File: C:/Users/ricar/OneDrive/Escritorio/ArregloSist-licoNPU/top.sv Line: 56
Warning (10034): Output port "SRAM_A" at top.sv(37) has no driver File: C:/Users/ricar/OneDrive/Escritorio/ArregloSist-licoNPU/top.sv Line: 37
Warning (10034): Output port "UART_TX" at top.sv(34) has no driver File: C:/Users/ricar/OneDrive/Escritorio/ArregloSist-licoNPU/top.sv Line: 34
Warning (10034): Output port "SRAM_CE_n" at top.sv(38) has no driver File: C:/Users/ricar/OneDrive/Escritorio/ArregloSist-licoNPU/top.sv Line: 38
Warning (10034): Output port "SRAM_LB_n" at top.sv(40) has no driver File: C:/Users/ricar/OneDrive/Escritorio/ArregloSist-licoNPU/top.sv Line: 40
Warning (10034): Output port "SRAM_OE_n" at top.sv(41) has no driver File: C:/Users/ricar/OneDrive/Escritorio/ArregloSist-licoNPU/top.sv Line: 41
Warning (10034): Output port "SRAM_UB_n" at top.sv(42) has no driver File: C:/Users/ricar/OneDrive/Escritorio/ArregloSist-licoNPU/top.sv Line: 42
Warning (10034): Output port "SRAM_WE_n" at top.sv(44) has no driver File: C:/Users/ricar/OneDrive/Escritorio/ArregloSist-licoNPU/top.sv Line: 44
Info (12128): Elaborating entity "bin2bcd_decoder" for hierarchy "bin2bcd_decoder:u_bin2bcd_decoder" File: C:/Users/ricar/OneDrive/Escritorio/ArregloSist-licoNPU/top.sv Line: 97
Info (12128): Elaborating entity "vjtag" for hierarchy "vjtag:u_vjtag" File: C:/Users/ricar/OneDrive/Escritorio/ArregloSist-licoNPU/top.sv Line: 113
Info (12128): Elaborating entity "sld_virtual_jtag" for hierarchy "vjtag:u_vjtag|sld_virtual_jtag:virtual_jtag_0" File: C:/Users/ricar/OneDrive/Escritorio/ArregloSist-licoNPU/vjtag/synthesis/vjtag.v Line: 40
Info (12130): Elaborated megafunction instantiation "vjtag:u_vjtag|sld_virtual_jtag:virtual_jtag_0" File: C:/Users/ricar/OneDrive/Escritorio/ArregloSist-licoNPU/vjtag/synthesis/vjtag.v Line: 40
Info (12133): Instantiated megafunction "vjtag:u_vjtag|sld_virtual_jtag:virtual_jtag_0" with the following parameter: File: C:/Users/ricar/OneDrive/Escritorio/ArregloSist-licoNPU/vjtag/synthesis/vjtag.v Line: 40
    Info (12134): Parameter "sld_auto_instance_index" = "YES"
    Info (12134): Parameter "sld_instance_index" = "0"
    Info (12134): Parameter "sld_ir_width" = "2"
Info (12128): Elaborating entity "sld_virtual_jtag_basic" for hierarchy "vjtag:u_vjtag|sld_virtual_jtag:virtual_jtag_0|sld_virtual_jtag_basic:sld_virtual_jtag_basic_inst" File: c:/intelfpga_lite/22.1std/quartus/libraries/megafunctions/sld_virtual_jtag.v Line: 152
Info (12131): Elaborated megafunction instantiation "vjtag:u_vjtag|sld_virtual_jtag:virtual_jtag_0|sld_virtual_jtag_basic:sld_virtual_jtag_basic_inst", which is child of megafunction instantiation "vjtag:u_vjtag|sld_virtual_jtag:virtual_jtag_0" File: c:/intelfpga_lite/22.1std/quartus/libraries/megafunctions/sld_virtual_jtag.v Line: 152
Info (12128): Elaborating entity "sld_virtual_jtag_impl" for hierarchy "vjtag:u_vjtag|sld_virtual_jtag:virtual_jtag_0|sld_virtual_jtag_basic:sld_virtual_jtag_basic_inst|sld_virtual_jtag_impl:sld_virtual_jtag_impl_inst" File: c:/intelfpga_lite/22.1std/quartus/libraries/megafunctions/sld_virtual_jtag_basic.v Line: 152
Info (12131): Elaborated megafunction instantiation "vjtag:u_vjtag|sld_virtual_jtag:virtual_jtag_0|sld_virtual_jtag_basic:sld_virtual_jtag_basic_inst|sld_virtual_jtag_impl:sld_virtual_jtag_impl_inst", which is child of megafunction instantiation "vjtag:u_vjtag|sld_virtual_jtag:virtual_jtag_0" File: c:/intelfpga_lite/22.1std/quartus/libraries/megafunctions/sld_virtual_jtag_basic.v Line: 152
Info (12128): Elaborating entity "sld_jtag_endpoint_adapter" for hierarchy "vjtag:u_vjtag|sld_virtual_jtag:virtual_jtag_0|sld_virtual_jtag_basic:sld_virtual_jtag_basic_inst|sld_virtual_jtag_impl:sld_virtual_jtag_impl_inst|sld_jtag_endpoint_adapter:jtag_signal_adapter" File: c:/intelfpga_lite/22.1std/quartus/libraries/megafunctions/sld_virtual_jtag_basic.v Line: 415
Info (12128): Elaborating entity "sld_jtag_endpoint_adapter_impl" for hierarchy "vjtag:u_vjtag|sld_virtual_jtag:virtual_jtag_0|sld_virtual_jtag_basic:sld_virtual_jtag_basic_inst|sld_virtual_jtag_impl:sld_virtual_jtag_impl_inst|sld_jtag_endpoint_adapter:jtag_signal_adapter|sld_jtag_endpoint_adapter_impl:sld_jtag_endpoint_adapter_impl_inst" File: c:/intelfpga_lite/22.1std/quartus/libraries/megafunctions/sld_jtag_endpoint_adapter.vhd Line: 232
Info (12128): Elaborating entity "vjtag_interface" for hierarchy "vjtag_interface:u_vjtag_interface" File: C:/Users/ricar/OneDrive/Escritorio/ArregloSist-licoNPU/top.sv Line: 128
Info (12128): Elaborating entity "bcd2seven_seg" for hierarchy "bcd2seven_seg:u_bcd2seven_seg_0" File: C:/Users/ricar/OneDrive/Escritorio/ArregloSist-licoNPU/top.sv Line: 130
Info (11170): Starting IP generation for the debug fabric: alt_sld_fab.
Info (11172): 2025.06.14.22:03:27 Progress: Loading sld53c68bd5/alt_sld_fab_wrapper_hw.tcl
Info (11172): Alt_sld_fab.alt_sld_fab: SLD fabric agents which did not specify prefer_host were connected to JTAG
Info (11172): Alt_sld_fab: Generating alt_sld_fab "alt_sld_fab" for QUARTUS_SYNTH
Info (11172): Alt_sld_fab: "alt_sld_fab" instantiated alt_sld_fab "alt_sld_fab"
Info (11172): Presplit: "alt_sld_fab" instantiated altera_super_splitter "presplit"
Info (11172): Splitter: "alt_sld_fab" instantiated altera_sld_splitter "splitter"
Info (11172): Sldfabric: "alt_sld_fab" instantiated altera_sld_jtag_hub "sldfabric"
Info (11172): Ident: "alt_sld_fab" instantiated altera_connection_identification_hub "ident"
Info (11172): Alt_sld_fab: Done "alt_sld_fab" with 6 modules, 6 files
Info (11171): Finished IP generation for the debug fabric: alt_sld_fab.
Info (12021): Found 1 design units, including 1 entities, in source file db/ip/sld53c68bd5/alt_sld_fab.v
    Info (12023): Found entity 1: alt_sld_fab File: C:/Users/ricar/OneDrive/Escritorio/ArregloSist-licoNPU/db/ip/sld53c68bd5/alt_sld_fab.v Line: 9
Info (12021): Found 1 design units, including 1 entities, in source file db/ip/sld53c68bd5/submodules/alt_sld_fab_alt_sld_fab.v
    Info (12023): Found entity 1: alt_sld_fab_alt_sld_fab File: C:/Users/ricar/OneDrive/Escritorio/ArregloSist-licoNPU/db/ip/sld53c68bd5/submodules/alt_sld_fab_alt_sld_fab.v Line: 9
Info (12021): Found 1 design units, including 1 entities, in source file db/ip/sld53c68bd5/submodules/alt_sld_fab_alt_sld_fab_ident.sv
    Info (12023): Found entity 1: alt_sld_fab_alt_sld_fab_ident File: C:/Users/ricar/OneDrive/Escritorio/ArregloSist-licoNPU/db/ip/sld53c68bd5/submodules/alt_sld_fab_alt_sld_fab_ident.sv Line: 33
Info (12021): Found 1 design units, including 1 entities, in source file db/ip/sld53c68bd5/submodules/alt_sld_fab_alt_sld_fab_presplit.sv
    Info (12023): Found entity 1: alt_sld_fab_alt_sld_fab_presplit File: C:/Users/ricar/OneDrive/Escritorio/ArregloSist-licoNPU/db/ip/sld53c68bd5/submodules/alt_sld_fab_alt_sld_fab_presplit.sv Line: 3
Info (12021): Found 2 design units, including 1 entities, in source file db/ip/sld53c68bd5/submodules/alt_sld_fab_alt_sld_fab_sldfabric.vhd
    Info (12022): Found design unit 1: alt_sld_fab_alt_sld_fab_sldfabric-rtl File: C:/Users/ricar/OneDrive/Escritorio/ArregloSist-licoNPU/db/ip/sld53c68bd5/submodules/alt_sld_fab_alt_sld_fab_sldfabric.vhd Line: 102
    Info (12023): Found entity 1: alt_sld_fab_alt_sld_fab_sldfabric File: C:/Users/ricar/OneDrive/Escritorio/ArregloSist-licoNPU/db/ip/sld53c68bd5/submodules/alt_sld_fab_alt_sld_fab_sldfabric.vhd Line: 11
Info (12021): Found 1 design units, including 1 entities, in source file db/ip/sld53c68bd5/submodules/alt_sld_fab_alt_sld_fab_splitter.sv
    Info (12023): Found entity 1: alt_sld_fab_alt_sld_fab_splitter File: C:/Users/ricar/OneDrive/Escritorio/ArregloSist-licoNPU/db/ip/sld53c68bd5/submodules/alt_sld_fab_alt_sld_fab_splitter.sv Line: 3
Warning (12241): 2 hierarchies have connectivity warnings - see the Connectivity Checks report folder
Warning (13039): The following bidirectional pins have no drivers
    Warning (13040): bidirectional pin "SRAM_D[0]" has no driver File: C:/Users/ricar/OneDrive/Escritorio/ArregloSist-licoNPU/top.sv Line: 39
    Warning (13040): bidirectional pin "SRAM_D[1]" has no driver File: C:/Users/ricar/OneDrive/Escritorio/ArregloSist-licoNPU/top.sv Line: 39
    Warning (13040): bidirectional pin "SRAM_D[2]" has no driver File: C:/Users/ricar/OneDrive/Escritorio/ArregloSist-licoNPU/top.sv Line: 39
    Warning (13040): bidirectional pin "SRAM_D[3]" has no driver File: C:/Users/ricar/OneDrive/Escritorio/ArregloSist-licoNPU/top.sv Line: 39
    Warning (13040): bidirectional pin "SRAM_D[4]" has no driver File: C:/Users/ricar/OneDrive/Escritorio/ArregloSist-licoNPU/top.sv Line: 39
    Warning (13040): bidirectional pin "SRAM_D[5]" has no driver File: C:/Users/ricar/OneDrive/Escritorio/ArregloSist-licoNPU/top.sv Line: 39
    Warning (13040): bidirectional pin "SRAM_D[6]" has no driver File: C:/Users/ricar/OneDrive/Escritorio/ArregloSist-licoNPU/top.sv Line: 39
    Warning (13040): bidirectional pin "SRAM_D[7]" has no driver File: C:/Users/ricar/OneDrive/Escritorio/ArregloSist-licoNPU/top.sv Line: 39
    Warning (13040): bidirectional pin "SRAM_D[8]" has no driver File: C:/Users/ricar/OneDrive/Escritorio/ArregloSist-licoNPU/top.sv Line: 39
    Warning (13040): bidirectional pin "SRAM_D[9]" has no driver File: C:/Users/ricar/OneDrive/Escritorio/ArregloSist-licoNPU/top.sv Line: 39
    Warning (13040): bidirectional pin "SRAM_D[10]" has no driver File: C:/Users/ricar/OneDrive/Escritorio/ArregloSist-licoNPU/top.sv Line: 39
    Warning (13040): bidirectional pin "SRAM_D[11]" has no driver File: C:/Users/ricar/OneDrive/Escritorio/ArregloSist-licoNPU/top.sv Line: 39
    Warning (13040): bidirectional pin "SRAM_D[12]" has no driver File: C:/Users/ricar/OneDrive/Escritorio/ArregloSist-licoNPU/top.sv Line: 39
    Warning (13040): bidirectional pin "SRAM_D[13]" has no driver File: C:/Users/ricar/OneDrive/Escritorio/ArregloSist-licoNPU/top.sv Line: 39
    Warning (13040): bidirectional pin "SRAM_D[14]" has no driver File: C:/Users/ricar/OneDrive/Escritorio/ArregloSist-licoNPU/top.sv Line: 39
    Warning (13040): bidirectional pin "SRAM_D[15]" has no driver File: C:/Users/ricar/OneDrive/Escritorio/ArregloSist-licoNPU/top.sv Line: 39
Warning (13024): Output pins are stuck at VCC or GND
    Warning (13410): Pin "UART_TX" is stuck at GND File: C:/Users/ricar/OneDrive/Escritorio/ArregloSist-licoNPU/top.sv Line: 34
    Warning (13410): Pin "SRAM_A[0]" is stuck at GND File: C:/Users/ricar/OneDrive/Escritorio/ArregloSist-licoNPU/top.sv Line: 37
    Warning (13410): Pin "SRAM_A[1]" is stuck at GND File: C:/Users/ricar/OneDrive/Escritorio/ArregloSist-licoNPU/top.sv Line: 37
    Warning (13410): Pin "SRAM_A[2]" is stuck at GND File: C:/Users/ricar/OneDrive/Escritorio/ArregloSist-licoNPU/top.sv Line: 37
    Warning (13410): Pin "SRAM_A[3]" is stuck at GND File: C:/Users/ricar/OneDrive/Escritorio/ArregloSist-licoNPU/top.sv Line: 37
    Warning (13410): Pin "SRAM_A[4]" is stuck at GND File: C:/Users/ricar/OneDrive/Escritorio/ArregloSist-licoNPU/top.sv Line: 37
    Warning (13410): Pin "SRAM_A[5]" is stuck at GND File: C:/Users/ricar/OneDrive/Escritorio/ArregloSist-licoNPU/top.sv Line: 37
    Warning (13410): Pin "SRAM_A[6]" is stuck at GND File: C:/Users/ricar/OneDrive/Escritorio/ArregloSist-licoNPU/top.sv Line: 37
    Warning (13410): Pin "SRAM_A[7]" is stuck at GND File: C:/Users/ricar/OneDrive/Escritorio/ArregloSist-licoNPU/top.sv Line: 37
    Warning (13410): Pin "SRAM_A[8]" is stuck at GND File: C:/Users/ricar/OneDrive/Escritorio/ArregloSist-licoNPU/top.sv Line: 37
    Warning (13410): Pin "SRAM_A[9]" is stuck at GND File: C:/Users/ricar/OneDrive/Escritorio/ArregloSist-licoNPU/top.sv Line: 37
    Warning (13410): Pin "SRAM_A[10]" is stuck at GND File: C:/Users/ricar/OneDrive/Escritorio/ArregloSist-licoNPU/top.sv Line: 37
    Warning (13410): Pin "SRAM_A[11]" is stuck at GND File: C:/Users/ricar/OneDrive/Escritorio/ArregloSist-licoNPU/top.sv Line: 37
    Warning (13410): Pin "SRAM_A[12]" is stuck at GND File: C:/Users/ricar/OneDrive/Escritorio/ArregloSist-licoNPU/top.sv Line: 37
    Warning (13410): Pin "SRAM_A[13]" is stuck at GND File: C:/Users/ricar/OneDrive/Escritorio/ArregloSist-licoNPU/top.sv Line: 37
    Warning (13410): Pin "SRAM_A[14]" is stuck at GND File: C:/Users/ricar/OneDrive/Escritorio/ArregloSist-licoNPU/top.sv Line: 37
    Warning (13410): Pin "SRAM_A[15]" is stuck at GND File: C:/Users/ricar/OneDrive/Escritorio/ArregloSist-licoNPU/top.sv Line: 37
    Warning (13410): Pin "SRAM_A[16]" is stuck at GND File: C:/Users/ricar/OneDrive/Escritorio/ArregloSist-licoNPU/top.sv Line: 37
    Warning (13410): Pin "SRAM_A[17]" is stuck at GND File: C:/Users/ricar/OneDrive/Escritorio/ArregloSist-licoNPU/top.sv Line: 37
    Warning (13410): Pin "SRAM_CE_n" is stuck at GND File: C:/Users/ricar/OneDrive/Escritorio/ArregloSist-licoNPU/top.sv Line: 38
    Warning (13410): Pin "SRAM_LB_n" is stuck at GND File: C:/Users/ricar/OneDrive/Escritorio/ArregloSist-licoNPU/top.sv Line: 40
    Warning (13410): Pin "SRAM_OE_n" is stuck at GND File: C:/Users/ricar/OneDrive/Escritorio/ArregloSist-licoNPU/top.sv Line: 41
    Warning (13410): Pin "SRAM_UB_n" is stuck at GND File: C:/Users/ricar/OneDrive/Escritorio/ArregloSist-licoNPU/top.sv Line: 42
    Warning (13410): Pin "SRAM_WE_n" is stuck at GND File: C:/Users/ricar/OneDrive/Escritorio/ArregloSist-licoNPU/top.sv Line: 44
Info (286031): Timing-Driven Synthesis is running on partition "Top"
Info (17049): 3 registers lost all their fanouts during netlist optimizations.
Info (286031): Timing-Driven Synthesis is running on partition "sld_hub:auto_hub"
Warning (20013): Ignored 35 assignments for entity "altera_reset_controller" -- entity does not exist in design
Warning (20013): Ignored 19 assignments for entity "sdram" -- entity does not exist in design
Warning (20013): Ignored 34 assignments for entity "sdram_new_sdram_controller_0" -- entity does not exist in design
Warning (20013): Ignored 317 assignments for entity "sdram_pll_0" -- entity does not exist in design
Info (16010): Generating hard_block partition "hard_block:auto_generated_inst"
    Info (16011): Adding 9 node(s), including 0 DDIO, 0 PLL, 0 transceiver and 0 LCELL
Warning (21074): Design contains 16 input pin(s) that do not drive logic
    Warning (15610): No output dependent on input pin "CLOCK_125_p" File: C:/Users/ricar/OneDrive/Escritorio/ArregloSist-licoNPU/top.sv Line: 9
    Warning (15610): No output dependent on input pin "CLOCK_50_B6A" File: C:/Users/ricar/OneDrive/Escritorio/ArregloSist-licoNPU/top.sv Line: 11
    Warning (15610): No output dependent on input pin "CLOCK_50_B7A" File: C:/Users/ricar/OneDrive/Escritorio/ArregloSist-licoNPU/top.sv Line: 12
    Warning (15610): No output dependent on input pin "CLOCK_50_B8A" File: C:/Users/ricar/OneDrive/Escritorio/ArregloSist-licoNPU/top.sv Line: 13
    Warning (15610): No output dependent on input pin "KEY[3]" File: C:/Users/ricar/OneDrive/Escritorio/ArregloSist-licoNPU/top.sv Line: 21
    Warning (15610): No output dependent on input pin "SW[0]" File: C:/Users/ricar/OneDrive/Escritorio/ArregloSist-licoNPU/top.sv Line: 24
    Warning (15610): No output dependent on input pin "SW[1]" File: C:/Users/ricar/OneDrive/Escritorio/ArregloSist-licoNPU/top.sv Line: 24
    Warning (15610): No output dependent on input pin "SW[2]" File: C:/Users/ricar/OneDrive/Escritorio/ArregloSist-licoNPU/top.sv Line: 24
    Warning (15610): No output dependent on input pin "SW[3]" File: C:/Users/ricar/OneDrive/Escritorio/ArregloSist-licoNPU/top.sv Line: 24
    Warning (15610): No output dependent on input pin "SW[4]" File: C:/Users/ricar/OneDrive/Escritorio/ArregloSist-licoNPU/top.sv Line: 24
    Warning (15610): No output dependent on input pin "SW[5]" File: C:/Users/ricar/OneDrive/Escritorio/ArregloSist-licoNPU/top.sv Line: 24
    Warning (15610): No output dependent on input pin "SW[6]" File: C:/Users/ricar/OneDrive/Escritorio/ArregloSist-licoNPU/top.sv Line: 24
    Warning (15610): No output dependent on input pin "SW[7]" File: C:/Users/ricar/OneDrive/Escritorio/ArregloSist-licoNPU/top.sv Line: 24
    Warning (15610): No output dependent on input pin "SW[8]" File: C:/Users/ricar/OneDrive/Escritorio/ArregloSist-licoNPU/top.sv Line: 24
    Warning (15610): No output dependent on input pin "SW[9]" File: C:/Users/ricar/OneDrive/Escritorio/ArregloSist-licoNPU/top.sv Line: 24
    Warning (15610): No output dependent on input pin "UART_RX" File: C:/Users/ricar/OneDrive/Escritorio/ArregloSist-licoNPU/top.sv Line: 33
Info (21057): Implemented 634 device resources after synthesis - the final resource count might be different
    Info (21058): Implemented 24 input pins
    Info (21059): Implemented 71 output pins
    Info (21060): Implemented 16 bidirectional pins
    Info (21061): Implemented 522 logic cells
Info: Quartus Prime Analysis & Synthesis was successful. 0 errors, 77 warnings
    Info: Peak virtual memory: 5008 megabytes
    Info: Processing ended: Sat Jun 14 22:03:34 2025
    Info: Elapsed time: 00:00:16
    Info: Total CPU time (on all processors): 00:00:29


