<<<<<<< Updated upstream
Analysis & Synthesis report for systolicArray
Sun Jun 15 20:59:32 2025
Quartus Prime Version 18.1.0 Build 625 09/12/2018 SJ Lite Edition
=======
Analysis & Elaboration report for systolicArray
Sun Jun 15 23:27:40 2025
Quartus Prime Version 22.1std.2 Build 922 07/20/2023 SC Lite Edition
>>>>>>> Stashed changes


---------------------
; Table of Contents ;
---------------------
  1. Legal Notice
<<<<<<< Updated upstream
  2. Analysis & Synthesis Summary
  3. Analysis & Synthesis Settings
  4. Parallel Compilation
  5. Analysis & Synthesis Source Files Read
  6. Analysis & Synthesis Resource Usage Summary
  7. Analysis & Synthesis Resource Utilization by Entity
  8. Analysis & Synthesis IP Cores Summary
  9. State Machine - |sdramTestbench|current_test_state
 10. State Machine - |sdramTestbench|sdramInterface:sdramIf|current_state
 11. State Machine - |sdramTestbench|sdram:sdram_controller|sdram_new_sdram_controller_0:new_sdram_controller_0|m_next
 12. State Machine - |sdramTestbench|sdram:sdram_controller|sdram_new_sdram_controller_0:new_sdram_controller_0|m_state
 13. State Machine - |sdramTestbench|sdram:sdram_controller|sdram_new_sdram_controller_0:new_sdram_controller_0|i_next
 14. State Machine - |sdramTestbench|sdram:sdram_controller|sdram_new_sdram_controller_0:new_sdram_controller_0|i_state
 15. Registers Protected by Synthesis
 16. Registers Removed During Synthesis
 17. Removed Registers Triggering Further Register Optimizations
 18. General Register Statistics
 19. Inverted Register Statistics
 20. Multiplexer Restructuring Statistics (Restructuring Performed)
 21. Source assignments for sdram:sdram_controller|sdram_new_sdram_controller_0:new_sdram_controller_0
 22. Source assignments for sdram:sdram_controller|altera_reset_controller:rst_controller|altera_reset_synchronizer:alt_rst_sync_uq1
 23. Source assignments for sdram:sdram_controller|altera_reset_controller:rst_controller|altera_reset_synchronizer:alt_rst_req_sync_uq1
 24. Parameter Settings for User Entity Instance: sdram:sdram_controller|sdram_sys_sdram_pll_0:sys_sdram_pll_0|sdram_sys_sdram_pll_0_sys_pll:sys_pll|altera_pll:altera_pll_i
 25. Parameter Settings for User Entity Instance: sdram:sdram_controller|altera_reset_controller:rst_controller
 26. Parameter Settings for User Entity Instance: sdram:sdram_controller|altera_reset_controller:rst_controller|altera_reset_synchronizer:alt_rst_sync_uq1
 27. Parameter Settings for User Entity Instance: sdram:sdram_controller|altera_reset_controller:rst_controller|altera_reset_synchronizer:alt_rst_req_sync_uq1
 28. Port Connectivity Checks: "sdramInterface:sdramIf"
 29. Port Connectivity Checks: "sdram:sdram_controller|altera_reset_controller:rst_controller|altera_reset_synchronizer:alt_rst_req_sync_uq1"
 30. Port Connectivity Checks: "sdram:sdram_controller|altera_reset_controller:rst_controller"
 31. Port Connectivity Checks: "sdram:sdram_controller|sdram_sys_sdram_pll_0:sys_sdram_pll_0|sdram_sys_sdram_pll_0_sys_pll:sys_pll|altera_pll:altera_pll_i"
 32. Port Connectivity Checks: "sdram:sdram_controller|sdram_sys_sdram_pll_0:sys_sdram_pll_0"
 33. Port Connectivity Checks: "sdram:sdram_controller|sdram_new_sdram_controller_0:new_sdram_controller_0|sdram_new_sdram_controller_0_input_efifo_module:the_sdram_new_sdram_controller_0_input_efifo_module"
 34. Post-Synthesis Netlist Statistics for Top Partition
 35. Elapsed Time Per Partition
 36. Analysis & Synthesis Messages
=======
  2. Analysis & Elaboration Summary
  3. Parallel Compilation
  4. Parameter Settings for User Entity Instance: Top-level Entity: |systolicController
  5. Analysis & Elaboration Settings
  6. Analysis & Elaboration Messages
  7. Analysis & Elaboration Suppressed Messages
>>>>>>> Stashed changes



----------------
; Legal Notice ;
----------------
Copyright (C) 2018  Intel Corporation. All rights reserved.
Your use of Intel Corporation's design tools, logic functions 
and other software and tools, and its AMPP partner logic 
functions, and any output files from any of the foregoing 
(including device programming or simulation files), and any 
associated documentation or information are expressly subject 
to the terms and conditions of the Intel Program License 
Subscription Agreement, the Intel Quartus Prime License Agreement,
the Intel FPGA IP License Agreement, or other applicable license
agreement, including, without limitation, that your use is for
the sole purpose of programming logic devices manufactured by
Intel and sold by Intel or its authorized distributors.  Please
refer to the applicable agreement for further details.



<<<<<<< Updated upstream
+-------------------------------------------------------------------------------+
; Analysis & Synthesis Summary                                                  ;
+---------------------------------+---------------------------------------------+
; Analysis & Synthesis Status     ; Successful - Sun Jun 15 20:59:32 2025       ;
; Quartus Prime Version           ; 18.1.0 Build 625 09/12/2018 SJ Lite Edition ;
; Revision Name                   ; systolicArray                               ;
; Top-level Entity Name           ; sdramTestbench                              ;
; Family                          ; Cyclone V                                   ;
; Logic utilization (in ALMs)     ; N/A                                         ;
; Total registers                 ; 164                                         ;
; Total pins                      ; 54                                          ;
; Total virtual pins              ; 0                                           ;
; Total block memory bits         ; 0                                           ;
; Total DSP Blocks                ; 0                                           ;
; Total HSSI RX PCSs              ; 0                                           ;
; Total HSSI PMA RX Deserializers ; 0                                           ;
; Total HSSI TX PCSs              ; 0                                           ;
; Total HSSI PMA TX Serializers   ; 0                                           ;
; Total PLLs                      ; 1                                           ;
; Total DLLs                      ; 0                                           ;
+---------------------------------+---------------------------------------------+
=======
+--------------------------------------------------------------------------------+
; Analysis & Elaboration Summary                                                 ;
+-------------------------------+------------------------------------------------+
; Analysis & Elaboration Status ; Successful - Sun Jun 15 23:27:40 2025          ;
; Quartus Prime Version         ; 22.1std.2 Build 922 07/20/2023 SC Lite Edition ;
; Revision Name                 ; systolicArray                                  ;
; Top-level Entity Name         ; systolicController                             ;
; Family                        ; Cyclone V                                      ;
; Logic utilization (in ALMs)   ; N/A until Partition Merge                      ;
; Total registers               ; N/A until Partition Merge                      ;
; Total pins                    ; N/A until Partition Merge                      ;
; Total virtual pins            ; N/A until Partition Merge                      ;
; Total block memory bits       ; N/A until Partition Merge                      ;
; Total PLLs                    ; N/A until Partition Merge                      ;
; Total DLLs                    ; N/A until Partition Merge                      ;
+-------------------------------+------------------------------------------------+


+------------------------------------------+
; Parallel Compilation                     ;
+----------------------------+-------------+
; Processors                 ; Number      ;
+----------------------------+-------------+
; Number detected on machine ; 12          ;
; Maximum allowed            ; 6           ;
;                            ;             ;
; Average used               ; 1.00        ;
; Maximum used               ; 1           ;
;                            ;             ;
; Usage by Processor         ; % Time Used ;
;     Processor 1            ; 100.0%      ;
+----------------------------+-------------+


+------------------------------------------------------------------------------------+
; Parameter Settings for User Entity Instance: Top-level Entity: |systolicController ;
+----------------+-------+-----------------------------------------------------------+
; Parameter Name ; Value ; Type                                                      ;
+----------------+-------+-----------------------------------------------------------+
; N              ; 4     ; Signed Integer                                            ;
; ADDR_WIDTH     ; 10    ; Signed Integer                                            ;
; DATA_WIDTH     ; 16    ; Signed Integer                                            ;
; LATENCY        ; 3     ; Signed Integer                                            ;
+----------------+-------+-----------------------------------------------------------+
Note: In order to hide this table in the UI and the text report file, please set the "Show Parameter Settings in Synthesis Report" option in "Analysis and Synthesis Settings -> More Settings" to "Off".
>>>>>>> Stashed changes


+---------------------------------------------------------------------------------------------------------------------------+
; Analysis & Synthesis Settings                                                                                             ;
+---------------------------------------------------------------------------------+--------------------+--------------------+
; Option                                                                          ; Setting            ; Default Value      ;
+---------------------------------------------------------------------------------+--------------------+--------------------+
; Device                                                                          ; 5CSEMA5F31C6       ;                    ;
<<<<<<< Updated upstream
; Top-level entity name                                                           ; sdramTestbench     ; systolicArray      ;
=======
; Top-level entity name                                                           ; systolicController ; systolicArray      ;
>>>>>>> Stashed changes
; Family name                                                                     ; Cyclone V          ; Cyclone V          ;
; Use smart compilation                                                           ; Off                ; Off                ;
; Enable parallel Assembler and Timing Analyzer during compilation                ; On                 ; On                 ;
; Enable compact report table                                                     ; Off                ; Off                ;
; Restructure Multiplexers                                                        ; Auto               ; Auto               ;
; MLAB Add Timing Constraints For Mixed-Port Feed-Through Mode Setting Don't Care ; Off                ; Off                ;
; Create Debugging Nodes for IP Cores                                             ; Off                ; Off                ;
; Preserve fewer node names                                                       ; On                 ; On                 ;
; Intel FPGA IP Evaluation Mode                                                   ; Enable             ; Enable             ;
; Verilog Version                                                                 ; Verilog_2001       ; Verilog_2001       ;
; VHDL Version                                                                    ; VHDL_1993          ; VHDL_1993          ;
; State Machine Processing                                                        ; Auto               ; Auto               ;
; Safe State Machine                                                              ; Off                ; Off                ;
; Extract Verilog State Machines                                                  ; On                 ; On                 ;
; Extract VHDL State Machines                                                     ; On                 ; On                 ;
; Ignore Verilog initial constructs                                               ; Off                ; Off                ;
; Iteration limit for constant Verilog loops                                      ; 5000               ; 5000               ;
; Iteration limit for non-constant Verilog loops                                  ; 250                ; 250                ;
; Add Pass-Through Logic to Inferred RAMs                                         ; On                 ; On                 ;
; Infer RAMs from Raw Logic                                                       ; On                 ; On                 ;
; Parallel Synthesis                                                              ; On                 ; On                 ;
; DSP Block Balancing                                                             ; Auto               ; Auto               ;
; NOT Gate Push-Back                                                              ; On                 ; On                 ;
; Power-Up Don't Care                                                             ; On                 ; On                 ;
; Remove Redundant Logic Cells                                                    ; Off                ; Off                ;
; Remove Duplicate Registers                                                      ; On                 ; On                 ;
; Ignore CARRY Buffers                                                            ; Off                ; Off                ;
; Ignore CASCADE Buffers                                                          ; Off                ; Off                ;
; Ignore GLOBAL Buffers                                                           ; Off                ; Off                ;
; Ignore ROW GLOBAL Buffers                                                       ; Off                ; Off                ;
; Ignore LCELL Buffers                                                            ; Off                ; Off                ;
; Ignore SOFT Buffers                                                             ; On                 ; On                 ;
; Limit AHDL Integers to 32 Bits                                                  ; Off                ; Off                ;
; Optimization Technique                                                          ; Balanced           ; Balanced           ;
; Carry Chain Length                                                              ; 70                 ; 70                 ;
; Auto Carry Chains                                                               ; On                 ; On                 ;
; Auto Open-Drain Pins                                                            ; On                 ; On                 ;
; Perform WYSIWYG Primitive Resynthesis                                           ; Off                ; Off                ;
; Auto ROM Replacement                                                            ; On                 ; On                 ;
; Auto RAM Replacement                                                            ; On                 ; On                 ;
; Auto DSP Block Replacement                                                      ; On                 ; On                 ;
; Auto Shift Register Replacement                                                 ; Auto               ; Auto               ;
; Allow Shift Register Merging across Hierarchies                                 ; Auto               ; Auto               ;
; Auto Clock Enable Replacement                                                   ; On                 ; On                 ;
; Strict RAM Replacement                                                          ; Off                ; Off                ;
; Allow Synchronous Control Signals                                               ; On                 ; On                 ;
; Force Use of Synchronous Clear Signals                                          ; Off                ; Off                ;
; Auto Resource Sharing                                                           ; Off                ; Off                ;
; Allow Any RAM Size For Recognition                                              ; Off                ; Off                ;
; Allow Any ROM Size For Recognition                                              ; Off                ; Off                ;
; Allow Any Shift Register Size For Recognition                                   ; Off                ; Off                ;
; Use LogicLock Constraints during Resource Balancing                             ; On                 ; On                 ;
; Ignore translate_off and synthesis_off directives                               ; Off                ; Off                ;
; Timing-Driven Synthesis                                                         ; On                 ; On                 ;
; Report Parameter Settings                                                       ; On                 ; On                 ;
; Report Source Assignments                                                       ; On                 ; On                 ;
; Report Connectivity Checks                                                      ; On                 ; On                 ;
; Ignore Maximum Fan-Out Assignments                                              ; Off                ; Off                ;
; Synchronization Register Chain Length                                           ; 3                  ; 3                  ;
; Power Optimization During Synthesis                                             ; Normal compilation ; Normal compilation ;
; HDL message level                                                               ; Level2             ; Level2             ;
; Suppress Register Optimization Related Messages                                 ; Off                ; Off                ;
; Number of Removed Registers Reported in Synthesis Report                        ; 5000               ; 5000               ;
; Number of Swept Nodes Reported in Synthesis Report                              ; 5000               ; 5000               ;
; Number of Inverted Registers Reported in Synthesis Report                       ; 100                ; 100                ;
; Clock MUX Protection                                                            ; On                 ; On                 ;
; Auto Gated Clock Conversion                                                     ; Off                ; Off                ;
; Block Design Naming                                                             ; Auto               ; Auto               ;
; SDC constraint protection                                                       ; Off                ; Off                ;
; Synthesis Effort                                                                ; Auto               ; Auto               ;
; Shift Register Replacement - Allow Asynchronous Clear Signal                    ; On                 ; On                 ;
; Pre-Mapping Resynthesis Optimization                                            ; Off                ; Off                ;
; Analysis & Synthesis Message Level                                              ; Medium             ; Medium             ;
; Disable Register Merging Across Hierarchies                                     ; Auto               ; Auto               ;
; Resource Aware Inference For Block RAM                                          ; On                 ; On                 ;
; Automatic Parallel Synthesis                                                    ; On                 ; On                 ;
; Partial Reconfiguration Bitstream ID                                            ; Off                ; Off                ;
+---------------------------------------------------------------------------------+--------------------+--------------------+


<<<<<<< Updated upstream
+------------------------------------------+
; Parallel Compilation                     ;
+----------------------------+-------------+
; Processors                 ; Number      ;
+----------------------------+-------------+
; Number detected on machine ; 12          ;
; Maximum allowed            ; 12          ;
;                            ;             ;
; Average used               ; 1.00        ;
; Maximum used               ; 12          ;
;                            ;             ;
; Usage by Processor         ; % Time Used ;
;     Processor 1            ; 100.0%      ;
;     Processor 2            ;   0.0%      ;
;     Processors 3-12        ;   0.0%      ;
+----------------------------+-------------+


+-------------------------------------------------------------------------------------------------------------------------------------------------------------------------------------------------------------------------------------------------------------------+
; Analysis & Synthesis Source Files Read                                                                                                                                                                                                                            ;
+------------------------------------------------------------------------+-----------------+------------------------------+-------------------------------------------------------------------------------------------------------------------------------+---------+
; File Name with User-Entered Path                                       ; Used in Netlist ; File Type                    ; File Name with Absolute Path                                                                                                  ; Library ;
+------------------------------------------------------------------------+-----------------+------------------------------+-------------------------------------------------------------------------------------------------------------------------------+---------+
; sdram/synthesis/sdram.v                                                ; yes             ; User Verilog HDL File        ; C:/Users/ricar/OneDrive/Escritorio/ArregloSist-licoNPU/sdram/synthesis/sdram.v                                                ; sdram   ;
; sdram/synthesis/submodules/altera_reset_controller.v                   ; yes             ; User Verilog HDL File        ; C:/Users/ricar/OneDrive/Escritorio/ArregloSist-licoNPU/sdram/synthesis/submodules/altera_reset_controller.v                   ; sdram   ;
; sdram/synthesis/submodules/altera_reset_synchronizer.v                 ; yes             ; User Verilog HDL File        ; C:/Users/ricar/OneDrive/Escritorio/ArregloSist-licoNPU/sdram/synthesis/submodules/altera_reset_synchronizer.v                 ; sdram   ;
; sdram/synthesis/submodules/sdram_sys_sdram_pll_0.v                     ; yes             ; User Verilog HDL File        ; C:/Users/ricar/OneDrive/Escritorio/ArregloSist-licoNPU/sdram/synthesis/submodules/sdram_sys_sdram_pll_0.v                     ; sdram   ;
; sdram/synthesis/submodules/altera_up_avalon_reset_from_locked_signal.v ; yes             ; User Verilog HDL File        ; C:/Users/ricar/OneDrive/Escritorio/ArregloSist-licoNPU/sdram/synthesis/submodules/altera_up_avalon_reset_from_locked_signal.v ; sdram   ;
; sdram/synthesis/submodules/sdram_sys_sdram_pll_0_sys_pll.v             ; yes             ; User Verilog HDL File        ; C:/Users/ricar/OneDrive/Escritorio/ArregloSist-licoNPU/sdram/synthesis/submodules/sdram_sys_sdram_pll_0_sys_pll.v             ; sdram   ;
; sdram/synthesis/submodules/sdram_new_sdram_controller_0.v              ; yes             ; User Verilog HDL File        ; C:/Users/ricar/OneDrive/Escritorio/ArregloSist-licoNPU/sdram/synthesis/submodules/sdram_new_sdram_controller_0.v              ; sdram   ;
; sdramTestbench.sv                                                      ; yes             ; User SystemVerilog HDL File  ; C:/Users/ricar/OneDrive/Escritorio/ArregloSist-licoNPU/sdramTestbench.sv                                                      ;         ;
; sdramInterface.sv                                                      ; yes             ; User SystemVerilog HDL File  ; C:/Users/ricar/OneDrive/Escritorio/ArregloSist-licoNPU/sdramInterface.sv                                                      ;         ;
; altera_pll.v                                                           ; yes             ; Megafunction                 ; c:/intelfpga_lite/18.1/quartus/libraries/megafunctions/altera_pll.v                                                           ;         ;
+------------------------------------------------------------------------+-----------------+------------------------------+-------------------------------------------------------------------------------------------------------------------------------+---------+


+-----------------------------------------------------------------------------------------------------------------------------------------------------------------------------------------+
; Analysis & Synthesis Resource Usage Summary                                                                                                                                             ;
+---------------------------------------------+-------------------------------------------------------------------------------------------------------------------------------------------+
; Resource                                    ; Usage                                                                                                                                     ;
+---------------------------------------------+-------------------------------------------------------------------------------------------------------------------------------------------+
; Estimate of Logic utilization (ALMs needed) ; 128                                                                                                                                       ;
;                                             ;                                                                                                                                           ;
; Combinational ALUT usage for logic          ; 214                                                                                                                                       ;
;     -- 7 input functions                    ; 1                                                                                                                                         ;
;     -- 6 input functions                    ; 34                                                                                                                                        ;
;     -- 5 input functions                    ; 50                                                                                                                                        ;
;     -- 4 input functions                    ; 39                                                                                                                                        ;
;     -- <=3 input functions                  ; 90                                                                                                                                        ;
;                                             ;                                                                                                                                           ;
; Dedicated logic registers                   ; 164                                                                                                                                       ;
;                                             ;                                                                                                                                           ;
; I/O pins                                    ; 54                                                                                                                                        ;
;                                             ;                                                                                                                                           ;
; Total DSP Blocks                            ; 0                                                                                                                                         ;
;                                             ;                                                                                                                                           ;
; Total PLLs                                  ; 1                                                                                                                                         ;
;     -- PLLs                                 ; 1                                                                                                                                         ;
;                                             ;                                                                                                                                           ;
; Maximum fan-out node                        ; sdram:sdram_controller|sdram_sys_sdram_pll_0:sys_sdram_pll_0|sdram_sys_sdram_pll_0_sys_pll:sys_pll|altera_pll:altera_pll_i|outclk_wire[0] ;
; Maximum fan-out                             ; 107                                                                                                                                       ;
; Total fan-out                               ; 1513                                                                                                                                      ;
; Average fan-out                             ; 3.01                                                                                                                                      ;
+---------------------------------------------+-------------------------------------------------------------------------------------------------------------------------------------------+


+-------------------------------------------------------------------------------------------------------------------------------------------------------------------------------------------------------------------------------------------------------------------------------------------------------------------------------------------------------------------------------------------------------------------------------------------------------------------------------------------+
; Analysis & Synthesis Resource Utilization by Entity                                                                                                                                                                                                                                                                                                                                                                                                                                       ;
+----------------------------------------------------------------------------------------------------------------+---------------------+---------------------------+-------------------+------------+------+--------------+------------------------------------------------------------------------------------------------------------------------------------------------------------------------------------------------+-------------------------------------------------+--------------+
; Compilation Hierarchy Node                                                                                     ; Combinational ALUTs ; Dedicated Logic Registers ; Block Memory Bits ; DSP Blocks ; Pins ; Virtual Pins ; Full Hierarchy Name                                                                                                                                                                            ; Entity Name                                     ; Library Name ;
+----------------------------------------------------------------------------------------------------------------+---------------------+---------------------------+-------------------+------------+------+--------------+------------------------------------------------------------------------------------------------------------------------------------------------------------------------------------------------+-------------------------------------------------+--------------+
; |sdramTestbench                                                                                                ; 214 (51)            ; 164 (42)                  ; 0                 ; 0          ; 54   ; 0            ; |sdramTestbench                                                                                                                                                                                ; sdramTestbench                                  ; work         ;
;    |sdram:sdram_controller|                                                                                    ; 153 (0)             ; 106 (0)                   ; 0                 ; 0          ; 0    ; 0            ; |sdramTestbench|sdram:sdram_controller                                                                                                                                                         ; sdram                                           ; sdram        ;
;       |altera_reset_controller:rst_controller|                                                                 ; 0 (0)               ; 3 (0)                     ; 0                 ; 0          ; 0    ; 0            ; |sdramTestbench|sdram:sdram_controller|altera_reset_controller:rst_controller                                                                                                                  ; altera_reset_controller                         ; sdram        ;
;          |altera_reset_synchronizer:alt_rst_sync_uq1|                                                          ; 0 (0)               ; 3 (3)                     ; 0                 ; 0          ; 0    ; 0            ; |sdramTestbench|sdram:sdram_controller|altera_reset_controller:rst_controller|altera_reset_synchronizer:alt_rst_sync_uq1                                                                       ; altera_reset_synchronizer                       ; sdram        ;
;       |sdram_new_sdram_controller_0:new_sdram_controller_0|                                                    ; 153 (142)           ; 103 (93)                  ; 0                 ; 0          ; 0    ; 0            ; |sdramTestbench|sdram:sdram_controller|sdram_new_sdram_controller_0:new_sdram_controller_0                                                                                                     ; sdram_new_sdram_controller_0                    ; sdram        ;
;          |sdram_new_sdram_controller_0_input_efifo_module:the_sdram_new_sdram_controller_0_input_efifo_module| ; 11 (11)             ; 10 (10)                   ; 0                 ; 0          ; 0    ; 0            ; |sdramTestbench|sdram:sdram_controller|sdram_new_sdram_controller_0:new_sdram_controller_0|sdram_new_sdram_controller_0_input_efifo_module:the_sdram_new_sdram_controller_0_input_efifo_module ; sdram_new_sdram_controller_0_input_efifo_module ; sdram        ;
;       |sdram_sys_sdram_pll_0:sys_sdram_pll_0|                                                                  ; 0 (0)               ; 0 (0)                     ; 0                 ; 0          ; 0    ; 0            ; |sdramTestbench|sdram:sdram_controller|sdram_sys_sdram_pll_0:sys_sdram_pll_0                                                                                                                   ; sdram_sys_sdram_pll_0                           ; sdram        ;
;          |sdram_sys_sdram_pll_0_sys_pll:sys_pll|                                                               ; 0 (0)               ; 0 (0)                     ; 0                 ; 0          ; 0    ; 0            ; |sdramTestbench|sdram:sdram_controller|sdram_sys_sdram_pll_0:sys_sdram_pll_0|sdram_sys_sdram_pll_0_sys_pll:sys_pll                                                                             ; sdram_sys_sdram_pll_0_sys_pll                   ; sdram        ;
;             |altera_pll:altera_pll_i|                                                                          ; 0 (0)               ; 0 (0)                     ; 0                 ; 0          ; 0    ; 0            ; |sdramTestbench|sdram:sdram_controller|sdram_sys_sdram_pll_0:sys_sdram_pll_0|sdram_sys_sdram_pll_0_sys_pll:sys_pll|altera_pll:altera_pll_i                                                     ; altera_pll                                      ; work         ;
;    |sdramInterface:sdramIf|                                                                                    ; 10 (10)             ; 16 (16)                   ; 0                 ; 0          ; 0    ; 0            ; |sdramTestbench|sdramInterface:sdramIf                                                                                                                                                         ; sdramInterface                                  ; work         ;
+----------------------------------------------------------------------------------------------------------------+---------------------+---------------------------+-------------------+------------+------+--------------+------------------------------------------------------------------------------------------------------------------------------------------------------------------------------------------------+-------------------------------------------------+--------------+
Note: For table entries with two numbers listed, the numbers in parentheses indicate the number of resources of the given type used by the specific entity alone. The numbers listed outside of parentheses indicate the total resources of the given type used by the specific entity and all of its sub-entities in the hierarchy.


+----------------------------------------------------------------------------------------------------------------------------------------------------------------------------------------------------------------------------+
; Analysis & Synthesis IP Cores Summary                                                                                                                                                                                      ;
+--------+------------------------------------+---------+--------------+--------------+--------------------------------------------------------------------------------------------------------------------+-----------------+
; Vendor ; IP Core Name                       ; Version ; Release Date ; License Type ; Entity Instance                                                                                                    ; IP Include File ;
+--------+------------------------------------+---------+--------------+--------------+--------------------------------------------------------------------------------------------------------------------+-----------------+
; N/A    ; Qsys                               ; 18.1    ; N/A          ; N/A          ; |sdramTestbench|sdram:sdram_controller                                                                             ; sdram.qsys      ;
; Altera ; altera_avalon_new_sdram_controller ; 18.1    ; N/A          ; N/A          ; |sdramTestbench|sdram:sdram_controller|sdram_new_sdram_controller_0:new_sdram_controller_0                         ; sdram.qsys      ;
; Altera ; altera_reset_controller            ; 18.1    ; N/A          ; N/A          ; |sdramTestbench|sdram:sdram_controller|altera_reset_controller:rst_controller                                      ; sdram.qsys      ;
; Altera ; altera_pll                         ; 18.1    ; N/A          ; N/A          ; |sdramTestbench|sdram:sdram_controller|sdram_sys_sdram_pll_0:sys_sdram_pll_0|sdram_sys_sdram_pll_0_sys_pll:sys_pll ; sdram.qsys      ;
+--------+------------------------------------+---------+--------------+--------------+--------------------------------------------------------------------------------------------------------------------+-----------------+


Encoding Type:  One-Hot
+----------------------------------------------------------------------------------------------------------------------------------------------------------------------------------------------------------------------------------------------------------------------------------------------+
; State Machine - |sdramTestbench|current_test_state                                                                                                                                                                                                                                           ;
+----------------------------------+----------------------------+------------------------------+---------------------------------+-------------------------------+-------------------------------+----------------------------------+--------------------------------+-------------------------+
; Name                             ; current_test_state.DISPLAY ; current_test_state.READ_WAIT ; current_test_state.READ_EXECUTE ; current_test_state.READ_SETUP ; current_test_state.WRITE_WAIT ; current_test_state.WRITE_EXECUTE ; current_test_state.WRITE_SETUP ; current_test_state.INIT ;
+----------------------------------+----------------------------+------------------------------+---------------------------------+-------------------------------+-------------------------------+----------------------------------+--------------------------------+-------------------------+
; current_test_state.INIT          ; 0                          ; 0                            ; 0                               ; 0                             ; 0                             ; 0                                ; 0                              ; 0                       ;
; current_test_state.WRITE_SETUP   ; 0                          ; 0                            ; 0                               ; 0                             ; 0                             ; 0                                ; 1                              ; 1                       ;
; current_test_state.WRITE_EXECUTE ; 0                          ; 0                            ; 0                               ; 0                             ; 0                             ; 1                                ; 0                              ; 1                       ;
; current_test_state.WRITE_WAIT    ; 0                          ; 0                            ; 0                               ; 0                             ; 1                             ; 0                                ; 0                              ; 1                       ;
; current_test_state.READ_SETUP    ; 0                          ; 0                            ; 0                               ; 1                             ; 0                             ; 0                                ; 0                              ; 1                       ;
; current_test_state.READ_EXECUTE  ; 0                          ; 0                            ; 1                               ; 0                             ; 0                             ; 0                                ; 0                              ; 1                       ;
; current_test_state.READ_WAIT     ; 0                          ; 1                            ; 0                               ; 0                             ; 0                             ; 0                                ; 0                              ; 1                       ;
; current_test_state.DISPLAY       ; 1                          ; 0                            ; 0                               ; 0                             ; 0                             ; 0                                ; 0                              ; 1                       ;
+----------------------------------+----------------------------+------------------------------+---------------------------------+-------------------------------+-------------------------------+----------------------------------+--------------------------------+-------------------------+


Encoding Type:  One-Hot
+---------------------------------------------------------------------------------------------------------------------------------------------------------------------------------+
; State Machine - |sdramTestbench|sdramInterface:sdramIf|current_state                                                                                                            ;
+---------------------------+--------------------+-------------------------+--------------------------+--------------------------+---------------------------+--------------------+
; Name                      ; current_state.DONE ; current_state.READ_WAIT ; current_state.READ_START ; current_state.WRITE_WAIT ; current_state.WRITE_START ; current_state.IDLE ;
+---------------------------+--------------------+-------------------------+--------------------------+--------------------------+---------------------------+--------------------+
; current_state.IDLE        ; 0                  ; 0                       ; 0                        ; 0                        ; 0                         ; 0                  ;
; current_state.WRITE_START ; 0                  ; 0                       ; 0                        ; 0                        ; 1                         ; 1                  ;
; current_state.WRITE_WAIT  ; 0                  ; 0                       ; 0                        ; 1                        ; 0                         ; 1                  ;
; current_state.READ_START  ; 0                  ; 0                       ; 1                        ; 0                        ; 0                         ; 1                  ;
; current_state.READ_WAIT   ; 0                  ; 1                       ; 0                        ; 0                        ; 0                         ; 1                  ;
; current_state.DONE        ; 1                  ; 0                       ; 0                        ; 0                        ; 0                         ; 1                  ;
+---------------------------+--------------------+-------------------------+--------------------------+--------------------------+---------------------------+--------------------+


Encoding Type:  One-Hot
+-------------------------------------------------------------------------------------------------------------------+
; State Machine - |sdramTestbench|sdram:sdram_controller|sdram_new_sdram_controller_0:new_sdram_controller_0|m_next ;
+------------------+------------------+------------------+------------------+---------------------------------------+
; Name             ; m_next.010000000 ; m_next.000010000 ; m_next.000001000 ; m_next.000000001                      ;
+------------------+------------------+------------------+------------------+---------------------------------------+
; m_next.000000001 ; 0                ; 0                ; 0                ; 0                                     ;
; m_next.000001000 ; 0                ; 0                ; 1                ; 1                                     ;
; m_next.000010000 ; 0                ; 1                ; 0                ; 1                                     ;
; m_next.010000000 ; 1                ; 0                ; 0                ; 1                                     ;
+------------------+------------------+------------------+------------------+---------------------------------------+


Encoding Type:  One-Hot
+-------------------------------------------------------------------------------------------------------------------------------------------------------------------------------------------------------+
; State Machine - |sdramTestbench|sdram:sdram_controller|sdram_new_sdram_controller_0:new_sdram_controller_0|m_state                                                                                    ;
+-------------------+-------------------+-------------------+-------------------+-------------------+-------------------+-------------------+-------------------+-------------------+-------------------+
; Name              ; m_state.100000000 ; m_state.010000000 ; m_state.001000000 ; m_state.000100000 ; m_state.000010000 ; m_state.000001000 ; m_state.000000100 ; m_state.000000010 ; m_state.000000001 ;
+-------------------+-------------------+-------------------+-------------------+-------------------+-------------------+-------------------+-------------------+-------------------+-------------------+
; m_state.000000001 ; 0                 ; 0                 ; 0                 ; 0                 ; 0                 ; 0                 ; 0                 ; 0                 ; 0                 ;
; m_state.000000010 ; 0                 ; 0                 ; 0                 ; 0                 ; 0                 ; 0                 ; 0                 ; 1                 ; 1                 ;
; m_state.000000100 ; 0                 ; 0                 ; 0                 ; 0                 ; 0                 ; 0                 ; 1                 ; 0                 ; 1                 ;
; m_state.000001000 ; 0                 ; 0                 ; 0                 ; 0                 ; 0                 ; 1                 ; 0                 ; 0                 ; 1                 ;
; m_state.000010000 ; 0                 ; 0                 ; 0                 ; 0                 ; 1                 ; 0                 ; 0                 ; 0                 ; 1                 ;
; m_state.000100000 ; 0                 ; 0                 ; 0                 ; 1                 ; 0                 ; 0                 ; 0                 ; 0                 ; 1                 ;
; m_state.001000000 ; 0                 ; 0                 ; 1                 ; 0                 ; 0                 ; 0                 ; 0                 ; 0                 ; 1                 ;
; m_state.010000000 ; 0                 ; 1                 ; 0                 ; 0                 ; 0                 ; 0                 ; 0                 ; 0                 ; 1                 ;
; m_state.100000000 ; 1                 ; 0                 ; 0                 ; 0                 ; 0                 ; 0                 ; 0                 ; 0                 ; 1                 ;
+-------------------+-------------------+-------------------+-------------------+-------------------+-------------------+-------------------+-------------------+-------------------+-------------------+


Encoding Type:  One-Hot
+-------------------------------------------------------------------------------------------------------------------+
; State Machine - |sdramTestbench|sdram:sdram_controller|sdram_new_sdram_controller_0:new_sdram_controller_0|i_next ;
+------------+------------+------------+------------+---------------------------------------------------------------+
; Name       ; i_next.111 ; i_next.101 ; i_next.010 ; i_next.000                                                    ;
+------------+------------+------------+------------+---------------------------------------------------------------+
; i_next.000 ; 0          ; 0          ; 0          ; 0                                                             ;
; i_next.010 ; 0          ; 0          ; 1          ; 1                                                             ;
; i_next.101 ; 0          ; 1          ; 0          ; 1                                                             ;
; i_next.111 ; 1          ; 0          ; 0          ; 1                                                             ;
+------------+------------+------------+------------+---------------------------------------------------------------+


Encoding Type:  One-Hot
+--------------------------------------------------------------------------------------------------------------------+
; State Machine - |sdramTestbench|sdram:sdram_controller|sdram_new_sdram_controller_0:new_sdram_controller_0|i_state ;
+-------------+-------------+-------------+-------------+-------------+-------------+--------------------------------+
; Name        ; i_state.111 ; i_state.101 ; i_state.011 ; i_state.010 ; i_state.001 ; i_state.000                    ;
+-------------+-------------+-------------+-------------+-------------+-------------+--------------------------------+
; i_state.000 ; 0           ; 0           ; 0           ; 0           ; 0           ; 0                              ;
; i_state.001 ; 0           ; 0           ; 0           ; 0           ; 1           ; 1                              ;
; i_state.010 ; 0           ; 0           ; 0           ; 1           ; 0           ; 1                              ;
; i_state.011 ; 0           ; 0           ; 1           ; 0           ; 0           ; 1                              ;
; i_state.101 ; 0           ; 1           ; 0           ; 0           ; 0           ; 1                              ;
; i_state.111 ; 1           ; 0           ; 0           ; 0           ; 0           ; 1                              ;
+-------------+-------------+-------------+-------------+-------------+-------------+--------------------------------+


+-----------------------------------------------------------------------------------------------------------------------------------------------------------------------------------------------------------------------------------------------------------------+
; Registers Protected by Synthesis                                                                                                                                                                                                                                ;
+-------------------------------------------------------------------------------------------------------------------------------------------------+------------------------------------------------------------------+--------------------------------------------+
; Register Name                                                                                                                                   ; Protected by Synthesis Attribute or Preserve Register Assignment ; Not to be Touched by Netlist Optimizations ;
+-------------------------------------------------------------------------------------------------------------------------------------------------+------------------------------------------------------------------+--------------------------------------------+
; sdram:sdram_controller|altera_reset_controller:rst_controller|altera_reset_synchronizer:alt_rst_sync_uq1|altera_reset_synchronizer_int_chain[0] ; yes                                                              ; yes                                        ;
; sdram:sdram_controller|altera_reset_controller:rst_controller|altera_reset_synchronizer:alt_rst_sync_uq1|altera_reset_synchronizer_int_chain[1] ; yes                                                              ; yes                                        ;
; Total number of protected registers is 2                                                                                                        ;                                                                  ;                                            ;
+-------------------------------------------------------------------------------------------------------------------------------------------------+------------------------------------------------------------------+--------------------------------------------+


+---------------------------------------------------------------------------------------------------------------------------------------------------------------------------------------------------------------------------------------------------------------------------------------------------------------------------------------------------------------------------------------------------------------------+
; Registers Removed During Synthesis                                                                                                                                                                                                                                                                                                                                                                                  ;
+-------------------------------------------------------------------------------------------------------------------------------------------------------------------------------------------------------------+-------------------------------------------------------------------------------------------------------------------------------------------------------------------------------------------------------+
; Register name                                                                                                                                                                                               ; Reason for Removal                                                                                                                                                                                    ;
+-------------------------------------------------------------------------------------------------------------------------------------------------------------------------------------------------------------+-------------------------------------------------------------------------------------------------------------------------------------------------------------------------------------------------------+
; sdramInterface:sdramIf|addr_reg[0..19,21..24]                                                                                                                                                               ; Stuck at GND due to stuck port data_in                                                                                                                                                                ;
; sdram:sdram_controller|sdram_new_sdram_controller_0:new_sdram_controller_0|i_addr[4,5]                                                                                                                      ; Stuck at VCC due to stuck port data_in                                                                                                                                                                ;
; sdramInterface:sdramIf|data_reg[0,2..5,7..15]                                                                                                                                                               ; Stuck at GND due to stuck port data_in                                                                                                                                                                ;
; sdram:sdram_controller|sdram_new_sdram_controller_0:new_sdram_controller_0|sdram_new_sdram_controller_0_input_efifo_module:the_sdram_new_sdram_controller_0_input_efifo_module|entry_0[0,2..5,7..37,39..42] ; Stuck at GND due to stuck port data_in                                                                                                                                                                ;
; sdram:sdram_controller|sdram_new_sdram_controller_0:new_sdram_controller_0|sdram_new_sdram_controller_0_input_efifo_module:the_sdram_new_sdram_controller_0_input_efifo_module|entry_1[0,2..5,7..37,39..42] ; Stuck at GND due to stuck port data_in                                                                                                                                                                ;
; sdram:sdram_controller|sdram_new_sdram_controller_0:new_sdram_controller_0|i_addr[0..3,6..11]                                                                                                               ; Merged with sdram:sdram_controller|sdram_new_sdram_controller_0:new_sdram_controller_0|i_addr[12]                                                                                                     ;
; sdram:sdram_controller|sdram_new_sdram_controller_0:new_sdram_controller_0|active_addr[1..19,21..24]                                                                                                        ; Merged with sdram:sdram_controller|sdram_new_sdram_controller_0:new_sdram_controller_0|active_addr[0]                                                                                                 ;
; sdram:sdram_controller|sdram_new_sdram_controller_0:new_sdram_controller_0|active_data[0,2..5,7..15]                                                                                                        ; Merged with sdram:sdram_controller|sdram_new_sdram_controller_0:new_sdram_controller_0|active_addr[0]                                                                                                 ;
; sdram:sdram_controller|sdram_new_sdram_controller_0:new_sdram_controller_0|active_dqm[0,1]                                                                                                                  ; Merged with sdram:sdram_controller|sdram_new_sdram_controller_0:new_sdram_controller_0|active_addr[0]                                                                                                 ;
; sdram:sdram_controller|sdram_new_sdram_controller_0:new_sdram_controller_0|active_data[6]                                                                                                                   ; Merged with sdram:sdram_controller|sdram_new_sdram_controller_0:new_sdram_controller_0|active_data[1]                                                                                                 ;
; sdram:sdram_controller|sdram_new_sdram_controller_0:new_sdram_controller_0|sdram_new_sdram_controller_0_input_efifo_module:the_sdram_new_sdram_controller_0_input_efifo_module|entry_0[6]                   ; Merged with sdram:sdram_controller|sdram_new_sdram_controller_0:new_sdram_controller_0|sdram_new_sdram_controller_0_input_efifo_module:the_sdram_new_sdram_controller_0_input_efifo_module|entry_0[1] ;
; sdram:sdram_controller|sdram_new_sdram_controller_0:new_sdram_controller_0|sdram_new_sdram_controller_0_input_efifo_module:the_sdram_new_sdram_controller_0_input_efifo_module|entry_1[6]                   ; Merged with sdram:sdram_controller|sdram_new_sdram_controller_0:new_sdram_controller_0|sdram_new_sdram_controller_0_input_efifo_module:the_sdram_new_sdram_controller_0_input_efifo_module|entry_1[1] ;
; sdramInterface:sdramIf|data_reg[6]                                                                                                                                                                          ; Merged with sdramInterface:sdramIf|data_reg[1]                                                                                                                                                        ;
; sdram:sdram_controller|sdram_new_sdram_controller_0:new_sdram_controller_0|active_addr[0]                                                                                                                   ; Stuck at GND due to stuck port data_in                                                                                                                                                                ;
; sdram:sdram_controller|sdram_new_sdram_controller_0:new_sdram_controller_0|m_bank[0,1]                                                                                                                      ; Stuck at GND due to stuck port data_in                                                                                                                                                                ;
; sdram:sdram_controller|sdram_new_sdram_controller_0:new_sdram_controller_0|m_dqm[0,1]                                                                                                                       ; Stuck at GND due to stuck port data_in                                                                                                                                                                ;
; sdram:sdram_controller|sdram_new_sdram_controller_0:new_sdram_controller_0|m_data[0,2..5,7..15]                                                                                                             ; Stuck at GND due to stuck port data_in                                                                                                                                                                ;
; current_test_state~4                                                                                                                                                                                        ; Lost fanout                                                                                                                                                                                           ;
; current_test_state~5                                                                                                                                                                                        ; Lost fanout                                                                                                                                                                                           ;
; current_test_state~6                                                                                                                                                                                        ; Lost fanout                                                                                                                                                                                           ;
; sdramInterface:sdramIf|current_state~4                                                                                                                                                                      ; Lost fanout                                                                                                                                                                                           ;
; sdramInterface:sdramIf|current_state~5                                                                                                                                                                      ; Lost fanout                                                                                                                                                                                           ;
; sdramInterface:sdramIf|current_state~6                                                                                                                                                                      ; Lost fanout                                                                                                                                                                                           ;
; sdram:sdram_controller|sdram_new_sdram_controller_0:new_sdram_controller_0|m_next~9                                                                                                                         ; Lost fanout                                                                                                                                                                                           ;
; sdram:sdram_controller|sdram_new_sdram_controller_0:new_sdram_controller_0|m_next~10                                                                                                                        ; Lost fanout                                                                                                                                                                                           ;
; sdram:sdram_controller|sdram_new_sdram_controller_0:new_sdram_controller_0|m_next~13                                                                                                                        ; Lost fanout                                                                                                                                                                                           ;
; sdram:sdram_controller|sdram_new_sdram_controller_0:new_sdram_controller_0|m_next~14                                                                                                                        ; Lost fanout                                                                                                                                                                                           ;
; sdram:sdram_controller|sdram_new_sdram_controller_0:new_sdram_controller_0|m_next~16                                                                                                                        ; Lost fanout                                                                                                                                                                                           ;
; sdram:sdram_controller|sdram_new_sdram_controller_0:new_sdram_controller_0|i_next~4                                                                                                                         ; Lost fanout                                                                                                                                                                                           ;
; sdram:sdram_controller|sdram_new_sdram_controller_0:new_sdram_controller_0|i_next~5                                                                                                                         ; Lost fanout                                                                                                                                                                                           ;
; sdram:sdram_controller|sdram_new_sdram_controller_0:new_sdram_controller_0|i_next~6                                                                                                                         ; Lost fanout                                                                                                                                                                                           ;
; sdram:sdram_controller|sdram_new_sdram_controller_0:new_sdram_controller_0|i_state~14                                                                                                                       ; Lost fanout                                                                                                                                                                                           ;
; sdram:sdram_controller|sdram_new_sdram_controller_0:new_sdram_controller_0|i_state~15                                                                                                                       ; Lost fanout                                                                                                                                                                                           ;
; sdram:sdram_controller|sdram_new_sdram_controller_0:new_sdram_controller_0|i_state~16                                                                                                                       ; Lost fanout                                                                                                                                                                                           ;
; sdramInterface:sdramIf|operation_done_reg                                                                                                                                                                   ; Merged with sdramInterface:sdramIf|current_state.DONE                                                                                                                                                 ;
; current_test_state.DISPLAY                                                                                                                                                                                  ; Lost fanout                                                                                                                                                                                           ;
; Total Number of Removed Registers = 211                                                                                                                                                                     ;                                                                                                                                                                                                       ;
+-------------------------------------------------------------------------------------------------------------------------------------------------------------------------------------------------------------+-------------------------------------------------------------------------------------------------------------------------------------------------------------------------------------------------------+


+----------------------------------------------------------------------------------------------------------------------------------------------------------------------------------------------------------------------------------------------------------------------------------------------------------------------------------------------------------------------------------------------------------------------+
; Removed Registers Triggering Further Register Optimizations                                                                                                                                                                                                                                                                                                                                                          ;
+--------------------------------------------------------------------------------------------------------------------------------------------------------------------------------------------+---------------------------+---------------------------------------------------------------------------------------------------------------------------------------------------------------------------------------------+
; Register name                                                                                                                                                                              ; Reason for Removal        ; Registers Removed due to This Register                                                                                                                                                      ;
+--------------------------------------------------------------------------------------------------------------------------------------------------------------------------------------------+---------------------------+---------------------------------------------------------------------------------------------------------------------------------------------------------------------------------------------+
; sdramInterface:sdramIf|addr_reg[11]                                                                                                                                                        ; Stuck at GND              ; sdram:sdram_controller|sdram_new_sdram_controller_0:new_sdram_controller_0|sdram_new_sdram_controller_0_input_efifo_module:the_sdram_new_sdram_controller_0_input_efifo_module|entry_0[29], ;
;                                                                                                                                                                                            ; due to stuck port data_in ; sdram:sdram_controller|sdram_new_sdram_controller_0:new_sdram_controller_0|sdram_new_sdram_controller_0_input_efifo_module:the_sdram_new_sdram_controller_0_input_efifo_module|entry_1[29], ;
;                                                                                                                                                                                            ;                           ; sdram:sdram_controller|sdram_new_sdram_controller_0:new_sdram_controller_0|active_addr[0],                                                                                                  ;
;                                                                                                                                                                                            ;                           ; sdram:sdram_controller|sdram_new_sdram_controller_0:new_sdram_controller_0|m_bank[1]                                                                                                        ;
; sdramInterface:sdramIf|addr_reg[10]                                                                                                                                                        ; Stuck at GND              ; sdram:sdram_controller|sdram_new_sdram_controller_0:new_sdram_controller_0|sdram_new_sdram_controller_0_input_efifo_module:the_sdram_new_sdram_controller_0_input_efifo_module|entry_0[28], ;
;                                                                                                                                                                                            ; due to stuck port data_in ; sdram:sdram_controller|sdram_new_sdram_controller_0:new_sdram_controller_0|sdram_new_sdram_controller_0_input_efifo_module:the_sdram_new_sdram_controller_0_input_efifo_module|entry_1[28], ;
;                                                                                                                                                                                            ;                           ; sdram:sdram_controller|sdram_new_sdram_controller_0:new_sdram_controller_0|m_bank[0]                                                                                                        ;
; sdramInterface:sdramIf|data_reg[15]                                                                                                                                                        ; Stuck at GND              ; sdram:sdram_controller|sdram_new_sdram_controller_0:new_sdram_controller_0|sdram_new_sdram_controller_0_input_efifo_module:the_sdram_new_sdram_controller_0_input_efifo_module|entry_0[15], ;
;                                                                                                                                                                                            ; due to stuck port data_in ; sdram:sdram_controller|sdram_new_sdram_controller_0:new_sdram_controller_0|sdram_new_sdram_controller_0_input_efifo_module:the_sdram_new_sdram_controller_0_input_efifo_module|entry_1[15], ;
;                                                                                                                                                                                            ;                           ; sdram:sdram_controller|sdram_new_sdram_controller_0:new_sdram_controller_0|m_data[15]                                                                                                       ;
; sdramInterface:sdramIf|data_reg[14]                                                                                                                                                        ; Stuck at GND              ; sdram:sdram_controller|sdram_new_sdram_controller_0:new_sdram_controller_0|sdram_new_sdram_controller_0_input_efifo_module:the_sdram_new_sdram_controller_0_input_efifo_module|entry_0[14], ;
;                                                                                                                                                                                            ; due to stuck port data_in ; sdram:sdram_controller|sdram_new_sdram_controller_0:new_sdram_controller_0|sdram_new_sdram_controller_0_input_efifo_module:the_sdram_new_sdram_controller_0_input_efifo_module|entry_1[14], ;
;                                                                                                                                                                                            ;                           ; sdram:sdram_controller|sdram_new_sdram_controller_0:new_sdram_controller_0|m_data[14]                                                                                                       ;
; sdramInterface:sdramIf|data_reg[13]                                                                                                                                                        ; Stuck at GND              ; sdram:sdram_controller|sdram_new_sdram_controller_0:new_sdram_controller_0|sdram_new_sdram_controller_0_input_efifo_module:the_sdram_new_sdram_controller_0_input_efifo_module|entry_0[13], ;
;                                                                                                                                                                                            ; due to stuck port data_in ; sdram:sdram_controller|sdram_new_sdram_controller_0:new_sdram_controller_0|sdram_new_sdram_controller_0_input_efifo_module:the_sdram_new_sdram_controller_0_input_efifo_module|entry_1[13], ;
;                                                                                                                                                                                            ;                           ; sdram:sdram_controller|sdram_new_sdram_controller_0:new_sdram_controller_0|m_data[13]                                                                                                       ;
; sdramInterface:sdramIf|data_reg[12]                                                                                                                                                        ; Stuck at GND              ; sdram:sdram_controller|sdram_new_sdram_controller_0:new_sdram_controller_0|sdram_new_sdram_controller_0_input_efifo_module:the_sdram_new_sdram_controller_0_input_efifo_module|entry_0[12], ;
;                                                                                                                                                                                            ; due to stuck port data_in ; sdram:sdram_controller|sdram_new_sdram_controller_0:new_sdram_controller_0|sdram_new_sdram_controller_0_input_efifo_module:the_sdram_new_sdram_controller_0_input_efifo_module|entry_1[12], ;
;                                                                                                                                                                                            ;                           ; sdram:sdram_controller|sdram_new_sdram_controller_0:new_sdram_controller_0|m_data[12]                                                                                                       ;
; sdramInterface:sdramIf|data_reg[11]                                                                                                                                                        ; Stuck at GND              ; sdram:sdram_controller|sdram_new_sdram_controller_0:new_sdram_controller_0|sdram_new_sdram_controller_0_input_efifo_module:the_sdram_new_sdram_controller_0_input_efifo_module|entry_0[11], ;
;                                                                                                                                                                                            ; due to stuck port data_in ; sdram:sdram_controller|sdram_new_sdram_controller_0:new_sdram_controller_0|sdram_new_sdram_controller_0_input_efifo_module:the_sdram_new_sdram_controller_0_input_efifo_module|entry_1[11], ;
;                                                                                                                                                                                            ;                           ; sdram:sdram_controller|sdram_new_sdram_controller_0:new_sdram_controller_0|m_data[11]                                                                                                       ;
; sdramInterface:sdramIf|data_reg[10]                                                                                                                                                        ; Stuck at GND              ; sdram:sdram_controller|sdram_new_sdram_controller_0:new_sdram_controller_0|sdram_new_sdram_controller_0_input_efifo_module:the_sdram_new_sdram_controller_0_input_efifo_module|entry_0[10], ;
;                                                                                                                                                                                            ; due to stuck port data_in ; sdram:sdram_controller|sdram_new_sdram_controller_0:new_sdram_controller_0|sdram_new_sdram_controller_0_input_efifo_module:the_sdram_new_sdram_controller_0_input_efifo_module|entry_1[10], ;
;                                                                                                                                                                                            ;                           ; sdram:sdram_controller|sdram_new_sdram_controller_0:new_sdram_controller_0|m_data[10]                                                                                                       ;
; sdramInterface:sdramIf|data_reg[9]                                                                                                                                                         ; Stuck at GND              ; sdram:sdram_controller|sdram_new_sdram_controller_0:new_sdram_controller_0|sdram_new_sdram_controller_0_input_efifo_module:the_sdram_new_sdram_controller_0_input_efifo_module|entry_0[9],  ;
;                                                                                                                                                                                            ; due to stuck port data_in ; sdram:sdram_controller|sdram_new_sdram_controller_0:new_sdram_controller_0|sdram_new_sdram_controller_0_input_efifo_module:the_sdram_new_sdram_controller_0_input_efifo_module|entry_1[9],  ;
;                                                                                                                                                                                            ;                           ; sdram:sdram_controller|sdram_new_sdram_controller_0:new_sdram_controller_0|m_data[9]                                                                                                        ;
; sdramInterface:sdramIf|data_reg[8]                                                                                                                                                         ; Stuck at GND              ; sdram:sdram_controller|sdram_new_sdram_controller_0:new_sdram_controller_0|sdram_new_sdram_controller_0_input_efifo_module:the_sdram_new_sdram_controller_0_input_efifo_module|entry_0[8],  ;
;                                                                                                                                                                                            ; due to stuck port data_in ; sdram:sdram_controller|sdram_new_sdram_controller_0:new_sdram_controller_0|sdram_new_sdram_controller_0_input_efifo_module:the_sdram_new_sdram_controller_0_input_efifo_module|entry_1[8],  ;
;                                                                                                                                                                                            ;                           ; sdram:sdram_controller|sdram_new_sdram_controller_0:new_sdram_controller_0|m_data[8]                                                                                                        ;
; sdramInterface:sdramIf|data_reg[7]                                                                                                                                                         ; Stuck at GND              ; sdram:sdram_controller|sdram_new_sdram_controller_0:new_sdram_controller_0|sdram_new_sdram_controller_0_input_efifo_module:the_sdram_new_sdram_controller_0_input_efifo_module|entry_0[7],  ;
;                                                                                                                                                                                            ; due to stuck port data_in ; sdram:sdram_controller|sdram_new_sdram_controller_0:new_sdram_controller_0|sdram_new_sdram_controller_0_input_efifo_module:the_sdram_new_sdram_controller_0_input_efifo_module|entry_1[7],  ;
;                                                                                                                                                                                            ;                           ; sdram:sdram_controller|sdram_new_sdram_controller_0:new_sdram_controller_0|m_data[7]                                                                                                        ;
; sdramInterface:sdramIf|data_reg[5]                                                                                                                                                         ; Stuck at GND              ; sdram:sdram_controller|sdram_new_sdram_controller_0:new_sdram_controller_0|sdram_new_sdram_controller_0_input_efifo_module:the_sdram_new_sdram_controller_0_input_efifo_module|entry_0[5],  ;
;                                                                                                                                                                                            ; due to stuck port data_in ; sdram:sdram_controller|sdram_new_sdram_controller_0:new_sdram_controller_0|sdram_new_sdram_controller_0_input_efifo_module:the_sdram_new_sdram_controller_0_input_efifo_module|entry_1[5],  ;
;                                                                                                                                                                                            ;                           ; sdram:sdram_controller|sdram_new_sdram_controller_0:new_sdram_controller_0|m_data[5]                                                                                                        ;
; sdramInterface:sdramIf|data_reg[4]                                                                                                                                                         ; Stuck at GND              ; sdram:sdram_controller|sdram_new_sdram_controller_0:new_sdram_controller_0|sdram_new_sdram_controller_0_input_efifo_module:the_sdram_new_sdram_controller_0_input_efifo_module|entry_0[4],  ;
;                                                                                                                                                                                            ; due to stuck port data_in ; sdram:sdram_controller|sdram_new_sdram_controller_0:new_sdram_controller_0|sdram_new_sdram_controller_0_input_efifo_module:the_sdram_new_sdram_controller_0_input_efifo_module|entry_1[4],  ;
;                                                                                                                                                                                            ;                           ; sdram:sdram_controller|sdram_new_sdram_controller_0:new_sdram_controller_0|m_data[4]                                                                                                        ;
; sdramInterface:sdramIf|data_reg[3]                                                                                                                                                         ; Stuck at GND              ; sdram:sdram_controller|sdram_new_sdram_controller_0:new_sdram_controller_0|sdram_new_sdram_controller_0_input_efifo_module:the_sdram_new_sdram_controller_0_input_efifo_module|entry_0[3],  ;
;                                                                                                                                                                                            ; due to stuck port data_in ; sdram:sdram_controller|sdram_new_sdram_controller_0:new_sdram_controller_0|sdram_new_sdram_controller_0_input_efifo_module:the_sdram_new_sdram_controller_0_input_efifo_module|entry_1[3],  ;
;                                                                                                                                                                                            ;                           ; sdram:sdram_controller|sdram_new_sdram_controller_0:new_sdram_controller_0|m_data[3]                                                                                                        ;
; sdramInterface:sdramIf|data_reg[2]                                                                                                                                                         ; Stuck at GND              ; sdram:sdram_controller|sdram_new_sdram_controller_0:new_sdram_controller_0|sdram_new_sdram_controller_0_input_efifo_module:the_sdram_new_sdram_controller_0_input_efifo_module|entry_0[2],  ;
;                                                                                                                                                                                            ; due to stuck port data_in ; sdram:sdram_controller|sdram_new_sdram_controller_0:new_sdram_controller_0|sdram_new_sdram_controller_0_input_efifo_module:the_sdram_new_sdram_controller_0_input_efifo_module|entry_1[2],  ;
;                                                                                                                                                                                            ;                           ; sdram:sdram_controller|sdram_new_sdram_controller_0:new_sdram_controller_0|m_data[2]                                                                                                        ;
; sdramInterface:sdramIf|data_reg[0]                                                                                                                                                         ; Stuck at GND              ; sdram:sdram_controller|sdram_new_sdram_controller_0:new_sdram_controller_0|sdram_new_sdram_controller_0_input_efifo_module:the_sdram_new_sdram_controller_0_input_efifo_module|entry_0[0],  ;
;                                                                                                                                                                                            ; due to stuck port data_in ; sdram:sdram_controller|sdram_new_sdram_controller_0:new_sdram_controller_0|sdram_new_sdram_controller_0_input_efifo_module:the_sdram_new_sdram_controller_0_input_efifo_module|entry_1[0],  ;
;                                                                                                                                                                                            ;                           ; sdram:sdram_controller|sdram_new_sdram_controller_0:new_sdram_controller_0|m_data[0]                                                                                                        ;
; sdramInterface:sdramIf|addr_reg[7]                                                                                                                                                         ; Stuck at GND              ; sdram:sdram_controller|sdram_new_sdram_controller_0:new_sdram_controller_0|sdram_new_sdram_controller_0_input_efifo_module:the_sdram_new_sdram_controller_0_input_efifo_module|entry_0[25], ;
;                                                                                                                                                                                            ; due to stuck port data_in ; sdram:sdram_controller|sdram_new_sdram_controller_0:new_sdram_controller_0|sdram_new_sdram_controller_0_input_efifo_module:the_sdram_new_sdram_controller_0_input_efifo_module|entry_1[25]  ;
; sdramInterface:sdramIf|addr_reg[6]                                                                                                                                                         ; Stuck at GND              ; sdram:sdram_controller|sdram_new_sdram_controller_0:new_sdram_controller_0|sdram_new_sdram_controller_0_input_efifo_module:the_sdram_new_sdram_controller_0_input_efifo_module|entry_0[24], ;
;                                                                                                                                                                                            ; due to stuck port data_in ; sdram:sdram_controller|sdram_new_sdram_controller_0:new_sdram_controller_0|sdram_new_sdram_controller_0_input_efifo_module:the_sdram_new_sdram_controller_0_input_efifo_module|entry_1[24]  ;
; sdramInterface:sdramIf|addr_reg[5]                                                                                                                                                         ; Stuck at GND              ; sdram:sdram_controller|sdram_new_sdram_controller_0:new_sdram_controller_0|sdram_new_sdram_controller_0_input_efifo_module:the_sdram_new_sdram_controller_0_input_efifo_module|entry_0[23], ;
;                                                                                                                                                                                            ; due to stuck port data_in ; sdram:sdram_controller|sdram_new_sdram_controller_0:new_sdram_controller_0|sdram_new_sdram_controller_0_input_efifo_module:the_sdram_new_sdram_controller_0_input_efifo_module|entry_1[23]  ;
; sdramInterface:sdramIf|addr_reg[4]                                                                                                                                                         ; Stuck at GND              ; sdram:sdram_controller|sdram_new_sdram_controller_0:new_sdram_controller_0|sdram_new_sdram_controller_0_input_efifo_module:the_sdram_new_sdram_controller_0_input_efifo_module|entry_0[22], ;
;                                                                                                                                                                                            ; due to stuck port data_in ; sdram:sdram_controller|sdram_new_sdram_controller_0:new_sdram_controller_0|sdram_new_sdram_controller_0_input_efifo_module:the_sdram_new_sdram_controller_0_input_efifo_module|entry_1[22]  ;
; sdramInterface:sdramIf|addr_reg[3]                                                                                                                                                         ; Stuck at GND              ; sdram:sdram_controller|sdram_new_sdram_controller_0:new_sdram_controller_0|sdram_new_sdram_controller_0_input_efifo_module:the_sdram_new_sdram_controller_0_input_efifo_module|entry_0[21], ;
;                                                                                                                                                                                            ; due to stuck port data_in ; sdram:sdram_controller|sdram_new_sdram_controller_0:new_sdram_controller_0|sdram_new_sdram_controller_0_input_efifo_module:the_sdram_new_sdram_controller_0_input_efifo_module|entry_1[21]  ;
; sdramInterface:sdramIf|addr_reg[2]                                                                                                                                                         ; Stuck at GND              ; sdram:sdram_controller|sdram_new_sdram_controller_0:new_sdram_controller_0|sdram_new_sdram_controller_0_input_efifo_module:the_sdram_new_sdram_controller_0_input_efifo_module|entry_0[20], ;
;                                                                                                                                                                                            ; due to stuck port data_in ; sdram:sdram_controller|sdram_new_sdram_controller_0:new_sdram_controller_0|sdram_new_sdram_controller_0_input_efifo_module:the_sdram_new_sdram_controller_0_input_efifo_module|entry_1[20]  ;
; sdramInterface:sdramIf|addr_reg[1]                                                                                                                                                         ; Stuck at GND              ; sdram:sdram_controller|sdram_new_sdram_controller_0:new_sdram_controller_0|sdram_new_sdram_controller_0_input_efifo_module:the_sdram_new_sdram_controller_0_input_efifo_module|entry_0[19], ;
;                                                                                                                                                                                            ; due to stuck port data_in ; sdram:sdram_controller|sdram_new_sdram_controller_0:new_sdram_controller_0|sdram_new_sdram_controller_0_input_efifo_module:the_sdram_new_sdram_controller_0_input_efifo_module|entry_1[19]  ;
; sdramInterface:sdramIf|addr_reg[0]                                                                                                                                                         ; Stuck at GND              ; sdram:sdram_controller|sdram_new_sdram_controller_0:new_sdram_controller_0|sdram_new_sdram_controller_0_input_efifo_module:the_sdram_new_sdram_controller_0_input_efifo_module|entry_0[18], ;
;                                                                                                                                                                                            ; due to stuck port data_in ; sdram:sdram_controller|sdram_new_sdram_controller_0:new_sdram_controller_0|sdram_new_sdram_controller_0_input_efifo_module:the_sdram_new_sdram_controller_0_input_efifo_module|entry_1[18]  ;
; sdramInterface:sdramIf|addr_reg[24]                                                                                                                                                        ; Stuck at GND              ; sdram:sdram_controller|sdram_new_sdram_controller_0:new_sdram_controller_0|sdram_new_sdram_controller_0_input_efifo_module:the_sdram_new_sdram_controller_0_input_efifo_module|entry_0[42], ;
;                                                                                                                                                                                            ; due to stuck port data_in ; sdram:sdram_controller|sdram_new_sdram_controller_0:new_sdram_controller_0|sdram_new_sdram_controller_0_input_efifo_module:the_sdram_new_sdram_controller_0_input_efifo_module|entry_1[42]  ;
; sdramInterface:sdramIf|addr_reg[23]                                                                                                                                                        ; Stuck at GND              ; sdram:sdram_controller|sdram_new_sdram_controller_0:new_sdram_controller_0|sdram_new_sdram_controller_0_input_efifo_module:the_sdram_new_sdram_controller_0_input_efifo_module|entry_0[41], ;
;                                                                                                                                                                                            ; due to stuck port data_in ; sdram:sdram_controller|sdram_new_sdram_controller_0:new_sdram_controller_0|sdram_new_sdram_controller_0_input_efifo_module:the_sdram_new_sdram_controller_0_input_efifo_module|entry_1[41]  ;
; sdramInterface:sdramIf|addr_reg[22]                                                                                                                                                        ; Stuck at GND              ; sdram:sdram_controller|sdram_new_sdram_controller_0:new_sdram_controller_0|sdram_new_sdram_controller_0_input_efifo_module:the_sdram_new_sdram_controller_0_input_efifo_module|entry_0[40], ;
;                                                                                                                                                                                            ; due to stuck port data_in ; sdram:sdram_controller|sdram_new_sdram_controller_0:new_sdram_controller_0|sdram_new_sdram_controller_0_input_efifo_module:the_sdram_new_sdram_controller_0_input_efifo_module|entry_1[40]  ;
; sdramInterface:sdramIf|addr_reg[21]                                                                                                                                                        ; Stuck at GND              ; sdram:sdram_controller|sdram_new_sdram_controller_0:new_sdram_controller_0|sdram_new_sdram_controller_0_input_efifo_module:the_sdram_new_sdram_controller_0_input_efifo_module|entry_0[39], ;
;                                                                                                                                                                                            ; due to stuck port data_in ; sdram:sdram_controller|sdram_new_sdram_controller_0:new_sdram_controller_0|sdram_new_sdram_controller_0_input_efifo_module:the_sdram_new_sdram_controller_0_input_efifo_module|entry_1[39]  ;
; sdramInterface:sdramIf|addr_reg[19]                                                                                                                                                        ; Stuck at GND              ; sdram:sdram_controller|sdram_new_sdram_controller_0:new_sdram_controller_0|sdram_new_sdram_controller_0_input_efifo_module:the_sdram_new_sdram_controller_0_input_efifo_module|entry_0[37], ;
;                                                                                                                                                                                            ; due to stuck port data_in ; sdram:sdram_controller|sdram_new_sdram_controller_0:new_sdram_controller_0|sdram_new_sdram_controller_0_input_efifo_module:the_sdram_new_sdram_controller_0_input_efifo_module|entry_1[37]  ;
; sdramInterface:sdramIf|addr_reg[18]                                                                                                                                                        ; Stuck at GND              ; sdram:sdram_controller|sdram_new_sdram_controller_0:new_sdram_controller_0|sdram_new_sdram_controller_0_input_efifo_module:the_sdram_new_sdram_controller_0_input_efifo_module|entry_0[36], ;
;                                                                                                                                                                                            ; due to stuck port data_in ; sdram:sdram_controller|sdram_new_sdram_controller_0:new_sdram_controller_0|sdram_new_sdram_controller_0_input_efifo_module:the_sdram_new_sdram_controller_0_input_efifo_module|entry_1[36]  ;
; sdramInterface:sdramIf|addr_reg[17]                                                                                                                                                        ; Stuck at GND              ; sdram:sdram_controller|sdram_new_sdram_controller_0:new_sdram_controller_0|sdram_new_sdram_controller_0_input_efifo_module:the_sdram_new_sdram_controller_0_input_efifo_module|entry_0[35], ;
;                                                                                                                                                                                            ; due to stuck port data_in ; sdram:sdram_controller|sdram_new_sdram_controller_0:new_sdram_controller_0|sdram_new_sdram_controller_0_input_efifo_module:the_sdram_new_sdram_controller_0_input_efifo_module|entry_1[35]  ;
; sdramInterface:sdramIf|addr_reg[16]                                                                                                                                                        ; Stuck at GND              ; sdram:sdram_controller|sdram_new_sdram_controller_0:new_sdram_controller_0|sdram_new_sdram_controller_0_input_efifo_module:the_sdram_new_sdram_controller_0_input_efifo_module|entry_0[34], ;
;                                                                                                                                                                                            ; due to stuck port data_in ; sdram:sdram_controller|sdram_new_sdram_controller_0:new_sdram_controller_0|sdram_new_sdram_controller_0_input_efifo_module:the_sdram_new_sdram_controller_0_input_efifo_module|entry_1[34]  ;
; sdramInterface:sdramIf|addr_reg[15]                                                                                                                                                        ; Stuck at GND              ; sdram:sdram_controller|sdram_new_sdram_controller_0:new_sdram_controller_0|sdram_new_sdram_controller_0_input_efifo_module:the_sdram_new_sdram_controller_0_input_efifo_module|entry_0[33], ;
;                                                                                                                                                                                            ; due to stuck port data_in ; sdram:sdram_controller|sdram_new_sdram_controller_0:new_sdram_controller_0|sdram_new_sdram_controller_0_input_efifo_module:the_sdram_new_sdram_controller_0_input_efifo_module|entry_1[33]  ;
; sdramInterface:sdramIf|addr_reg[14]                                                                                                                                                        ; Stuck at GND              ; sdram:sdram_controller|sdram_new_sdram_controller_0:new_sdram_controller_0|sdram_new_sdram_controller_0_input_efifo_module:the_sdram_new_sdram_controller_0_input_efifo_module|entry_0[32], ;
;                                                                                                                                                                                            ; due to stuck port data_in ; sdram:sdram_controller|sdram_new_sdram_controller_0:new_sdram_controller_0|sdram_new_sdram_controller_0_input_efifo_module:the_sdram_new_sdram_controller_0_input_efifo_module|entry_1[32]  ;
; sdramInterface:sdramIf|addr_reg[13]                                                                                                                                                        ; Stuck at GND              ; sdram:sdram_controller|sdram_new_sdram_controller_0:new_sdram_controller_0|sdram_new_sdram_controller_0_input_efifo_module:the_sdram_new_sdram_controller_0_input_efifo_module|entry_0[31], ;
;                                                                                                                                                                                            ; due to stuck port data_in ; sdram:sdram_controller|sdram_new_sdram_controller_0:new_sdram_controller_0|sdram_new_sdram_controller_0_input_efifo_module:the_sdram_new_sdram_controller_0_input_efifo_module|entry_1[31]  ;
; sdramInterface:sdramIf|addr_reg[12]                                                                                                                                                        ; Stuck at GND              ; sdram:sdram_controller|sdram_new_sdram_controller_0:new_sdram_controller_0|sdram_new_sdram_controller_0_input_efifo_module:the_sdram_new_sdram_controller_0_input_efifo_module|entry_0[30], ;
;                                                                                                                                                                                            ; due to stuck port data_in ; sdram:sdram_controller|sdram_new_sdram_controller_0:new_sdram_controller_0|sdram_new_sdram_controller_0_input_efifo_module:the_sdram_new_sdram_controller_0_input_efifo_module|entry_1[30]  ;
; sdramInterface:sdramIf|addr_reg[9]                                                                                                                                                         ; Stuck at GND              ; sdram:sdram_controller|sdram_new_sdram_controller_0:new_sdram_controller_0|sdram_new_sdram_controller_0_input_efifo_module:the_sdram_new_sdram_controller_0_input_efifo_module|entry_0[27], ;
;                                                                                                                                                                                            ; due to stuck port data_in ; sdram:sdram_controller|sdram_new_sdram_controller_0:new_sdram_controller_0|sdram_new_sdram_controller_0_input_efifo_module:the_sdram_new_sdram_controller_0_input_efifo_module|entry_1[27]  ;
; sdramInterface:sdramIf|addr_reg[8]                                                                                                                                                         ; Stuck at GND              ; sdram:sdram_controller|sdram_new_sdram_controller_0:new_sdram_controller_0|sdram_new_sdram_controller_0_input_efifo_module:the_sdram_new_sdram_controller_0_input_efifo_module|entry_0[26], ;
;                                                                                                                                                                                            ; due to stuck port data_in ; sdram:sdram_controller|sdram_new_sdram_controller_0:new_sdram_controller_0|sdram_new_sdram_controller_0_input_efifo_module:the_sdram_new_sdram_controller_0_input_efifo_module|entry_1[26]  ;
; sdram:sdram_controller|sdram_new_sdram_controller_0:new_sdram_controller_0|sdram_new_sdram_controller_0_input_efifo_module:the_sdram_new_sdram_controller_0_input_efifo_module|entry_0[16] ; Stuck at GND              ; sdram:sdram_controller|sdram_new_sdram_controller_0:new_sdram_controller_0|m_dqm[0]                                                                                                         ;
;                                                                                                                                                                                            ; due to stuck port data_in ;                                                                                                                                                                                             ;
; sdram:sdram_controller|sdram_new_sdram_controller_0:new_sdram_controller_0|sdram_new_sdram_controller_0_input_efifo_module:the_sdram_new_sdram_controller_0_input_efifo_module|entry_0[17] ; Stuck at GND              ; sdram:sdram_controller|sdram_new_sdram_controller_0:new_sdram_controller_0|m_dqm[1]                                                                                                         ;
;                                                                                                                                                                                            ; due to stuck port data_in ;                                                                                                                                                                                             ;
+--------------------------------------------------------------------------------------------------------------------------------------------------------------------------------------------+---------------------------+---------------------------------------------------------------------------------------------------------------------------------------------------------------------------------------------+


+------------------------------------------------------+
; General Register Statistics                          ;
+----------------------------------------------+-------+
; Statistic                                    ; Value ;
+----------------------------------------------+-------+
; Total registers                              ; 164   ;
; Number of registers using Synchronous Clear  ; 1     ;
; Number of registers using Synchronous Load   ; 26    ;
; Number of registers using Asynchronous Clear ; 151   ;
; Number of registers using Asynchronous Load  ; 0     ;
; Number of registers using Clock Enable       ; 41    ;
; Number of registers using Preset             ; 0     ;
+----------------------------------------------+-------+


+------------------------------------------------------------------------------------------------------------------------------------------------------------+
; Inverted Register Statistics                                                                                                                               ;
+--------------------------------------------------------------------------------------------------------------------------------------------------+---------+
; Inverted Register                                                                                                                                ; Fan out ;
+--------------------------------------------------------------------------------------------------------------------------------------------------+---------+
; sdram:sdram_controller|sdram_new_sdram_controller_0:new_sdram_controller_0|m_cmd[1]                                                              ; 2       ;
; sdram:sdram_controller|sdram_new_sdram_controller_0:new_sdram_controller_0|m_cmd[3]                                                              ; 1       ;
; sdram:sdram_controller|sdram_new_sdram_controller_0:new_sdram_controller_0|m_cmd[2]                                                              ; 2       ;
; sdram:sdram_controller|sdram_new_sdram_controller_0:new_sdram_controller_0|m_cmd[0]                                                              ; 2       ;
; sdram:sdram_controller|sdram_new_sdram_controller_0:new_sdram_controller_0|i_addr[12]                                                            ; 3       ;
; sdram:sdram_controller|altera_reset_controller:rst_controller|altera_reset_synchronizer:alt_rst_sync_uq1|altera_reset_synchronizer_int_chain_out ; 95      ;
; sdram:sdram_controller|sdram_new_sdram_controller_0:new_sdram_controller_0|i_cmd[1]                                                              ; 2       ;
; sdram:sdram_controller|sdram_new_sdram_controller_0:new_sdram_controller_0|i_cmd[3]                                                              ; 2       ;
; sdram:sdram_controller|sdram_new_sdram_controller_0:new_sdram_controller_0|i_cmd[2]                                                              ; 2       ;
; sdram:sdram_controller|sdram_new_sdram_controller_0:new_sdram_controller_0|i_cmd[0]                                                              ; 2       ;
; sdram:sdram_controller|altera_reset_controller:rst_controller|altera_reset_synchronizer:alt_rst_sync_uq1|altera_reset_synchronizer_int_chain[0]  ; 1       ;
; sdram:sdram_controller|sdram_new_sdram_controller_0:new_sdram_controller_0|refresh_counter[2]                                                    ; 12      ;
; sdram:sdram_controller|sdram_new_sdram_controller_0:new_sdram_controller_0|refresh_counter[13]                                                   ; 2       ;
; sdram:sdram_controller|sdram_new_sdram_controller_0:new_sdram_controller_0|refresh_counter[12]                                                   ; 2       ;
; sdram:sdram_controller|sdram_new_sdram_controller_0:new_sdram_controller_0|refresh_counter[10]                                                   ; 2       ;
; sdram:sdram_controller|sdram_new_sdram_controller_0:new_sdram_controller_0|refresh_counter[9]                                                    ; 2       ;
; sdram:sdram_controller|sdram_new_sdram_controller_0:new_sdram_controller_0|refresh_counter[8]                                                    ; 2       ;
; sdram:sdram_controller|sdram_new_sdram_controller_0:new_sdram_controller_0|refresh_counter[7]                                                    ; 2       ;
; sdram:sdram_controller|sdram_new_sdram_controller_0:new_sdram_controller_0|refresh_counter[6]                                                    ; 2       ;
; sdram:sdram_controller|sdram_new_sdram_controller_0:new_sdram_controller_0|refresh_counter[4]                                                    ; 2       ;
; sdram:sdram_controller|sdram_new_sdram_controller_0:new_sdram_controller_0|refresh_counter[3]                                                    ; 2       ;
; sdram:sdram_controller|altera_reset_controller:rst_controller|altera_reset_synchronizer:alt_rst_sync_uq1|altera_reset_synchronizer_int_chain[1]  ; 1       ;
; Total number of inverted registers = 22                                                                                                          ;         ;
+--------------------------------------------------------------------------------------------------------------------------------------------------+---------+


+-------------------------------------------------------------------------------------------------------------------------------------------------------------------------------------------------------------------------------------------------------------------------------------------------------------------------+
; Multiplexer Restructuring Statistics (Restructuring Performed)                                                                                                                                                                                                                                                          ;
+--------------------+-----------+---------------+----------------------+------------------------+------------+-----------------------------------------------------------------------------------------------------------------------------------------------------------------------------------------------------------+
; Multiplexer Inputs ; Bus Width ; Baseline Area ; Area if Restructured ; Saving if Restructured ; Registered ; Example Multiplexer Output                                                                                                                                                                                ;
+--------------------+-----------+---------------+----------------------+------------------------+------------+-----------------------------------------------------------------------------------------------------------------------------------------------------------------------------------------------------------+
; 4:1                ; 4 bits    ; 8 LEs         ; 4 LEs                ; 4 LEs                  ; Yes        ; |sdramTestbench|sdram:sdram_controller|sdram_new_sdram_controller_0:new_sdram_controller_0|m_bank[0]                                                                                                      ;
; 6:1                ; 2 bits    ; 8 LEs         ; 0 LEs                ; 8 LEs                  ; Yes        ; |sdramTestbench|sdram:sdram_controller|sdram_new_sdram_controller_0:new_sdram_controller_0|sdram_new_sdram_controller_0_input_efifo_module:the_sdram_new_sdram_controller_0_input_efifo_module|entries[0] ;
; 5:1                ; 2 bits    ; 6 LEs         ; 4 LEs                ; 2 LEs                  ; Yes        ; |sdramTestbench|sdram:sdram_controller|sdram_new_sdram_controller_0:new_sdram_controller_0|i_count[2]                                                                                                     ;
; 6:1                ; 2 bits    ; 8 LEs         ; 4 LEs                ; 4 LEs                  ; Yes        ; |sdramTestbench|sdram:sdram_controller|sdram_new_sdram_controller_0:new_sdram_controller_0|m_addr[5]                                                                                                      ;
; 6:1                ; 3 bits    ; 12 LEs        ; 6 LEs                ; 6 LEs                  ; Yes        ; |sdramTestbench|sdram:sdram_controller|sdram_new_sdram_controller_0:new_sdram_controller_0|m_addr[11]                                                                                                     ;
; 6:1                ; 8 bits    ; 32 LEs        ; 16 LEs               ; 16 LEs                 ; Yes        ; |sdramTestbench|sdram:sdram_controller|sdram_new_sdram_controller_0:new_sdram_controller_0|m_addr[0]                                                                                                      ;
; 7:1                ; 3 bits    ; 12 LEs        ; 0 LEs                ; 12 LEs                 ; Yes        ; |sdramTestbench|sdram:sdram_controller|sdram_new_sdram_controller_0:new_sdram_controller_0|active_rnw                                                                                                     ;
; 13:1               ; 2 bits    ; 16 LEs        ; 8 LEs                ; 8 LEs                  ; Yes        ; |sdramTestbench|sdram:sdram_controller|sdram_new_sdram_controller_0:new_sdram_controller_0|m_count[1]                                                                                                     ;
; 3:1                ; 16 bits   ; 32 LEs        ; 32 LEs               ; 0 LEs                  ; Yes        ; |sdramTestbench|sdram:sdram_controller|sdram_new_sdram_controller_0:new_sdram_controller_0|m_data[6]                                                                                                      ;
; 5:1                ; 2 bits    ; 6 LEs         ; 4 LEs                ; 2 LEs                  ; No         ; |sdramTestbench|Selector1                                                                                                                                                                                 ;
; 8:1                ; 3 bits    ; 15 LEs        ; 9 LEs                ; 6 LEs                  ; No         ; |sdramTestbench|sdramInterface:sdramIf|Selector5                                                                                                                                                          ;
; 10:1               ; 2 bits    ; 12 LEs        ; 8 LEs                ; 4 LEs                  ; No         ; |sdramTestbench|sdram:sdram_controller|sdram_new_sdram_controller_0:new_sdram_controller_0|Selector36                                                                                                     ;
; 12:1               ; 2 bits    ; 16 LEs        ; 10 LEs               ; 6 LEs                  ; No         ; |sdramTestbench|sdram:sdram_controller|sdram_new_sdram_controller_0:new_sdram_controller_0|Selector25                                                                                                     ;
; 16:1               ; 2 bits    ; 20 LEs        ; 14 LEs               ; 6 LEs                  ; No         ; |sdramTestbench|sdram:sdram_controller|sdram_new_sdram_controller_0:new_sdram_controller_0|Selector28                                                                                                     ;
+--------------------+-----------+---------------+----------------------+------------------------+------------+-----------------------------------------------------------------------------------------------------------------------------------------------------------------------------------------------------------+


+---------------------------------------------------------------------------------------------------+
; Source assignments for sdram:sdram_controller|sdram_new_sdram_controller_0:new_sdram_controller_0 ;
+-----------------------------+-------+------+------------------------------------------------------+
; Assignment                  ; Value ; From ; To                                                   ;
+-----------------------------+-------+------+------------------------------------------------------+
; FAST_INPUT_REGISTER         ; ON    ; -    ; za_data[15]                                          ;
; FAST_INPUT_REGISTER         ; ON    ; -    ; za_data[14]                                          ;
; FAST_INPUT_REGISTER         ; ON    ; -    ; za_data[13]                                          ;
; FAST_INPUT_REGISTER         ; ON    ; -    ; za_data[12]                                          ;
; FAST_INPUT_REGISTER         ; ON    ; -    ; za_data[11]                                          ;
; FAST_INPUT_REGISTER         ; ON    ; -    ; za_data[10]                                          ;
; FAST_INPUT_REGISTER         ; ON    ; -    ; za_data[9]                                           ;
; FAST_INPUT_REGISTER         ; ON    ; -    ; za_data[8]                                           ;
; FAST_INPUT_REGISTER         ; ON    ; -    ; za_data[7]                                           ;
; FAST_INPUT_REGISTER         ; ON    ; -    ; za_data[6]                                           ;
; FAST_INPUT_REGISTER         ; ON    ; -    ; za_data[5]                                           ;
; FAST_INPUT_REGISTER         ; ON    ; -    ; za_data[4]                                           ;
; FAST_INPUT_REGISTER         ; ON    ; -    ; za_data[3]                                           ;
; FAST_INPUT_REGISTER         ; ON    ; -    ; za_data[2]                                           ;
; FAST_INPUT_REGISTER         ; ON    ; -    ; za_data[1]                                           ;
; FAST_INPUT_REGISTER         ; ON    ; -    ; za_data[0]                                           ;
; FAST_OUTPUT_REGISTER        ; ON    ; -    ; m_cmd[3]                                             ;
; FAST_OUTPUT_REGISTER        ; ON    ; -    ; m_cmd[2]                                             ;
; FAST_OUTPUT_REGISTER        ; ON    ; -    ; m_cmd[1]                                             ;
; FAST_OUTPUT_REGISTER        ; ON    ; -    ; m_cmd[0]                                             ;
; FAST_OUTPUT_REGISTER        ; ON    ; -    ; m_bank[1]                                            ;
; FAST_OUTPUT_REGISTER        ; ON    ; -    ; m_bank[0]                                            ;
; FAST_OUTPUT_REGISTER        ; ON    ; -    ; m_addr[12]                                           ;
; FAST_OUTPUT_REGISTER        ; ON    ; -    ; m_addr[11]                                           ;
; FAST_OUTPUT_REGISTER        ; ON    ; -    ; m_addr[10]                                           ;
; FAST_OUTPUT_REGISTER        ; ON    ; -    ; m_addr[9]                                            ;
; FAST_OUTPUT_REGISTER        ; ON    ; -    ; m_addr[8]                                            ;
; FAST_OUTPUT_REGISTER        ; ON    ; -    ; m_addr[7]                                            ;
; FAST_OUTPUT_REGISTER        ; ON    ; -    ; m_addr[6]                                            ;
; FAST_OUTPUT_REGISTER        ; ON    ; -    ; m_addr[5]                                            ;
; FAST_OUTPUT_REGISTER        ; ON    ; -    ; m_addr[4]                                            ;
; FAST_OUTPUT_REGISTER        ; ON    ; -    ; m_addr[3]                                            ;
; FAST_OUTPUT_REGISTER        ; ON    ; -    ; m_addr[2]                                            ;
; FAST_OUTPUT_REGISTER        ; ON    ; -    ; m_addr[1]                                            ;
; FAST_OUTPUT_REGISTER        ; ON    ; -    ; m_addr[0]                                            ;
; FAST_OUTPUT_REGISTER        ; ON    ; -    ; m_data[15]                                           ;
; FAST_OUTPUT_ENABLE_REGISTER ; ON    ; -    ; m_data[15]                                           ;
; FAST_OUTPUT_REGISTER        ; ON    ; -    ; m_data[14]                                           ;
; FAST_OUTPUT_ENABLE_REGISTER ; ON    ; -    ; m_data[14]                                           ;
; FAST_OUTPUT_REGISTER        ; ON    ; -    ; m_data[13]                                           ;
; FAST_OUTPUT_ENABLE_REGISTER ; ON    ; -    ; m_data[13]                                           ;
; FAST_OUTPUT_REGISTER        ; ON    ; -    ; m_data[12]                                           ;
; FAST_OUTPUT_ENABLE_REGISTER ; ON    ; -    ; m_data[12]                                           ;
; FAST_OUTPUT_REGISTER        ; ON    ; -    ; m_data[11]                                           ;
; FAST_OUTPUT_ENABLE_REGISTER ; ON    ; -    ; m_data[11]                                           ;
; FAST_OUTPUT_REGISTER        ; ON    ; -    ; m_data[10]                                           ;
; FAST_OUTPUT_ENABLE_REGISTER ; ON    ; -    ; m_data[10]                                           ;
; FAST_OUTPUT_REGISTER        ; ON    ; -    ; m_data[9]                                            ;
; FAST_OUTPUT_ENABLE_REGISTER ; ON    ; -    ; m_data[9]                                            ;
; FAST_OUTPUT_REGISTER        ; ON    ; -    ; m_data[8]                                            ;
; FAST_OUTPUT_ENABLE_REGISTER ; ON    ; -    ; m_data[8]                                            ;
; FAST_OUTPUT_REGISTER        ; ON    ; -    ; m_data[7]                                            ;
; FAST_OUTPUT_ENABLE_REGISTER ; ON    ; -    ; m_data[7]                                            ;
; FAST_OUTPUT_REGISTER        ; ON    ; -    ; m_data[6]                                            ;
; FAST_OUTPUT_ENABLE_REGISTER ; ON    ; -    ; m_data[6]                                            ;
; FAST_OUTPUT_REGISTER        ; ON    ; -    ; m_data[5]                                            ;
; FAST_OUTPUT_ENABLE_REGISTER ; ON    ; -    ; m_data[5]                                            ;
; FAST_OUTPUT_REGISTER        ; ON    ; -    ; m_data[4]                                            ;
; FAST_OUTPUT_ENABLE_REGISTER ; ON    ; -    ; m_data[4]                                            ;
; FAST_OUTPUT_REGISTER        ; ON    ; -    ; m_data[3]                                            ;
; FAST_OUTPUT_ENABLE_REGISTER ; ON    ; -    ; m_data[3]                                            ;
; FAST_OUTPUT_REGISTER        ; ON    ; -    ; m_data[2]                                            ;
; FAST_OUTPUT_ENABLE_REGISTER ; ON    ; -    ; m_data[2]                                            ;
; FAST_OUTPUT_REGISTER        ; ON    ; -    ; m_data[1]                                            ;
; FAST_OUTPUT_ENABLE_REGISTER ; ON    ; -    ; m_data[1]                                            ;
; FAST_OUTPUT_REGISTER        ; ON    ; -    ; m_data[0]                                            ;
; FAST_OUTPUT_ENABLE_REGISTER ; ON    ; -    ; m_data[0]                                            ;
; FAST_OUTPUT_REGISTER        ; ON    ; -    ; m_dqm[1]                                             ;
; FAST_OUTPUT_REGISTER        ; ON    ; -    ; m_dqm[0]                                             ;
; FAST_OUTPUT_ENABLE_REGISTER ; ON    ; -    ; oe                                                   ;
; FAST_INPUT_REGISTER         ; ON    ; -    ; za_data[15]~reg0                                     ;
; FAST_INPUT_REGISTER         ; ON    ; -    ; za_data[14]~reg0                                     ;
; FAST_INPUT_REGISTER         ; ON    ; -    ; za_data[13]~reg0                                     ;
; FAST_INPUT_REGISTER         ; ON    ; -    ; za_data[12]~reg0                                     ;
; FAST_INPUT_REGISTER         ; ON    ; -    ; za_data[11]~reg0                                     ;
; FAST_INPUT_REGISTER         ; ON    ; -    ; za_data[10]~reg0                                     ;
; FAST_INPUT_REGISTER         ; ON    ; -    ; za_data[9]~reg0                                      ;
; FAST_INPUT_REGISTER         ; ON    ; -    ; za_data[8]~reg0                                      ;
; FAST_INPUT_REGISTER         ; ON    ; -    ; za_data[7]~reg0                                      ;
; FAST_INPUT_REGISTER         ; ON    ; -    ; za_data[6]~reg0                                      ;
; FAST_INPUT_REGISTER         ; ON    ; -    ; za_data[5]~reg0                                      ;
; FAST_INPUT_REGISTER         ; ON    ; -    ; za_data[4]~reg0                                      ;
; FAST_INPUT_REGISTER         ; ON    ; -    ; za_data[3]~reg0                                      ;
; FAST_INPUT_REGISTER         ; ON    ; -    ; za_data[2]~reg0                                      ;
; FAST_INPUT_REGISTER         ; ON    ; -    ; za_data[1]~reg0                                      ;
; FAST_INPUT_REGISTER         ; ON    ; -    ; za_data[0]~reg0                                      ;
+-----------------------------+-------+------+------------------------------------------------------+


+---------------------------------------------------------------------------------------------------------------------------------+
; Source assignments for sdram:sdram_controller|altera_reset_controller:rst_controller|altera_reset_synchronizer:alt_rst_sync_uq1 ;
+-------------------+-------+------+----------------------------------------------------------------------------------------------+
; Assignment        ; Value ; From ; To                                                                                           ;
+-------------------+-------+------+----------------------------------------------------------------------------------------------+
; PRESERVE_REGISTER ; on    ; -    ; altera_reset_synchronizer_int_chain[1]                                                       ;
; PRESERVE_REGISTER ; on    ; -    ; altera_reset_synchronizer_int_chain[0]                                                       ;
+-------------------+-------+------+----------------------------------------------------------------------------------------------+


+-------------------------------------------------------------------------------------------------------------------------------------+
; Source assignments for sdram:sdram_controller|altera_reset_controller:rst_controller|altera_reset_synchronizer:alt_rst_req_sync_uq1 ;
+-------------------+-------+------+--------------------------------------------------------------------------------------------------+
; Assignment        ; Value ; From ; To                                                                                               ;
+-------------------+-------+------+--------------------------------------------------------------------------------------------------+
; PRESERVE_REGISTER ; on    ; -    ; altera_reset_synchronizer_int_chain[0]                                                           ;
; PRESERVE_REGISTER ; on    ; -    ; altera_reset_synchronizer_int_chain[1]                                                           ;
+-------------------+-------+------+--------------------------------------------------------------------------------------------------+


+-------------------------------------------------------------------------------------------------------------------------------------------------------------------------+
; Parameter Settings for User Entity Instance: sdram:sdram_controller|sdram_sys_sdram_pll_0:sys_sdram_pll_0|sdram_sys_sdram_pll_0_sys_pll:sys_pll|altera_pll:altera_pll_i ;
+--------------------------------------+------------------------+---------------------------------------------------------------------------------------------------------+
; Parameter Name                       ; Value                  ; Type                                                                                                    ;
+--------------------------------------+------------------------+---------------------------------------------------------------------------------------------------------+
; reference_clock_frequency            ; 50.0 MHz               ; String                                                                                                  ;
; fractional_vco_multiplier            ; false                  ; String                                                                                                  ;
; pll_type                             ; General                ; String                                                                                                  ;
; pll_subtype                          ; General                ; String                                                                                                  ;
; number_of_clocks                     ; 2                      ; Signed Integer                                                                                          ;
; operation_mode                       ; direct                 ; String                                                                                                  ;
; deserialization_factor               ; 4                      ; Signed Integer                                                                                          ;
; data_rate                            ; 0                      ; Signed Integer                                                                                          ;
; sim_additional_refclk_cycles_to_lock ; 0                      ; Signed Integer                                                                                          ;
; output_clock_frequency0              ; 143.000000 MHz         ; String                                                                                                  ;
; phase_shift0                         ; 0 ps                   ; String                                                                                                  ;
; duty_cycle0                          ; 50                     ; Signed Integer                                                                                          ;
; output_clock_frequency1              ; 143.000000 MHz         ; String                                                                                                  ;
; phase_shift1                         ; -2972 ps               ; String                                                                                                  ;
; duty_cycle1                          ; 50                     ; Signed Integer                                                                                          ;
; output_clock_frequency2              ; 0 MHz                  ; String                                                                                                  ;
; phase_shift2                         ; 0 ps                   ; String                                                                                                  ;
; duty_cycle2                          ; 50                     ; Signed Integer                                                                                          ;
; output_clock_frequency3              ; 0 MHz                  ; String                                                                                                  ;
; phase_shift3                         ; 0 ps                   ; String                                                                                                  ;
; duty_cycle3                          ; 50                     ; Signed Integer                                                                                          ;
; output_clock_frequency4              ; 0 MHz                  ; String                                                                                                  ;
; phase_shift4                         ; 0 ps                   ; String                                                                                                  ;
; duty_cycle4                          ; 50                     ; Signed Integer                                                                                          ;
; output_clock_frequency5              ; 0 MHz                  ; String                                                                                                  ;
; phase_shift5                         ; 0 ps                   ; String                                                                                                  ;
; duty_cycle5                          ; 50                     ; Signed Integer                                                                                          ;
; output_clock_frequency6              ; 0 MHz                  ; String                                                                                                  ;
; phase_shift6                         ; 0 ps                   ; String                                                                                                  ;
; duty_cycle6                          ; 50                     ; Signed Integer                                                                                          ;
; output_clock_frequency7              ; 0 MHz                  ; String                                                                                                  ;
; phase_shift7                         ; 0 ps                   ; String                                                                                                  ;
; duty_cycle7                          ; 50                     ; Signed Integer                                                                                          ;
; output_clock_frequency8              ; 0 MHz                  ; String                                                                                                  ;
; phase_shift8                         ; 0 ps                   ; String                                                                                                  ;
; duty_cycle8                          ; 50                     ; Signed Integer                                                                                          ;
; output_clock_frequency9              ; 0 MHz                  ; String                                                                                                  ;
; phase_shift9                         ; 0 ps                   ; String                                                                                                  ;
; duty_cycle9                          ; 50                     ; Signed Integer                                                                                          ;
; output_clock_frequency10             ; 0 MHz                  ; String                                                                                                  ;
; phase_shift10                        ; 0 ps                   ; String                                                                                                  ;
; duty_cycle10                         ; 50                     ; Signed Integer                                                                                          ;
; output_clock_frequency11             ; 0 MHz                  ; String                                                                                                  ;
; phase_shift11                        ; 0 ps                   ; String                                                                                                  ;
; duty_cycle11                         ; 50                     ; Signed Integer                                                                                          ;
; output_clock_frequency12             ; 0 MHz                  ; String                                                                                                  ;
; phase_shift12                        ; 0 ps                   ; String                                                                                                  ;
; duty_cycle12                         ; 50                     ; Signed Integer                                                                                          ;
; output_clock_frequency13             ; 0 MHz                  ; String                                                                                                  ;
; phase_shift13                        ; 0 ps                   ; String                                                                                                  ;
; duty_cycle13                         ; 50                     ; Signed Integer                                                                                          ;
; output_clock_frequency14             ; 0 MHz                  ; String                                                                                                  ;
; phase_shift14                        ; 0 ps                   ; String                                                                                                  ;
; duty_cycle14                         ; 50                     ; Signed Integer                                                                                          ;
; output_clock_frequency15             ; 0 MHz                  ; String                                                                                                  ;
; phase_shift15                        ; 0 ps                   ; String                                                                                                  ;
; duty_cycle15                         ; 50                     ; Signed Integer                                                                                          ;
; output_clock_frequency16             ; 0 MHz                  ; String                                                                                                  ;
; phase_shift16                        ; 0 ps                   ; String                                                                                                  ;
; duty_cycle16                         ; 50                     ; Signed Integer                                                                                          ;
; output_clock_frequency17             ; 0 MHz                  ; String                                                                                                  ;
; phase_shift17                        ; 0 ps                   ; String                                                                                                  ;
; duty_cycle17                         ; 50                     ; Signed Integer                                                                                          ;
; clock_name_0                         ;                        ; String                                                                                                  ;
; clock_name_1                         ;                        ; String                                                                                                  ;
; clock_name_2                         ;                        ; String                                                                                                  ;
; clock_name_3                         ;                        ; String                                                                                                  ;
; clock_name_4                         ;                        ; String                                                                                                  ;
; clock_name_5                         ;                        ; String                                                                                                  ;
; clock_name_6                         ;                        ; String                                                                                                  ;
; clock_name_7                         ;                        ; String                                                                                                  ;
; clock_name_8                         ;                        ; String                                                                                                  ;
; clock_name_global_0                  ; false                  ; String                                                                                                  ;
; clock_name_global_1                  ; false                  ; String                                                                                                  ;
; clock_name_global_2                  ; false                  ; String                                                                                                  ;
; clock_name_global_3                  ; false                  ; String                                                                                                  ;
; clock_name_global_4                  ; false                  ; String                                                                                                  ;
; clock_name_global_5                  ; false                  ; String                                                                                                  ;
; clock_name_global_6                  ; false                  ; String                                                                                                  ;
; clock_name_global_7                  ; false                  ; String                                                                                                  ;
; clock_name_global_8                  ; false                  ; String                                                                                                  ;
; m_cnt_hi_div                         ; 1                      ; Signed Integer                                                                                          ;
; m_cnt_lo_div                         ; 1                      ; Signed Integer                                                                                          ;
; m_cnt_bypass_en                      ; false                  ; String                                                                                                  ;
; m_cnt_odd_div_duty_en                ; false                  ; String                                                                                                  ;
; n_cnt_hi_div                         ; 1                      ; Signed Integer                                                                                          ;
; n_cnt_lo_div                         ; 1                      ; Signed Integer                                                                                          ;
; n_cnt_bypass_en                      ; false                  ; String                                                                                                  ;
; n_cnt_odd_div_duty_en                ; false                  ; String                                                                                                  ;
; c_cnt_hi_div0                        ; 1                      ; Signed Integer                                                                                          ;
; c_cnt_lo_div0                        ; 1                      ; Signed Integer                                                                                          ;
; c_cnt_bypass_en0                     ; false                  ; String                                                                                                  ;
; c_cnt_in_src0                        ; ph_mux_clk             ; String                                                                                                  ;
; c_cnt_odd_div_duty_en0               ; false                  ; String                                                                                                  ;
; c_cnt_prst0                          ; 1                      ; Signed Integer                                                                                          ;
; c_cnt_ph_mux_prst0                   ; 0                      ; Signed Integer                                                                                          ;
; c_cnt_hi_div1                        ; 1                      ; Signed Integer                                                                                          ;
; c_cnt_lo_div1                        ; 1                      ; Signed Integer                                                                                          ;
; c_cnt_bypass_en1                     ; false                  ; String                                                                                                  ;
; c_cnt_in_src1                        ; ph_mux_clk             ; String                                                                                                  ;
; c_cnt_odd_div_duty_en1               ; false                  ; String                                                                                                  ;
; c_cnt_prst1                          ; 1                      ; Signed Integer                                                                                          ;
; c_cnt_ph_mux_prst1                   ; 0                      ; Signed Integer                                                                                          ;
; c_cnt_hi_div2                        ; 1                      ; Signed Integer                                                                                          ;
; c_cnt_lo_div2                        ; 1                      ; Signed Integer                                                                                          ;
; c_cnt_bypass_en2                     ; false                  ; String                                                                                                  ;
; c_cnt_in_src2                        ; ph_mux_clk             ; String                                                                                                  ;
; c_cnt_odd_div_duty_en2               ; false                  ; String                                                                                                  ;
; c_cnt_prst2                          ; 1                      ; Signed Integer                                                                                          ;
; c_cnt_ph_mux_prst2                   ; 0                      ; Signed Integer                                                                                          ;
; c_cnt_hi_div3                        ; 1                      ; Signed Integer                                                                                          ;
; c_cnt_lo_div3                        ; 1                      ; Signed Integer                                                                                          ;
; c_cnt_bypass_en3                     ; false                  ; String                                                                                                  ;
; c_cnt_in_src3                        ; ph_mux_clk             ; String                                                                                                  ;
; c_cnt_odd_div_duty_en3               ; false                  ; String                                                                                                  ;
; c_cnt_prst3                          ; 1                      ; Signed Integer                                                                                          ;
; c_cnt_ph_mux_prst3                   ; 0                      ; Signed Integer                                                                                          ;
; c_cnt_hi_div4                        ; 1                      ; Signed Integer                                                                                          ;
; c_cnt_lo_div4                        ; 1                      ; Signed Integer                                                                                          ;
; c_cnt_bypass_en4                     ; false                  ; String                                                                                                  ;
; c_cnt_in_src4                        ; ph_mux_clk             ; String                                                                                                  ;
; c_cnt_odd_div_duty_en4               ; false                  ; String                                                                                                  ;
; c_cnt_prst4                          ; 1                      ; Signed Integer                                                                                          ;
; c_cnt_ph_mux_prst4                   ; 0                      ; Signed Integer                                                                                          ;
; c_cnt_hi_div5                        ; 1                      ; Signed Integer                                                                                          ;
; c_cnt_lo_div5                        ; 1                      ; Signed Integer                                                                                          ;
; c_cnt_bypass_en5                     ; false                  ; String                                                                                                  ;
; c_cnt_in_src5                        ; ph_mux_clk             ; String                                                                                                  ;
; c_cnt_odd_div_duty_en5               ; false                  ; String                                                                                                  ;
; c_cnt_prst5                          ; 1                      ; Signed Integer                                                                                          ;
; c_cnt_ph_mux_prst5                   ; 0                      ; Signed Integer                                                                                          ;
; c_cnt_hi_div6                        ; 1                      ; Signed Integer                                                                                          ;
; c_cnt_lo_div6                        ; 1                      ; Signed Integer                                                                                          ;
; c_cnt_bypass_en6                     ; false                  ; String                                                                                                  ;
; c_cnt_in_src6                        ; ph_mux_clk             ; String                                                                                                  ;
; c_cnt_odd_div_duty_en6               ; false                  ; String                                                                                                  ;
; c_cnt_prst6                          ; 1                      ; Signed Integer                                                                                          ;
; c_cnt_ph_mux_prst6                   ; 0                      ; Signed Integer                                                                                          ;
; c_cnt_hi_div7                        ; 1                      ; Signed Integer                                                                                          ;
; c_cnt_lo_div7                        ; 1                      ; Signed Integer                                                                                          ;
; c_cnt_bypass_en7                     ; false                  ; String                                                                                                  ;
; c_cnt_in_src7                        ; ph_mux_clk             ; String                                                                                                  ;
; c_cnt_odd_div_duty_en7               ; false                  ; String                                                                                                  ;
; c_cnt_prst7                          ; 1                      ; Signed Integer                                                                                          ;
; c_cnt_ph_mux_prst7                   ; 0                      ; Signed Integer                                                                                          ;
; c_cnt_hi_div8                        ; 1                      ; Signed Integer                                                                                          ;
; c_cnt_lo_div8                        ; 1                      ; Signed Integer                                                                                          ;
; c_cnt_bypass_en8                     ; false                  ; String                                                                                                  ;
; c_cnt_in_src8                        ; ph_mux_clk             ; String                                                                                                  ;
; c_cnt_odd_div_duty_en8               ; false                  ; String                                                                                                  ;
; c_cnt_prst8                          ; 1                      ; Signed Integer                                                                                          ;
; c_cnt_ph_mux_prst8                   ; 0                      ; Signed Integer                                                                                          ;
; c_cnt_hi_div9                        ; 1                      ; Signed Integer                                                                                          ;
; c_cnt_lo_div9                        ; 1                      ; Signed Integer                                                                                          ;
; c_cnt_bypass_en9                     ; false                  ; String                                                                                                  ;
; c_cnt_in_src9                        ; ph_mux_clk             ; String                                                                                                  ;
; c_cnt_odd_div_duty_en9               ; false                  ; String                                                                                                  ;
; c_cnt_prst9                          ; 1                      ; Signed Integer                                                                                          ;
; c_cnt_ph_mux_prst9                   ; 0                      ; Signed Integer                                                                                          ;
; c_cnt_hi_div10                       ; 1                      ; Signed Integer                                                                                          ;
; c_cnt_lo_div10                       ; 1                      ; Signed Integer                                                                                          ;
; c_cnt_bypass_en10                    ; false                  ; String                                                                                                  ;
; c_cnt_in_src10                       ; ph_mux_clk             ; String                                                                                                  ;
; c_cnt_odd_div_duty_en10              ; false                  ; String                                                                                                  ;
; c_cnt_prst10                         ; 1                      ; Signed Integer                                                                                          ;
; c_cnt_ph_mux_prst10                  ; 0                      ; Signed Integer                                                                                          ;
; c_cnt_hi_div11                       ; 1                      ; Signed Integer                                                                                          ;
; c_cnt_lo_div11                       ; 1                      ; Signed Integer                                                                                          ;
; c_cnt_bypass_en11                    ; false                  ; String                                                                                                  ;
; c_cnt_in_src11                       ; ph_mux_clk             ; String                                                                                                  ;
; c_cnt_odd_div_duty_en11              ; false                  ; String                                                                                                  ;
; c_cnt_prst11                         ; 1                      ; Signed Integer                                                                                          ;
; c_cnt_ph_mux_prst11                  ; 0                      ; Signed Integer                                                                                          ;
; c_cnt_hi_div12                       ; 1                      ; Signed Integer                                                                                          ;
; c_cnt_lo_div12                       ; 1                      ; Signed Integer                                                                                          ;
; c_cnt_bypass_en12                    ; false                  ; String                                                                                                  ;
; c_cnt_in_src12                       ; ph_mux_clk             ; String                                                                                                  ;
; c_cnt_odd_div_duty_en12              ; false                  ; String                                                                                                  ;
; c_cnt_prst12                         ; 1                      ; Signed Integer                                                                                          ;
; c_cnt_ph_mux_prst12                  ; 0                      ; Signed Integer                                                                                          ;
; c_cnt_hi_div13                       ; 1                      ; Signed Integer                                                                                          ;
; c_cnt_lo_div13                       ; 1                      ; Signed Integer                                                                                          ;
; c_cnt_bypass_en13                    ; false                  ; String                                                                                                  ;
; c_cnt_in_src13                       ; ph_mux_clk             ; String                                                                                                  ;
; c_cnt_odd_div_duty_en13              ; false                  ; String                                                                                                  ;
; c_cnt_prst13                         ; 1                      ; Signed Integer                                                                                          ;
; c_cnt_ph_mux_prst13                  ; 0                      ; Signed Integer                                                                                          ;
; c_cnt_hi_div14                       ; 1                      ; Signed Integer                                                                                          ;
; c_cnt_lo_div14                       ; 1                      ; Signed Integer                                                                                          ;
; c_cnt_bypass_en14                    ; false                  ; String                                                                                                  ;
; c_cnt_in_src14                       ; ph_mux_clk             ; String                                                                                                  ;
; c_cnt_odd_div_duty_en14              ; false                  ; String                                                                                                  ;
; c_cnt_prst14                         ; 1                      ; Signed Integer                                                                                          ;
; c_cnt_ph_mux_prst14                  ; 0                      ; Signed Integer                                                                                          ;
; c_cnt_hi_div15                       ; 1                      ; Signed Integer                                                                                          ;
; c_cnt_lo_div15                       ; 1                      ; Signed Integer                                                                                          ;
; c_cnt_bypass_en15                    ; false                  ; String                                                                                                  ;
; c_cnt_in_src15                       ; ph_mux_clk             ; String                                                                                                  ;
; c_cnt_odd_div_duty_en15              ; false                  ; String                                                                                                  ;
; c_cnt_prst15                         ; 1                      ; Signed Integer                                                                                          ;
; c_cnt_ph_mux_prst15                  ; 0                      ; Signed Integer                                                                                          ;
; c_cnt_hi_div16                       ; 1                      ; Signed Integer                                                                                          ;
; c_cnt_lo_div16                       ; 1                      ; Signed Integer                                                                                          ;
; c_cnt_bypass_en16                    ; false                  ; String                                                                                                  ;
; c_cnt_in_src16                       ; ph_mux_clk             ; String                                                                                                  ;
; c_cnt_odd_div_duty_en16              ; false                  ; String                                                                                                  ;
; c_cnt_prst16                         ; 1                      ; Signed Integer                                                                                          ;
; c_cnt_ph_mux_prst16                  ; 0                      ; Signed Integer                                                                                          ;
; c_cnt_hi_div17                       ; 1                      ; Signed Integer                                                                                          ;
; c_cnt_lo_div17                       ; 1                      ; Signed Integer                                                                                          ;
; c_cnt_bypass_en17                    ; false                  ; String                                                                                                  ;
; c_cnt_in_src17                       ; ph_mux_clk             ; String                                                                                                  ;
; c_cnt_odd_div_duty_en17              ; false                  ; String                                                                                                  ;
; c_cnt_prst17                         ; 1                      ; Signed Integer                                                                                          ;
; c_cnt_ph_mux_prst17                  ; 0                      ; Signed Integer                                                                                          ;
; pll_vco_div                          ; 1                      ; Signed Integer                                                                                          ;
; pll_slf_rst                          ; false                  ; String                                                                                                  ;
; pll_bw_sel                           ; low                    ; String                                                                                                  ;
; pll_output_clk_frequency             ; 0 MHz                  ; String                                                                                                  ;
; pll_cp_current                       ; 0                      ; Signed Integer                                                                                          ;
; pll_bwctrl                           ; 0                      ; Signed Integer                                                                                          ;
; pll_fractional_division              ; 1                      ; Signed Integer                                                                                          ;
; pll_fractional_cout                  ; 24                     ; Signed Integer                                                                                          ;
; pll_dsm_out_sel                      ; 1st_order              ; String                                                                                                  ;
; mimic_fbclk_type                     ; gclk                   ; String                                                                                                  ;
; pll_fbclk_mux_1                      ; glb                    ; String                                                                                                  ;
; pll_fbclk_mux_2                      ; fb_1                   ; String                                                                                                  ;
; pll_m_cnt_in_src                     ; ph_mux_clk             ; String                                                                                                  ;
; pll_vcoph_div                        ; 1                      ; Signed Integer                                                                                          ;
; refclk1_frequency                    ; 0 MHz                  ; String                                                                                                  ;
; pll_clkin_0_src                      ; clk_0                  ; String                                                                                                  ;
; pll_clkin_1_src                      ; clk_0                  ; String                                                                                                  ;
; pll_clk_loss_sw_en                   ; false                  ; String                                                                                                  ;
; pll_auto_clk_sw_en                   ; false                  ; String                                                                                                  ;
; pll_manu_clk_sw_en                   ; false                  ; String                                                                                                  ;
; pll_clk_sw_dly                       ; 0                      ; Signed Integer                                                                                          ;
; pll_extclk_0_cnt_src                 ; pll_extclk_cnt_src_vss ; String                                                                                                  ;
; pll_extclk_1_cnt_src                 ; pll_extclk_cnt_src_vss ; String                                                                                                  ;
+--------------------------------------+------------------------+---------------------------------------------------------------------------------------------------------+
Note: In order to hide this table in the UI and the text report file, please set the "Show Parameter Settings in Synthesis Report" option in "Analysis and Synthesis Settings -> More Settings" to "Off".


+------------------------------------------------------------------------------------------------------------+
; Parameter Settings for User Entity Instance: sdram:sdram_controller|altera_reset_controller:rst_controller ;
+---------------------------+----------+---------------------------------------------------------------------+
; Parameter Name            ; Value    ; Type                                                                ;
+---------------------------+----------+---------------------------------------------------------------------+
; NUM_RESET_INPUTS          ; 1        ; Signed Integer                                                      ;
; USE_RESET_REQUEST_IN0     ; 0        ; Signed Integer                                                      ;
; USE_RESET_REQUEST_IN1     ; 0        ; Signed Integer                                                      ;
; USE_RESET_REQUEST_IN2     ; 0        ; Signed Integer                                                      ;
; USE_RESET_REQUEST_IN3     ; 0        ; Signed Integer                                                      ;
; USE_RESET_REQUEST_IN4     ; 0        ; Signed Integer                                                      ;
; USE_RESET_REQUEST_IN5     ; 0        ; Signed Integer                                                      ;
; USE_RESET_REQUEST_IN6     ; 0        ; Signed Integer                                                      ;
; USE_RESET_REQUEST_IN7     ; 0        ; Signed Integer                                                      ;
; USE_RESET_REQUEST_IN8     ; 0        ; Signed Integer                                                      ;
; USE_RESET_REQUEST_IN9     ; 0        ; Signed Integer                                                      ;
; USE_RESET_REQUEST_IN10    ; 0        ; Signed Integer                                                      ;
; USE_RESET_REQUEST_IN11    ; 0        ; Signed Integer                                                      ;
; USE_RESET_REQUEST_IN12    ; 0        ; Signed Integer                                                      ;
; USE_RESET_REQUEST_IN13    ; 0        ; Signed Integer                                                      ;
; USE_RESET_REQUEST_IN14    ; 0        ; Signed Integer                                                      ;
; USE_RESET_REQUEST_IN15    ; 0        ; Signed Integer                                                      ;
; OUTPUT_RESET_SYNC_EDGES   ; deassert ; String                                                              ;
; SYNC_DEPTH                ; 2        ; Signed Integer                                                      ;
; RESET_REQUEST_PRESENT     ; 0        ; Signed Integer                                                      ;
; RESET_REQ_WAIT_TIME       ; 1        ; Signed Integer                                                      ;
; MIN_RST_ASSERTION_TIME    ; 3        ; Signed Integer                                                      ;
; RESET_REQ_EARLY_DSRT_TIME ; 1        ; Signed Integer                                                      ;
; ADAPT_RESET_REQUEST       ; 0        ; Signed Integer                                                      ;
+---------------------------+----------+---------------------------------------------------------------------+
Note: In order to hide this table in the UI and the text report file, please set the "Show Parameter Settings in Synthesis Report" option in "Analysis and Synthesis Settings -> More Settings" to "Off".


+-------------------------------------------------------------------------------------------------------------------------------------------------------+
; Parameter Settings for User Entity Instance: sdram:sdram_controller|altera_reset_controller:rst_controller|altera_reset_synchronizer:alt_rst_sync_uq1 ;
+----------------+-------+------------------------------------------------------------------------------------------------------------------------------+
; Parameter Name ; Value ; Type                                                                                                                         ;
+----------------+-------+------------------------------------------------------------------------------------------------------------------------------+
; ASYNC_RESET    ; 1     ; Unsigned Binary                                                                                                              ;
; DEPTH          ; 2     ; Signed Integer                                                                                                               ;
+----------------+-------+------------------------------------------------------------------------------------------------------------------------------+
Note: In order to hide this table in the UI and the text report file, please set the "Show Parameter Settings in Synthesis Report" option in "Analysis and Synthesis Settings -> More Settings" to "Off".


+-----------------------------------------------------------------------------------------------------------------------------------------------------------+
; Parameter Settings for User Entity Instance: sdram:sdram_controller|altera_reset_controller:rst_controller|altera_reset_synchronizer:alt_rst_req_sync_uq1 ;
+----------------+-------+----------------------------------------------------------------------------------------------------------------------------------+
; Parameter Name ; Value ; Type                                                                                                                             ;
+----------------+-------+----------------------------------------------------------------------------------------------------------------------------------+
; ASYNC_RESET    ; 0     ; Signed Integer                                                                                                                   ;
; DEPTH          ; 2     ; Signed Integer                                                                                                                   ;
+----------------+-------+----------------------------------------------------------------------------------------------------------------------------------+
Note: In order to hide this table in the UI and the text report file, please set the "Show Parameter Settings in Synthesis Report" option in "Analysis and Synthesis Settings -> More Settings" to "Off".


+-----------------------------------------------------------------------------------------------------------------------------+
; Port Connectivity Checks: "sdramInterface:sdramIf"                                                                          ;
+-------------------+--------+----------+-------------------------------------------------------------------------------------+
; Port              ; Type   ; Severity ; Details                                                                             ;
+-------------------+--------+----------+-------------------------------------------------------------------------------------+
; address[24..21]   ; Input  ; Info     ; Stuck at GND                                                                        ;
; address[19..0]    ; Input  ; Info     ; Stuck at GND                                                                        ;
; address[20]       ; Input  ; Info     ; Stuck at VCC                                                                        ;
; write_data[15..7] ; Input  ; Info     ; Stuck at GND                                                                        ;
; write_data[5..2]  ; Input  ; Info     ; Stuck at GND                                                                        ;
; write_data[6]     ; Input  ; Info     ; Stuck at VCC                                                                        ;
; write_data[1]     ; Input  ; Info     ; Stuck at VCC                                                                        ;
; write_data[0]     ; Input  ; Info     ; Stuck at GND                                                                        ;
; read_data[15..8]  ; Output ; Info     ; Connected to dangling logic. Logic that only feeds a dangling port will be removed. ;
; busy              ; Output ; Info     ; Connected to dangling logic. Logic that only feeds a dangling port will be removed. ;
+-------------------+--------+----------+-------------------------------------------------------------------------------------+


+------------------------------------------------------------------------------------------------------------------------------------------+
; Port Connectivity Checks: "sdram:sdram_controller|altera_reset_controller:rst_controller|altera_reset_synchronizer:alt_rst_req_sync_uq1" ;
+----------+-------+----------+------------------------------------------------------------------------------------------------------------+
; Port     ; Type  ; Severity ; Details                                                                                                    ;
+----------+-------+----------+------------------------------------------------------------------------------------------------------------+
; reset_in ; Input ; Info     ; Stuck at GND                                                                                               ;
+----------+-------+----------+------------------------------------------------------------------------------------------------------------+


+-------------------------------------------------------------------------------------------+
; Port Connectivity Checks: "sdram:sdram_controller|altera_reset_controller:rst_controller" ;
+----------------+--------+----------+------------------------------------------------------+
; Port           ; Type   ; Severity ; Details                                              ;
+----------------+--------+----------+------------------------------------------------------+
; reset_req      ; Output ; Info     ; Explicitly unconnected                               ;
; reset_req_in0  ; Input  ; Info     ; Stuck at GND                                         ;
; reset_in1      ; Input  ; Info     ; Stuck at GND                                         ;
; reset_req_in1  ; Input  ; Info     ; Stuck at GND                                         ;
; reset_in2      ; Input  ; Info     ; Stuck at GND                                         ;
; reset_req_in2  ; Input  ; Info     ; Stuck at GND                                         ;
; reset_in3      ; Input  ; Info     ; Stuck at GND                                         ;
; reset_req_in3  ; Input  ; Info     ; Stuck at GND                                         ;
; reset_in4      ; Input  ; Info     ; Stuck at GND                                         ;
; reset_req_in4  ; Input  ; Info     ; Stuck at GND                                         ;
; reset_in5      ; Input  ; Info     ; Stuck at GND                                         ;
; reset_req_in5  ; Input  ; Info     ; Stuck at GND                                         ;
; reset_in6      ; Input  ; Info     ; Stuck at GND                                         ;
; reset_req_in6  ; Input  ; Info     ; Stuck at GND                                         ;
; reset_in7      ; Input  ; Info     ; Stuck at GND                                         ;
; reset_req_in7  ; Input  ; Info     ; Stuck at GND                                         ;
; reset_in8      ; Input  ; Info     ; Stuck at GND                                         ;
; reset_req_in8  ; Input  ; Info     ; Stuck at GND                                         ;
; reset_in9      ; Input  ; Info     ; Stuck at GND                                         ;
; reset_req_in9  ; Input  ; Info     ; Stuck at GND                                         ;
; reset_in10     ; Input  ; Info     ; Stuck at GND                                         ;
; reset_req_in10 ; Input  ; Info     ; Stuck at GND                                         ;
; reset_in11     ; Input  ; Info     ; Stuck at GND                                         ;
; reset_req_in11 ; Input  ; Info     ; Stuck at GND                                         ;
; reset_in12     ; Input  ; Info     ; Stuck at GND                                         ;
; reset_req_in12 ; Input  ; Info     ; Stuck at GND                                         ;
; reset_in13     ; Input  ; Info     ; Stuck at GND                                         ;
; reset_req_in13 ; Input  ; Info     ; Stuck at GND                                         ;
; reset_in14     ; Input  ; Info     ; Stuck at GND                                         ;
; reset_req_in14 ; Input  ; Info     ; Stuck at GND                                         ;
; reset_in15     ; Input  ; Info     ; Stuck at GND                                         ;
; reset_req_in15 ; Input  ; Info     ; Stuck at GND                                         ;
+----------------+--------+----------+------------------------------------------------------+


+--------------------------------------------------------------------------------------------------------------------------------------------------------------------------------------+
; Port Connectivity Checks: "sdram:sdram_controller|sdram_sys_sdram_pll_0:sys_sdram_pll_0|sdram_sys_sdram_pll_0_sys_pll:sys_pll|altera_pll:altera_pll_i"                               ;
+-------------------+--------+----------+----------------------------------------------------------------------------------------------------------------------------------------------+
; Port              ; Type   ; Severity ; Details                                                                                                                                      ;
+-------------------+--------+----------+----------------------------------------------------------------------------------------------------------------------------------------------+
; fboutclk          ; Output ; Info     ; Explicitly unconnected                                                                                                                       ;
; fbclk             ; Input  ; Info     ; Stuck at GND                                                                                                                                 ;
; refclk1           ; Input  ; Warning  ; Declared by entity but not connected by instance. If a default value exists, it will be used.  Otherwise, the port will be connected to GND. ;
; phase_en          ; Input  ; Warning  ; Declared by entity but not connected by instance. If a default value exists, it will be used.  Otherwise, the port will be connected to GND. ;
; updn              ; Input  ; Warning  ; Declared by entity but not connected by instance. If a default value exists, it will be used.  Otherwise, the port will be connected to GND. ;
; num_phase_shifts  ; Input  ; Warning  ; Declared by entity but not connected by instance. If a default value exists, it will be used.  Otherwise, the port will be connected to GND. ;
; scanclk           ; Input  ; Warning  ; Declared by entity but not connected by instance. If a default value exists, it will be used.  Otherwise, the port will be connected to GND. ;
; cntsel            ; Input  ; Warning  ; Declared by entity but not connected by instance. If a default value exists, it will be used.  Otherwise, the port will be connected to GND. ;
; reconfig_to_pll   ; Input  ; Warning  ; Declared by entity but not connected by instance. If a default value exists, it will be used.  Otherwise, the port will be connected to GND. ;
; extswitch         ; Input  ; Warning  ; Declared by entity but not connected by instance. If a default value exists, it will be used.  Otherwise, the port will be connected to GND. ;
; adjpllin          ; Input  ; Warning  ; Declared by entity but not connected by instance. If a default value exists, it will be used.  Otherwise, the port will be connected to GND. ;
; cclk              ; Input  ; Warning  ; Declared by entity but not connected by instance. If a default value exists, it will be used.  Otherwise, the port will be connected to GND. ;
; phase_done        ; Output ; Warning  ; Declared by entity but not connected by instance. Logic that only feeds a dangling port will be removed.                                     ;
; reconfig_from_pll ; Output ; Warning  ; Declared by entity but not connected by instance. Logic that only feeds a dangling port will be removed.                                     ;
; activeclk         ; Output ; Warning  ; Declared by entity but not connected by instance. Logic that only feeds a dangling port will be removed.                                     ;
; clkbad            ; Output ; Warning  ; Declared by entity but not connected by instance. Logic that only feeds a dangling port will be removed.                                     ;
; phout             ; Output ; Warning  ; Declared by entity but not connected by instance. Logic that only feeds a dangling port will be removed.                                     ;
; lvds_clk          ; Output ; Warning  ; Declared by entity but not connected by instance. Logic that only feeds a dangling port will be removed.                                     ;
; loaden            ; Output ; Warning  ; Declared by entity but not connected by instance. Logic that only feeds a dangling port will be removed.                                     ;
; extclk_out        ; Output ; Warning  ; Declared by entity but not connected by instance. Logic that only feeds a dangling port will be removed.                                     ;
; cascade_out       ; Output ; Warning  ; Declared by entity but not connected by instance. Logic that only feeds a dangling port will be removed.                                     ;
; zdbfbclk          ; Bidir  ; Warning  ; Declared by entity but not connected by instance. Logic that only feeds a dangling port will be removed.                                     ;
+-------------------+--------+----------+----------------------------------------------------------------------------------------------------------------------------------------------+


+------------------------------------------------------------------------------------------+
; Port Connectivity Checks: "sdram:sdram_controller|sdram_sys_sdram_pll_0:sys_sdram_pll_0" ;
+--------------------+--------+----------+-------------------------------------------------+
; Port               ; Type   ; Severity ; Details                                         ;
+--------------------+--------+----------+-------------------------------------------------+
; sdram_clk_clk      ; Output ; Info     ; Explicitly unconnected                          ;
; reset_source_reset ; Output ; Info     ; Explicitly unconnected                          ;
+--------------------+--------+----------+-------------------------------------------------+


+------------------------------------------------------------------------------------------------------------------------------------------------------------------------------------------------------------+
; Port Connectivity Checks: "sdram:sdram_controller|sdram_new_sdram_controller_0:new_sdram_controller_0|sdram_new_sdram_controller_0_input_efifo_module:the_sdram_new_sdram_controller_0_input_efifo_module" ;
+--------------+--------+----------+-------------------------------------------------------------------------------------------------------------------------------------------------------------------------+
; Port         ; Type   ; Severity ; Details                                                                                                                                                                 ;
+--------------+--------+----------+-------------------------------------------------------------------------------------------------------------------------------------------------------------------------+
; almost_empty ; Output ; Info     ; Connected to dangling logic. Logic that only feeds a dangling port will be removed.                                                                                     ;
; almost_full  ; Output ; Info     ; Connected to dangling logic. Logic that only feeds a dangling port will be removed.                                                                                     ;
+--------------+--------+----------+-------------------------------------------------------------------------------------------------------------------------------------------------------------------------+


+-----------------------------------------------------+
; Post-Synthesis Netlist Statistics for Top Partition ;
+-----------------------+-----------------------------+
; Type                  ; Count                       ;
+-----------------------+-----------------------------+
; arriav_ff             ; 164                         ;
;     CLR               ; 95                          ;
;     CLR SCLR          ; 1                           ;
;     CLR SLD           ; 26                          ;
;     ENA               ; 12                          ;
;     ENA CLR           ; 29                          ;
;     plain             ; 1                           ;
; arriav_io_obuf        ; 16                          ;
; arriav_lcell_comb     ; 222                         ;
;     arith             ; 39                          ;
;         1 data inputs ; 38                          ;
;         2 data inputs ; 1                           ;
;     extend            ; 1                           ;
;         7 data inputs ; 1                           ;
;     normal            ; 182                         ;
;         0 data inputs ; 2                           ;
;         1 data inputs ; 10                          ;
;         2 data inputs ; 19                          ;
;         3 data inputs ; 28                          ;
;         4 data inputs ; 39                          ;
;         5 data inputs ; 50                          ;
;         6 data inputs ; 34                          ;
; boundary_port         ; 54                          ;
; generic_pll           ; 1                           ;
;                       ;                             ;
; Max LUT depth         ; 4.00                        ;
; Average LUT depth     ; 2.03                        ;
+-----------------------+-----------------------------+


+-------------------------------+
; Elapsed Time Per Partition    ;
+----------------+--------------+
; Partition Name ; Elapsed Time ;
+----------------+--------------+
; Top            ; 00:00:00     ;
+----------------+--------------+


+-------------------------------+
; Analysis & Synthesis Messages ;
+-------------------------------+
Info: *******************************************************************
Info: Running Quartus Prime Analysis & Synthesis
    Info: Version 18.1.0 Build 625 09/12/2018 SJ Lite Edition
    Info: Processing started: Sun Jun 15 20:59:23 2025
Info: Command: quartus_map --read_settings_files=on --write_settings_files=off systolicArray -c systolicArray
Warning (18236): Number of processors has not been specified which may cause overloading on shared machines.  Set the global assignment NUM_PARALLEL_PROCESSORS in your QSF to an appropriate value for best performance.
Info (20030): Parallel compilation is enabled and will use 12 of the 12 processors detected
Info (12021): Found 1 design units, including 1 entities, in source file sdram/synthesis/sdram.v
    Info (12023): Found entity 1: sdram File: C:/Users/ricar/OneDrive/Escritorio/ArregloSist-licoNPU/sdram/synthesis/sdram.v Line: 6
Info (12021): Found 1 design units, including 1 entities, in source file sdram/synthesis/submodules/altera_reset_controller.v
    Info (12023): Found entity 1: altera_reset_controller File: C:/Users/ricar/OneDrive/Escritorio/ArregloSist-licoNPU/sdram/synthesis/submodules/altera_reset_controller.v Line: 42
Info (12021): Found 1 design units, including 1 entities, in source file sdram/synthesis/submodules/altera_reset_synchronizer.v
    Info (12023): Found entity 1: altera_reset_synchronizer File: C:/Users/ricar/OneDrive/Escritorio/ArregloSist-licoNPU/sdram/synthesis/submodules/altera_reset_synchronizer.v Line: 24
Info (12021): Found 1 design units, including 1 entities, in source file sdram/synthesis/submodules/sdram_sys_sdram_pll_0.v
    Info (12023): Found entity 1: sdram_sys_sdram_pll_0 File: C:/Users/ricar/OneDrive/Escritorio/ArregloSist-licoNPU/sdram/synthesis/submodules/sdram_sys_sdram_pll_0.v Line: 9
Info (12021): Found 1 design units, including 1 entities, in source file sdram/synthesis/submodules/altera_up_avalon_reset_from_locked_signal.v
    Info (12023): Found entity 1: altera_up_avalon_reset_from_locked_signal File: C:/Users/ricar/OneDrive/Escritorio/ArregloSist-licoNPU/sdram/synthesis/submodules/altera_up_avalon_reset_from_locked_signal.v Line: 28
Info (12021): Found 1 design units, including 1 entities, in source file sdram/synthesis/submodules/sdram_sys_sdram_pll_0_sys_pll.v
    Info (12023): Found entity 1: sdram_sys_sdram_pll_0_sys_pll File: C:/Users/ricar/OneDrive/Escritorio/ArregloSist-licoNPU/sdram/synthesis/submodules/sdram_sys_sdram_pll_0_sys_pll.v Line: 2
Info (12021): Found 2 design units, including 2 entities, in source file sdram/synthesis/submodules/sdram_new_sdram_controller_0.v
    Info (12023): Found entity 1: sdram_new_sdram_controller_0_input_efifo_module File: C:/Users/ricar/OneDrive/Escritorio/ArregloSist-licoNPU/sdram/synthesis/submodules/sdram_new_sdram_controller_0.v Line: 21
    Info (12023): Found entity 2: sdram_new_sdram_controller_0 File: C:/Users/ricar/OneDrive/Escritorio/ArregloSist-licoNPU/sdram/synthesis/submodules/sdram_new_sdram_controller_0.v Line: 159
Info (12021): Found 1 design units, including 1 entities, in source file systolicarraytestbench.sv
    Info (12023): Found entity 1: systolicArrayTestbench File: C:/Users/ricar/OneDrive/Escritorio/ArregloSist-licoNPU/systolicArrayTestbench.sv Line: 1
Info (12021): Found 1 design units, including 1 entities, in source file systolicarray.sv
    Info (12023): Found entity 1: systolicArray File: C:/Users/ricar/OneDrive/Escritorio/ArregloSist-licoNPU/systolicArray.sv Line: 1
Info (12021): Found 1 design units, including 1 entities, in source file sdramtestbench.sv
    Info (12023): Found entity 1: sdramTestbench File: C:/Users/ricar/OneDrive/Escritorio/ArregloSist-licoNPU/sdramTestbench.sv Line: 1
Info (12021): Found 1 design units, including 1 entities, in source file petestbench.sv
    Info (12023): Found entity 1: peTestbench File: C:/Users/ricar/OneDrive/Escritorio/ArregloSist-licoNPU/peTestbench.sv Line: 3
Info (12021): Found 1 design units, including 1 entities, in source file pe.sv
    Info (12023): Found entity 1: pe File: C:/Users/ricar/OneDrive/Escritorio/ArregloSist-licoNPU/pe.sv Line: 1
Info (12021): Found 1 design units, including 1 entities, in source file sdraminterface.sv
    Info (12023): Found entity 1: sdramInterface File: C:/Users/ricar/OneDrive/Escritorio/ArregloSist-licoNPU/sdramInterface.sv Line: 1
Warning (10037): Verilog HDL or VHDL warning at sdram_new_sdram_controller_0.v(318): conditional expression evaluates to a constant File: C:/Users/ricar/OneDrive/Escritorio/ArregloSist-licoNPU/sdram/synthesis/submodules/sdram_new_sdram_controller_0.v Line: 318
Warning (10037): Verilog HDL or VHDL warning at sdram_new_sdram_controller_0.v(328): conditional expression evaluates to a constant File: C:/Users/ricar/OneDrive/Escritorio/ArregloSist-licoNPU/sdram/synthesis/submodules/sdram_new_sdram_controller_0.v Line: 328
Warning (10037): Verilog HDL or VHDL warning at sdram_new_sdram_controller_0.v(338): conditional expression evaluates to a constant File: C:/Users/ricar/OneDrive/Escritorio/ArregloSist-licoNPU/sdram/synthesis/submodules/sdram_new_sdram_controller_0.v Line: 338
Warning (10037): Verilog HDL or VHDL warning at sdram_new_sdram_controller_0.v(682): conditional expression evaluates to a constant File: C:/Users/ricar/OneDrive/Escritorio/ArregloSist-licoNPU/sdram/synthesis/submodules/sdram_new_sdram_controller_0.v Line: 682
Info (12127): Elaborating entity "sdramTestbench" for the top level hierarchy
Warning (10230): Verilog HDL assignment warning at sdramTestbench.sv(117): truncated value with size 32 to match size of target (26) File: C:/Users/ricar/OneDrive/Escritorio/ArregloSist-licoNPU/sdramTestbench.sv Line: 117
Info (12128): Elaborating entity "sdram" for hierarchy "sdram:sdram_controller" File: C:/Users/ricar/OneDrive/Escritorio/ArregloSist-licoNPU/sdramTestbench.sv Line: 86
Info (12128): Elaborating entity "sdram_new_sdram_controller_0" for hierarchy "sdram:sdram_controller|sdram_new_sdram_controller_0:new_sdram_controller_0" File: C:/Users/ricar/OneDrive/Escritorio/ArregloSist-licoNPU/sdram/synthesis/sdram.v Line: 53
Info (12128): Elaborating entity "sdram_new_sdram_controller_0_input_efifo_module" for hierarchy "sdram:sdram_controller|sdram_new_sdram_controller_0:new_sdram_controller_0|sdram_new_sdram_controller_0_input_efifo_module:the_sdram_new_sdram_controller_0_input_efifo_module" File: C:/Users/ricar/OneDrive/Escritorio/ArregloSist-licoNPU/sdram/synthesis/submodules/sdram_new_sdram_controller_0.v Line: 298
Info (12128): Elaborating entity "sdram_sys_sdram_pll_0" for hierarchy "sdram:sdram_controller|sdram_sys_sdram_pll_0:sys_sdram_pll_0" File: C:/Users/ricar/OneDrive/Escritorio/ArregloSist-licoNPU/sdram/synthesis/sdram.v Line: 61
Info (12128): Elaborating entity "sdram_sys_sdram_pll_0_sys_pll" for hierarchy "sdram:sdram_controller|sdram_sys_sdram_pll_0:sys_sdram_pll_0|sdram_sys_sdram_pll_0_sys_pll:sys_pll" File: C:/Users/ricar/OneDrive/Escritorio/ArregloSist-licoNPU/sdram/synthesis/submodules/sdram_sys_sdram_pll_0.v Line: 25
Info (12128): Elaborating entity "altera_pll" for hierarchy "sdram:sdram_controller|sdram_sys_sdram_pll_0:sys_sdram_pll_0|sdram_sys_sdram_pll_0_sys_pll:sys_pll|altera_pll:altera_pll_i" File: C:/Users/ricar/OneDrive/Escritorio/ArregloSist-licoNPU/sdram/synthesis/submodules/sdram_sys_sdram_pll_0_sys_pll.v Line: 88
Info (10008): Verilog HDL or VHDL information: EDA Netlist Writer cannot regroup multidimensional array "wire_to_nowhere_64" into its bus
Info (12130): Elaborated megafunction instantiation "sdram:sdram_controller|sdram_sys_sdram_pll_0:sys_sdram_pll_0|sdram_sys_sdram_pll_0_sys_pll:sys_pll|altera_pll:altera_pll_i" File: C:/Users/ricar/OneDrive/Escritorio/ArregloSist-licoNPU/sdram/synthesis/submodules/sdram_sys_sdram_pll_0_sys_pll.v Line: 88
Info (12133): Instantiated megafunction "sdram:sdram_controller|sdram_sys_sdram_pll_0:sys_sdram_pll_0|sdram_sys_sdram_pll_0_sys_pll:sys_pll|altera_pll:altera_pll_i" with the following parameter: File: C:/Users/ricar/OneDrive/Escritorio/ArregloSist-licoNPU/sdram/synthesis/submodules/sdram_sys_sdram_pll_0_sys_pll.v Line: 88
    Info (12134): Parameter "fractional_vco_multiplier" = "false"
    Info (12134): Parameter "reference_clock_frequency" = "50.0 MHz"
    Info (12134): Parameter "operation_mode" = "direct"
    Info (12134): Parameter "number_of_clocks" = "2"
    Info (12134): Parameter "output_clock_frequency0" = "143.000000 MHz"
    Info (12134): Parameter "phase_shift0" = "0 ps"
    Info (12134): Parameter "duty_cycle0" = "50"
    Info (12134): Parameter "output_clock_frequency1" = "143.000000 MHz"
    Info (12134): Parameter "phase_shift1" = "-2972 ps"
    Info (12134): Parameter "duty_cycle1" = "50"
    Info (12134): Parameter "output_clock_frequency2" = "0 MHz"
    Info (12134): Parameter "phase_shift2" = "0 ps"
    Info (12134): Parameter "duty_cycle2" = "50"
    Info (12134): Parameter "output_clock_frequency3" = "0 MHz"
    Info (12134): Parameter "phase_shift3" = "0 ps"
    Info (12134): Parameter "duty_cycle3" = "50"
    Info (12134): Parameter "output_clock_frequency4" = "0 MHz"
    Info (12134): Parameter "phase_shift4" = "0 ps"
    Info (12134): Parameter "duty_cycle4" = "50"
    Info (12134): Parameter "output_clock_frequency5" = "0 MHz"
    Info (12134): Parameter "phase_shift5" = "0 ps"
    Info (12134): Parameter "duty_cycle5" = "50"
    Info (12134): Parameter "output_clock_frequency6" = "0 MHz"
    Info (12134): Parameter "phase_shift6" = "0 ps"
    Info (12134): Parameter "duty_cycle6" = "50"
    Info (12134): Parameter "output_clock_frequency7" = "0 MHz"
    Info (12134): Parameter "phase_shift7" = "0 ps"
    Info (12134): Parameter "duty_cycle7" = "50"
    Info (12134): Parameter "output_clock_frequency8" = "0 MHz"
    Info (12134): Parameter "phase_shift8" = "0 ps"
    Info (12134): Parameter "duty_cycle8" = "50"
    Info (12134): Parameter "output_clock_frequency9" = "0 MHz"
    Info (12134): Parameter "phase_shift9" = "0 ps"
    Info (12134): Parameter "duty_cycle9" = "50"
    Info (12134): Parameter "output_clock_frequency10" = "0 MHz"
    Info (12134): Parameter "phase_shift10" = "0 ps"
    Info (12134): Parameter "duty_cycle10" = "50"
    Info (12134): Parameter "output_clock_frequency11" = "0 MHz"
    Info (12134): Parameter "phase_shift11" = "0 ps"
    Info (12134): Parameter "duty_cycle11" = "50"
    Info (12134): Parameter "output_clock_frequency12" = "0 MHz"
    Info (12134): Parameter "phase_shift12" = "0 ps"
    Info (12134): Parameter "duty_cycle12" = "50"
    Info (12134): Parameter "output_clock_frequency13" = "0 MHz"
    Info (12134): Parameter "phase_shift13" = "0 ps"
    Info (12134): Parameter "duty_cycle13" = "50"
    Info (12134): Parameter "output_clock_frequency14" = "0 MHz"
    Info (12134): Parameter "phase_shift14" = "0 ps"
    Info (12134): Parameter "duty_cycle14" = "50"
    Info (12134): Parameter "output_clock_frequency15" = "0 MHz"
    Info (12134): Parameter "phase_shift15" = "0 ps"
    Info (12134): Parameter "duty_cycle15" = "50"
    Info (12134): Parameter "output_clock_frequency16" = "0 MHz"
    Info (12134): Parameter "phase_shift16" = "0 ps"
    Info (12134): Parameter "duty_cycle16" = "50"
    Info (12134): Parameter "output_clock_frequency17" = "0 MHz"
    Info (12134): Parameter "phase_shift17" = "0 ps"
    Info (12134): Parameter "duty_cycle17" = "50"
    Info (12134): Parameter "pll_type" = "General"
    Info (12134): Parameter "pll_subtype" = "General"
Info (12128): Elaborating entity "altera_up_avalon_reset_from_locked_signal" for hierarchy "sdram:sdram_controller|sdram_sys_sdram_pll_0:sys_sdram_pll_0|altera_up_avalon_reset_from_locked_signal:reset_from_locked" File: C:/Users/ricar/OneDrive/Escritorio/ArregloSist-licoNPU/sdram/synthesis/submodules/sdram_sys_sdram_pll_0.v Line: 30
Info (12128): Elaborating entity "altera_reset_controller" for hierarchy "sdram:sdram_controller|altera_reset_controller:rst_controller" File: C:/Users/ricar/OneDrive/Escritorio/ArregloSist-licoNPU/sdram/synthesis/sdram.v Line: 124
Info (12128): Elaborating entity "altera_reset_synchronizer" for hierarchy "sdram:sdram_controller|altera_reset_controller:rst_controller|altera_reset_synchronizer:alt_rst_sync_uq1" File: C:/Users/ricar/OneDrive/Escritorio/ArregloSist-licoNPU/sdram/synthesis/submodules/altera_reset_controller.v Line: 208
Info (12128): Elaborating entity "altera_reset_synchronizer" for hierarchy "sdram:sdram_controller|altera_reset_controller:rst_controller|altera_reset_synchronizer:alt_rst_req_sync_uq1" File: C:/Users/ricar/OneDrive/Escritorio/ArregloSist-licoNPU/sdram/synthesis/submodules/altera_reset_controller.v Line: 220
Info (12128): Elaborating entity "sdramInterface" for hierarchy "sdramInterface:sdramIf" File: C:/Users/ricar/OneDrive/Escritorio/ArregloSist-licoNPU/sdramTestbench.sv Line: 108
Info (10264): Verilog HDL Case Statement information at sdramInterface.sv(126): all case item expressions in this case statement are onehot File: C:/Users/ricar/OneDrive/Escritorio/ArregloSist-licoNPU/sdramInterface.sv Line: 126
Warning (14284): Synthesized away the following node(s):
    Warning (14285): Synthesized away the following PLL node(s):
        Warning (14320): Synthesized away node "sdram:sdram_controller|sdram_sys_sdram_pll_0:sys_sdram_pll_0|sdram_sys_sdram_pll_0_sys_pll:sys_pll|altera_pll:altera_pll_i|outclk_wire[1]" File: c:/intelfpga_lite/18.1/quartus/libraries/megafunctions/altera_pll.v Line: 748
Warning (12241): 1 hierarchies have connectivity warnings - see the Connectivity Checks report folder
Warning (13024): Output pins are stuck at VCC or GND
    Warning (13410): Pin "wire_ba[0]" is stuck at GND File: C:/Users/ricar/OneDrive/Escritorio/ArregloSist-licoNPU/sdramTestbench.sv Line: 7
    Warning (13410): Pin "wire_ba[1]" is stuck at GND File: C:/Users/ricar/OneDrive/Escritorio/ArregloSist-licoNPU/sdramTestbench.sv Line: 7
    Warning (13410): Pin "wire_cke" is stuck at VCC File: C:/Users/ricar/OneDrive/Escritorio/ArregloSist-licoNPU/sdramTestbench.sv Line: 9
    Warning (13410): Pin "wire_dqm[0]" is stuck at GND File: C:/Users/ricar/OneDrive/Escritorio/ArregloSist-licoNPU/sdramTestbench.sv Line: 12
    Warning (13410): Pin "wire_dqm[1]" is stuck at GND File: C:/Users/ricar/OneDrive/Escritorio/ArregloSist-licoNPU/sdramTestbench.sv Line: 12
Info (286030): Timing-Driven Synthesis is running
Info (17049): 18 registers lost all their fanouts during netlist optimizations.
Info (16010): Generating hard_block partition "hard_block:auto_generated_inst"
    Info (16011): Adding 5 node(s), including 0 DDIO, 1 PLL, 0 transceiver and 0 LCELL
Info (21057): Implemented 324 device resources after synthesis - the final resource count might be different
    Info (21058): Implemented 2 input pins
    Info (21059): Implemented 36 output pins
    Info (21060): Implemented 16 bidirectional pins
    Info (21061): Implemented 269 logic cells
    Info (21065): Implemented 1 PLLs
Info: Quartus Prime Analysis & Synthesis was successful. 0 errors, 16 warnings
    Info: Peak virtual memory: 4897 megabytes
    Info: Processing ended: Sun Jun 15 20:59:32 2025
    Info: Elapsed time: 00:00:09
    Info: Total CPU time (on all processors): 00:00:16
=======
+---------------------------------+
; Analysis & Elaboration Messages ;
+---------------------------------+
Info: *******************************************************************
Info: Running Quartus Prime Analysis & Elaboration
    Info: Version 22.1std.2 Build 922 07/20/2023 SC Lite Edition
    Info: Processing started: Sun Jun 15 23:27:34 2025
Info: Command: quartus_map --read_settings_files=on --write_settings_files=off systolicArray -c systolicArray --analysis_and_elaboration
Warning (18236): Number of processors has not been specified which may cause overloading on shared machines.  Set the global assignment NUM_PARALLEL_PROCESSORS in your QSF to an appropriate value for best performance.
Info (20030): Parallel compilation is enabled and will use 6 of the 6 processors detected
Info (12021): Found 1 design units, including 1 entities, in source file sdram/synthesis/sdram.v
    Info (12023): Found entity 1: sdram File: C:/Users/nicva/ArregloSist-licoNPU/sdram/synthesis/sdram.v Line: 6
Info (12021): Found 1 design units, including 1 entities, in source file sdram/synthesis/submodules/altera_reset_controller.v
    Info (12023): Found entity 1: altera_reset_controller File: C:/Users/nicva/ArregloSist-licoNPU/sdram/synthesis/submodules/altera_reset_controller.v Line: 42
Info (12021): Found 1 design units, including 1 entities, in source file sdram/synthesis/submodules/altera_reset_synchronizer.v
    Info (12023): Found entity 1: altera_reset_synchronizer File: C:/Users/nicva/ArregloSist-licoNPU/sdram/synthesis/submodules/altera_reset_synchronizer.v Line: 24
Info (12021): Found 1 design units, including 1 entities, in source file sdram/synthesis/submodules/sdram_sys_sdram_pll_0.v
    Info (12023): Found entity 1: sdram_sys_sdram_pll_0 File: C:/Users/nicva/ArregloSist-licoNPU/sdram/synthesis/submodules/sdram_sys_sdram_pll_0.v Line: 9
Info (12021): Found 1 design units, including 1 entities, in source file sdram/synthesis/submodules/altera_up_avalon_reset_from_locked_signal.v
    Info (12023): Found entity 1: altera_up_avalon_reset_from_locked_signal File: C:/Users/nicva/ArregloSist-licoNPU/sdram/synthesis/submodules/altera_up_avalon_reset_from_locked_signal.v Line: 28
Info (12021): Found 1 design units, including 1 entities, in source file sdram/synthesis/submodules/sdram_sys_sdram_pll_0_sys_pll.v
    Info (12023): Found entity 1: sdram_sys_sdram_pll_0_sys_pll File: C:/Users/nicva/ArregloSist-licoNPU/sdram/synthesis/submodules/sdram_sys_sdram_pll_0_sys_pll.v Line: 2
Info (12021): Found 2 design units, including 2 entities, in source file sdram/synthesis/submodules/sdram_new_sdram_controller_0.v
    Info (12023): Found entity 1: sdram_new_sdram_controller_0_input_efifo_module File: C:/Users/nicva/ArregloSist-licoNPU/sdram/synthesis/submodules/sdram_new_sdram_controller_0.v Line: 21
    Info (12023): Found entity 2: sdram_new_sdram_controller_0 File: C:/Users/nicva/ArregloSist-licoNPU/sdram/synthesis/submodules/sdram_new_sdram_controller_0.v Line: 159
Info (12021): Found 1 design units, including 1 entities, in source file petestbench.sv
    Info (12023): Found entity 1: peTestbench File: C:/Users/nicva/ArregloSist-licoNPU/peTestbench.sv Line: 3
Info (12021): Found 1 design units, including 1 entities, in source file systolicarray.sv
    Info (12023): Found entity 1: systolicArray File: C:/Users/nicva/ArregloSist-licoNPU/systolicArray.sv Line: 1
Info (12021): Found 1 design units, including 1 entities, in source file pe.sv
    Info (12023): Found entity 1: pe File: C:/Users/nicva/ArregloSist-licoNPU/pe.sv Line: 1
Info (12021): Found 1 design units, including 1 entities, in source file systolicarraytestbench.sv
    Info (12023): Found entity 1: systolicArrayTestbench File: C:/Users/nicva/ArregloSist-licoNPU/systolicArrayTestbench.sv Line: 1
Info (12021): Found 1 design units, including 1 entities, in source file sdramtestbench.sv
    Info (12023): Found entity 1: sdramTestbench File: C:/Users/nicva/ArregloSist-licoNPU/sdramTestbench.sv Line: 1
Info (12021): Found 1 design units, including 1 entities, in source file matrix_random_generator.sv
    Info (12023): Found entity 1: matrix_random_generator File: C:/Users/nicva/ArregloSist-licoNPU/matrix_random_generator.sv Line: 1
Info (12021): Found 1 design units, including 1 entities, in source file matrix_random_generator_tb.sv
    Info (12023): Found entity 1: matrix_random_generator_tb File: C:/Users/nicva/ArregloSist-licoNPU/matrix_random_generator_tb.sv Line: 1
Info (12021): Found 1 design units, including 1 entities, in source file matrix_defined.sv
    Info (12023): Found entity 1: matrix_defined File: C:/Users/nicva/ArregloSist-licoNPU/matrix_defined.sv Line: 1
Info (12021): Found 1 design units, including 1 entities, in source file menu.sv
    Info (12023): Found entity 1: menu File: C:/Users/nicva/ArregloSist-licoNPU/menu.sv Line: 3
Info (12021): Found 1 design units, including 1 entities, in source file menu_tb.sv
    Info (12023): Found entity 1: menu_tb File: C:/Users/nicva/ArregloSist-licoNPU/menu_tb.sv Line: 3
Info (12021): Found 1 design units, including 1 entities, in source file systoliccontroller.sv
    Info (12023): Found entity 1: systolicController File: C:/Users/nicva/ArregloSist-licoNPU/systolicController.sv Line: 4
Info (12021): Found 1 design units, including 1 entities, in source file systoliccontroller_tb.sv
    Info (12023): Found entity 1: systolicController_tb File: C:/Users/nicva/ArregloSist-licoNPU/systolicController_tb.sv Line: 3
Warning (10037): Verilog HDL or VHDL warning at sdram_new_sdram_controller_0.v(318): conditional expression evaluates to a constant File: C:/Users/nicva/ArregloSist-licoNPU/sdram/synthesis/submodules/sdram_new_sdram_controller_0.v Line: 318
Warning (10037): Verilog HDL or VHDL warning at sdram_new_sdram_controller_0.v(328): conditional expression evaluates to a constant File: C:/Users/nicva/ArregloSist-licoNPU/sdram/synthesis/submodules/sdram_new_sdram_controller_0.v Line: 328
Warning (10037): Verilog HDL or VHDL warning at sdram_new_sdram_controller_0.v(338): conditional expression evaluates to a constant File: C:/Users/nicva/ArregloSist-licoNPU/sdram/synthesis/submodules/sdram_new_sdram_controller_0.v Line: 338
Warning (10037): Verilog HDL or VHDL warning at sdram_new_sdram_controller_0.v(682): conditional expression evaluates to a constant File: C:/Users/nicva/ArregloSist-licoNPU/sdram/synthesis/submodules/sdram_new_sdram_controller_0.v Line: 682
Info (12127): Elaborating entity "systolicController" for the top level hierarchy
Warning (10230): Verilog HDL assignment warning at systolicController.sv(60): truncated value with size 32 to match size of target (3) File: C:/Users/nicva/ArregloSist-licoNPU/systolicController.sv Line: 60
Warning (10230): Verilog HDL assignment warning at systolicController.sv(62): truncated value with size 32 to match size of target (3) File: C:/Users/nicva/ArregloSist-licoNPU/systolicController.sv Line: 62
Warning (10230): Verilog HDL assignment warning at systolicController.sv(65): truncated value with size 32 to match size of target (6) File: C:/Users/nicva/ArregloSist-licoNPU/systolicController.sv Line: 65
Warning (10230): Verilog HDL assignment warning at systolicController.sv(69): truncated value with size 32 to match size of target (3) File: C:/Users/nicva/ArregloSist-licoNPU/systolicController.sv Line: 69
Warning (10230): Verilog HDL assignment warning at systolicController.sv(71): truncated value with size 32 to match size of target (3) File: C:/Users/nicva/ArregloSist-licoNPU/systolicController.sv Line: 71
Info (10264): Verilog HDL Case Statement information at systolicController.sv(56): all case item expressions in this case statement are onehot File: C:/Users/nicva/ArregloSist-licoNPU/systolicController.sv Line: 56
Warning (10230): Verilog HDL assignment warning at systolicController.sv(101): truncated value with size 32 to match size of target (10) File: C:/Users/nicva/ArregloSist-licoNPU/systolicController.sv Line: 101
Warning (10230): Verilog HDL assignment warning at systolicController.sv(110): truncated value with size 32 to match size of target (10) File: C:/Users/nicva/ArregloSist-licoNPU/systolicController.sv Line: 110
Warning (10230): Verilog HDL assignment warning at systolicController.sv(134): truncated value with size 32 to match size of target (10) File: C:/Users/nicva/ArregloSist-licoNPU/systolicController.sv Line: 134
Warning (20013): Ignored 35 assignments for entity "altera_reset_controller" -- entity does not exist in design
Warning (20013): Ignored 19 assignments for entity "sdram" -- entity does not exist in design
Warning (20013): Ignored 34 assignments for entity "sdram_new_sdram_controller_0" -- entity does not exist in design
Warning (20013): Ignored 317 assignments for entity "sdram_sys_sdram_pll_0_sys_pll" -- entity does not exist in design
Info (144001): Generated suppressed messages file C:/Users/nicva/ArregloSist-licoNPU/output_files/systolicArray.map.smsg
Info: Quartus Prime Analysis & Elaboration was successful. 0 errors, 17 warnings
    Info: Peak virtual memory: 4792 megabytes
    Info: Processing ended: Sun Jun 15 23:27:40 2025
    Info: Elapsed time: 00:00:06
    Info: Total CPU time (on all processors): 00:00:14


+--------------------------------------------+
; Analysis & Elaboration Suppressed Messages ;
+--------------------------------------------+
The suppressed messages can be found in C:/Users/nicva/ArregloSist-licoNPU/output_files/systolicArray.map.smsg.
>>>>>>> Stashed changes


